# FoxGirl fixture, cloth-fit garment-data, Blender (x,y,z) -> Godot (x,z,-y)
# scale 0.283917636 (avatar height 5.987652 -> 1.700 m), then y += -0.281784847 (feet on y=0)
# written by tools/fixtures/foxgirl_convert.py; see CITATION.cff
v 0.0330588 1.114235 0.06836424
v 0.01541048 1.113131 0.07601128
v 0.04152267 1.115397 0.06160388
v 0.03973257 1.095375 0.05759241
v 0.03188764 1.093822 0.06413841
v 0.01543802 1.129939 0.08306777
v 0.03614073 1.129848 0.07772785
v 0.05389126 1.14286 0.0854169
v 0.03924934 1.143885 0.09509367
v 0.04634075 1.130342 0.06989711
v 0.05538949 1.131302 0.05963917
v 0.06566561 1.145639 0.07173293
v 0.07644851 1.163015 0.0831413
v 0.08098722 1.16523 0.04191561
v 0.07563254 1.148379 0.03792685
v 0.0783289 1.166116 0.003238648
v 0.0760868 1.148797 0.002460998
v 0.0689812 1.132911 0.03339439
v 0.07301254 1.133377 1.220846e-05
v 0.04930258 1.116555 0.05307414
v 0.06383235 1.117046 0.03008931
v 0.04761327 1.096295 0.04928356
v 0.06867854 1.114332 -0.001400282
v 0.06033136 1.095511 0.02571385
v 0.06351777 1.092641 -0.003120255
v 0.049779 1.062324 0.0447369
v 0.05916276 1.067057 0.02268701
v 0.06687992 1.054153 0.02400751
v 0.06532973 1.061395 -0.003602915
v 0.06065077 1.070728 -0.00392942
v 0.04835827 1.092956 -0.02550574
v 0.04657442 1.07202 -0.02626863
v 0.04835174 1.062361 -0.02758175
v 0.02278837 1.062758 -0.04078676
v 0.02392176 1.094074 -0.0354139
v 0.02240422 1.072712 -0.03859548
v 7.183116e-05 1.094727 -0.03848646
v 8.120044e-05 1.07332 -0.04291301
v 8.716271e-05 1.06344 -0.04573175
v -0.02263505 1.062758 -0.04088215
v 8.971797e-05 1.059365 -0.04693925
v -0.02225999 1.072712 -0.03868946
v -0.02379088 1.094074 -0.03551412
v -0.04648158 1.07202 -0.02646396
v -0.06065162 1.070728 -0.004184094
v -0.04825351 1.062361 -0.02778446
v -0.04826855 1.092956 -0.02570874
v -0.065332 1.061395 -0.003877179
v -0.07552465 1.046172 0.02126713
v -0.06965635 1.056186 -0.006517613
v -0.05927547 1.067057 0.02243858
v -0.06699803 1.054153 0.02372643
v -0.06078109 1.040255 0.04444191
v -0.04998455 1.062324 0.04452737
v -0.06045657 1.095511 0.02546031
v -0.03999207 1.095375 0.05742518
v -0.04783757 1.096295 0.04908311
v -0.04291955 1.059692 0.05211819
v -0.03217468 1.093822 0.06400384
v -0.05418057 1.032552 0.05063699
v -0.03507433 1.05599 0.05773181
v -0.04508016 1.026241 0.05560271
v -0.015984 1.092152 0.07189987
v -0.0175975 1.047566 0.06407254
v -0.02239741 1.019217 0.06118084
v -0.000165524 1.091283 0.07453548
v -0.0001470693 1.043858 0.06579876
v 0.02212258 1.019217 0.06127454
v -0.0001399714 1.018581 0.0624474
v 0.01731017 1.047566 0.0641458
v 0.04482832 1.026241 0.05579152
v 0.03481341 1.05599 0.0578786
v 0.01566402 1.092152 0.07196631
v -0.0001748933 1.112691 0.07906936
v -0.00018625 1.129845 0.08437663
v -0.01574749 1.113131 0.07594598
v -0.01580456 1.129939 0.08300219
v -0.03336345 1.114235 0.06822484
v -0.04179892 1.115397 0.06142899
v -0.03648484 1.129848 0.0775751
v -0.03966642 1.143885 0.09492786
v -0.05426745 1.14286 0.08518977
v -0.04665193 1.130342 0.06970178
v -0.05565751 1.131302 0.05940607
v -0.06598445 1.145639 0.07145639
v -0.07580885 1.148379 0.03760887
v -0.07681477 1.163015 0.08281963
v -0.08118057 1.16523 0.04157491
v -0.07835985 1.166116 0.002909588
v -0.08091567 1.179417 0.002337778
v -0.08471904 1.180629 0.04348511
v -0.08028595 1.186362 0.08791992
v -0.08451972 1.200373 0.04370089
v -0.08560543 1.195382 -0.0001467854
v -0.08372334 1.235113 0.03851314
v -0.07699165 1.209518 0.08559634
v -0.06744094 1.230556 0.07312526
v -0.05477339 1.250209 0.0692424
v -0.06657244 1.254357 0.05921415
v -0.05416836 1.229128 0.0849473
v -0.04239998 1.24739 0.07603854
v -0.03981576 1.22818 0.09064809
v -0.05891774 1.213189 0.1013171
v -0.04958707 1.188673 0.1136801
v -0.06447826 1.187384 0.1064453
v -0.04551058 1.213555 0.1058669
v -0.02393199 1.19493 0.1153526
v -0.01979303 1.209603 0.1077558
v -0.01594879 1.226528 0.09403636
v -0.0002081116 1.225006 0.09483701
v -0.0002350838 1.206693 0.107682
v -0.0002458727 1.194505 0.1128578
v 0.02096845 1.171927 0.1150028
v 0.01932258 1.209603 0.1078382
v -0.021469 1.171927 0.1149137
v 0.02342945 1.19493 0.1154523
v -0.0002421817 1.172725 0.1111262
v -0.0002200362 1.151656 0.1005403
v 0.01555244 1.148578 0.1015942
v -0.01599706 1.148578 0.1015278
v 0.04909106 1.188673 0.1138873
v 0.04504779 1.213555 0.1060571
v 0.05847369 1.213189 0.1015639
v 0.03941657 1.22818 0.09081446
v 0.01564869 1.243526 0.08132168
v 0.0420624 1.24739 0.07621599
v 0.01553569 1.226528 0.09410251
v 0.05379302 1.229128 0.08517387
v 0.0544642 1.250209 0.06947181
v 0.06711529 1.230556 0.07340776
v 0.07661347 1.209521 0.08591887
v 0.07989811 1.186362 0.08825636
v 0.08431729 1.200373 0.0440555
v 0.08558726 1.195382 0.0002126543
v 0.08354305 1.235113 0.03886463
v 0.08451774 1.180629 0.04384057
v 0.080887 1.179417 0.002677343
v 0.0579422 1.163688 -0.03244526
v 0.06034925 1.17452 -0.03551299
v 0.02749203 1.172691 -0.04495807
v 0.02858767 1.187634 -0.04956464
v 0.06446691 1.190223 -0.0395449
v 0.09414226 1.240897 -0.005313235
v 0.06998967 1.235727 -0.04746677
v 0.02979488 1.224063 -0.05391709
v 0.03090784 1.256458 -0.0583516
v 0.0001095922 1.249269 -0.05639939
v 0.0001050495 1.218373 -0.05433445
v 9.766767e-05 1.186984 -0.05078122
v -0.02839716 1.187634 -0.04968417
v -0.02958592 1.224063 -0.05404202
v -0.06431813 1.190223 -0.03981547
v -0.03068042 1.256458 -0.05848107
v -0.0698074 1.235727 -0.04776034
v -0.1012802 1.277389 -0.01344151
v -0.0732164 1.270805 -0.05603427
v -0.09413715 1.240897 -0.005708448
v -0.08808715 1.27158 0.02851924
v -0.09096778 1.29588 0.02472554
v -0.06660963 1.281062 0.04679814
v -0.05255997 1.295687 0.04163397
v -0.05611888 1.274257 0.0561785
v -0.06348484 1.300264 0.03369847
v -0.08639415 1.311487 0.01147794
v -0.07215511 1.316637 0.0007163242
v -0.05300799 1.311936 0.02050765
v -0.04215524 1.311547 0.02679558
v -0.03948868 1.322265 0.01126926
v -0.05393214 1.324323 -0.004332583
v -0.03791805 1.333505 -0.005728322
v -0.03919029 1.334144 -0.01748819
v -0.05597748 1.327094 -0.02065614
v -0.05745017 1.321674 -0.0401539
v -0.04245676 1.331461 -0.0324816
v -0.0796176 1.322574 -0.02496062
v -0.06858314 1.314093 -0.0501444
v -0.09564248 1.320215 -0.02622576
v -0.07301339 1.297754 -0.05334642
v -0.1070551 1.303549 -0.02026632
v -0.03307669 1.282508 -0.05700328
v -0.03094134 1.303009 -0.05374135
v 9.965509e-05 1.299446 -0.05176585
v -0.0268041 1.320368 -0.04654801
v -0.02211491 1.331185 -0.03932344
v 8.801447e-05 1.321282 -0.04621554
v 0.0222617 1.331185 -0.03923004
v 0.02698154 1.320368 -0.04643501
v 7.608993e-05 1.333851 -0.04045145
v 0.0173698 1.338621 -0.03435886
v 7.012766e-05 1.339621 -0.03768155
v -0.01724317 1.338621 -0.03443154
v -0.01373594 1.342766 -0.02591714
v -0.03190354 1.336997 -0.02847495
v -0.02764364 1.339567 -0.02525078
v -0.0356964 1.33614 -0.02338232
v -0.02948769 1.337735 -0.01541872
v -0.02344251 1.34068 -0.01540594
v -0.01928596 1.340716 -0.003314738
v -0.02445496 1.338755 -0.003399346
v -0.01152195 1.343209 -0.01592097
v 2.498475e-05 1.343462 -0.01609643
v -0.009137321 1.34248 -0.003796547
v 4.51429e-05 1.343269 -0.02576325
v 0.01382679 1.342766 -0.02585922
v 0.01157078 1.343209 -0.01587242
v 0.0192817 1.340716 -0.003233822
v 0.02348907 1.34068 -0.01530714
v 0.009135334 1.34248 -0.003758218
v 0.007353183 1.341946 0.008903657
v -8.517529e-07 1.34286 -0.003866958
v 0.0179135 1.339913 0.006459126
v 0.02060589 1.33503 0.01561348
v 0.02420511 1.337696 0.005572168
v 0.02547593 1.334178 0.01075452
v 0.02979829 1.333797 0.006267766
v 0.03179764 1.323153 0.01754441
v 0.0394231 1.322265 0.01143507
v 0.02357993 1.325251 0.02265691
v 0.04202435 1.311547 0.02697218
v 0.03125678 1.309999 0.03175732
v 0.01602743 1.287615 0.05209321
v 0.01303494 1.30871 0.0387187
v 0.03993131 1.292547 0.04703607
v 0.04341044 1.269269 0.06215184
v 0.05236662 1.295687 0.04185429
v 0.05586449 1.274257 0.05641358
v 0.06639471 1.281062 0.04707723
v 0.06630527 1.254357 0.05949324
v 0.08794888 1.27158 0.0288889
v 0.1013177 1.277389 -0.0130162
v 0.09084513 1.29588 0.02510712
v 0.06332471 1.300264 0.03396478
v 0.08632714 1.311487 0.0118405
v 0.1071213 1.303549 -0.0198166
v 0.07321895 1.297754 -0.05303951
v 0.09573362 1.320215 -0.02582373
v 0.06877536 1.314093 -0.04985594
v 0.07970391 1.322574 -0.02462588
v 0.07213353 1.316637 0.001019264
v 0.05604563 1.327094 -0.02042078
v 0.05290322 1.311936 0.02072996
v 0.05393186 1.324323 -0.004106017
v 0.03924537 1.334144 -0.01732352
v 0.03792401 1.333505 -0.005569044
v 0.02445099 1.338755 -0.003296568
v 0.02953425 1.337735 -0.01529464
v 0.03577618 1.33614 -0.02323213
v 0.02773137 1.339567 -0.02513438
v 0.0320049 1.336997 -0.02834094
v 0.04257487 1.331461 -0.03230301
v 0.05760036 1.321674 -0.03991229
v 0.03114889 1.303009 -0.05361075
v 0.03329786 1.282508 -0.05686388
v 0.0001059013 1.276596 -0.05463881
v 0.07343331 1.270805 -0.05572622
v 0.01705096 1.264496 0.06729132
v -0.0001521799 1.262807 0.06820752
v -0.0001218007 1.286454 0.05375271
v -0.01626394 1.287615 0.05202535
v -0.01735134 1.264496 0.0672192
v -9.454457e-05 1.307722 0.04068142
v 0.009052714 1.324346 0.02907771
v -0.009192685 1.324346 0.02903938
v -7.381859e-05 1.323551 0.03084112
v -0.01321523 1.30871 0.03866362
v -0.03140782 1.309999 0.03162559
v -0.02369293 1.325251 0.02255782
v -0.02068908 1.33503 0.0155266
v -0.03188906 1.323153 0.01741068
v -0.02553868 1.334178 0.01064748
v -0.0298423 1.333797 0.006142558
v -0.024246 1.337696 0.005470525
v -0.01795836 1.339913 0.006383888
v -0.007408263 1.341946 0.00887271
v -2.58365e-05 1.342233 0.008054459
v -0.008560685 1.334953 0.02178074
v -5.96227e-05 1.333687 0.02419404
v 0.008451092 1.334953 0.02181652
v -0.04014652 1.292547 0.0468677
v -0.04368896 1.269269 0.061969
v -0.01600813 1.243526 0.08125524
v -0.0001814234 1.241896 0.08212857
v -0.06021751 1.17452 -0.03576624
v -0.02732083 1.172691 -0.04507306
v -0.05782352 1.163688 -0.03268857
v -0.05559959 1.148587 -0.02986955
v -0.02692391 1.161516 -0.04206155
v -0.02641485 1.148283 -0.03936603
v 9.028581e-05 1.172348 -0.04719052
v 8.517529e-05 1.160934 -0.04486353
v 0.0265622 1.148283 -0.03925474
v 8.120044e-05 1.147837 -0.04290223
v 0.02708234 1.161516 -0.04194798
v 0.05570663 1.148587 -0.02963561
v 0.0538004 1.133516 -0.02736256
v 0.02590663 1.134129 -0.0370521
v 0.05146518 1.114735 -0.02583878
v 0.02525873 1.116135 -0.03513225
v 7.012766e-05 1.116927 -0.03761767
v 7.523817e-05 1.133899 -0.04012324
v -0.02576865 1.134129 -0.03716056
v -0.02512898 1.116135 -0.03523815
v -0.05137404 1.114735 -0.02605455
v -0.07302986 1.133377 -0.0002944226
v -0.05370302 1.133516 -0.02758828
v -0.06352203 1.092641 -0.003387137
v -0.0686899 1.114332 -0.001688742
v -0.06397601 1.117046 0.029821
v -0.04954306 1.116555 0.0528666
v -0.06913877 1.132911 0.03310451
v -0.07611463 1.148797 0.002141307
v 0.06308366 1.161596 0.1008947
v 0.06401264 1.187381 0.106715
v 0.04807492 1.164602 0.1109769
v -0.04855843 1.164602 0.1107742
v -0.06352458 1.161596 0.1006286
v 0.04268247 1.059692 0.05229791
v 0.05394946 1.032552 0.05086413
v 0.06057582 1.040255 0.04469687
v 0.0731227 1.026147 0.04204536
v 0.06679787 1.014495 0.0480877
v 0.08859451 0.9835651 0.04010592
v 0.05709839 1.005049 0.0540159
v 0.0990282 0.9959013 0.0325821
v 0.1057261 1.017561 0.01022671
v 0.1143739 0.9691705 0.02867341
v 0.1263916 0.9934057 0.002914415
v 0.1184956 0.9964691 -0.03888536
v 0.143932 0.965224 -0.007234505
v 0.1063414 1.014282 -0.02596711
v 0.08783588 1.036323 -0.01418225
v 0.07532448 1.012178 -0.05896771
v 0.06743896 1.028188 -0.04434339
v 0.05795071 1.04641 -0.03282996
v 0.03464477 1.018169 -0.06581438
v 0.03089734 1.035153 -0.05315052
v 0.000110444 1.035488 -0.05691952
v 0.0001328735 1.017544 -0.0675758
v 0.02680154 1.049099 -0.04560171
v 0.05090615 1.058059 -0.02836763
v 9.681591e-05 1.049874 -0.05037011
v 0.0237551 1.05863 -0.04197665
v -0.02359668 1.05863 -0.04207631
v -0.0266275 1.049099 -0.04571386
v -0.05783005 1.04641 -0.033073
v -0.05080451 1.058059 -0.02858114
v -0.03069178 1.035153 -0.0532797
v -0.06727003 1.028188 -0.04462646
v -0.03438583 1.018169 -0.06595946
v 0.0001572904 1.002957 -0.0791869
v -0.07509394 1.012178 -0.05928371
v -0.03547608 1.003999 -0.0788533
v -0.07360309 0.9856888 -0.09062509
v -0.07793028 0.9997654 -0.07431459
v -0.03373964 0.9868812 -0.09398582
v 0.0001081726 0.9541143 -0.01355366
v 0.0001848304 0.9862055 -0.09225676
v -0.03101914 0.9747721 -0.1031606
v -0.06564318 0.9723958 -0.102394
v 1.078887e-05 0.9516896 -0.009448211
v 0.1175036 0.9782359 -0.07426973
v 0.07396509 0.9856888 -0.09031534
v 0.03411611 0.9868812 -0.0938433
v -0.1172086 0.9782359 -0.07476261
v -0.1395926 0.9672966 -0.04747046
v -0.1492944 0.9541143 -0.01386739
v 0.1397729 0.9672966 -0.04688389
v 0.1493336 0.9541143 -0.01324022
v -0.08126007 0.9268752 0.05042235
v -0.06119305 0.9251831 0.05444603
v -0.04129809 0.9230849 0.05797343
v -0.0001340091 0.9215262 0.05961362
v 0.04103632 0.9230849 0.05814633
v 0.06094576 0.9251831 0.05470241
v 0.08102981 0.9268752 0.05076305
v 0.1016899 0.9311596 0.03889615
v 0.1224102 0.9361849 0.03037209
v -0.1018702 0.9311596 0.03846857
v -0.1225545 0.9361849 0.02985763
v -0.0993513 0.9553863 0.03775991
v -0.1145114 0.9691705 0.02819274
v -0.1439184 0.965224 -0.007838966
v -0.1516265 0.9489754 -0.01655211
v -0.1290528 0.9195218 0.02666015
v -0.1025147 0.9172164 0.04026009
v -0.0808694 0.9016151 0.05053365
v -0.1068138 0.90174 0.03970815
v -0.07858641 0.8747565 0.04940735
v -0.1344398 0.9074865 0.02262909
v -0.109835 0.8946847 0.03756032
v -0.1125469 0.8855737 0.03567453
v -0.137693 0.8948295 0.01795893
v -0.07667253 0.8827204 -0.02020841
v -0.1619074 0.9039574 -0.02027797
v -0.1578656 0.9269065 -0.01600415
v -0.1646609 0.9089714 -0.04040886
v -0.1631365 0.901334 -0.03716766
v -0.1611846 0.8909625 -0.06246302
v -0.1515601 0.900451 -0.09461726
v -0.1640632 0.9044827 -0.06517216
v -0.1569431 0.8751029 -0.08836198
v -0.1360093 0.8511317 -0.1022785
v -0.1465072 0.8678772 -0.1052676
v -0.1220897 0.8697453 -0.1248357
v -0.1189649 0.8439401 -0.1117968
v -0.1262886 0.9028104 -0.1213558
v -0.1429341 0.9341265 -0.09323514
v -0.08788103 0.9046587 -0.1374417
v -0.119056 0.9320681 -0.1153058
v -0.1333101 0.9477886 -0.09447899
v -0.08954961 0.9317359 -0.1265793
v -0.1125308 0.9419825 -0.1145026
v -0.1192749 0.9582794 -0.09622906
v -0.10059 0.9483366 -0.1141593
v -0.08589928 0.9515874 -0.1144983
v -0.1022637 0.9652581 -0.09874485
v -0.05524157 0.9558689 -0.1149821
v -0.0744273 0.9330192 -0.1280358
v -0.06912741 0.9056183 -0.1386571
v -0.04571926 0.9352764 -0.126594
v -0.02068198 0.9364575 -0.1219838
v -0.02624762 0.957862 -0.1136167
v -0.03835387 0.9076114 -0.1344742
v -0.03521856 0.8767922 -0.134609
v -0.01408345 0.8794156 -0.1261557
v -0.01600359 0.9087698 -0.1266619
v 0.0002455888 0.9083808 -0.1211979
v 0.0002365034 0.935106 -0.1168477
v 0.01651748 0.9087698 -0.1265935
v 0.0002220236 0.9559001 -0.1100275
v 0.021176 0.9364575 -0.1218958
v 0.03890041 0.9076114 -0.1343118
v 0.02670671 0.957862 -0.1135057
v 0.04623286 0.9352764 -0.126401
v 0.06969127 0.9056183 -0.1383656
v 0.05570606 0.9558689 -0.114749
v 0.07494631 0.9330192 -0.1277223
v 0.09006265 0.9317359 -0.126202
v 0.08843949 0.9046587 -0.1370715
v 0.0863615 0.9515874 -0.1141366
v 0.1026595 0.9652581 -0.09831472
v 0.1010508 0.9483366 -0.113736
v 0.06605457 0.9723958 -0.1021175
v 0.03143422 0.9747721 -0.1030297
v 0.0002041368 0.9726144 -0.1014361
v 0.1196602 0.9582794 -0.09572737
v 0.1129927 0.9419825 -0.1140287
v 0.1336877 0.9477886 -0.09391825
v 0.1195214 0.9320681 -0.1148049
v 0.1433066 0.9341265 -0.09263409
v 0.1267792 0.9028104 -0.1208243
v 0.1469299 0.8678772 -0.1046515
v 0.1519382 0.900451 -0.09398014
v 0.1225948 0.8697453 -0.1243219
v 0.1059436 0.8456492 -0.1255907
v 0.1194155 0.8439401 -0.111296
v 0.08614913 0.8714176 -0.1377725
v 0.08175891 0.8468559 -0.1323019
v 0.06722289 0.8731098 -0.1396137
v 0.03651692 0.8512367 -0.127941
v 0.06670645 0.8470972 -0.1329214
v 0.03576567 0.8767922 -0.13446
v 0.01493492 0.8554813 -0.1206877
v 0.01459535 0.8794156 -0.1260955
v 0.0002458727 0.8801424 -0.1213268
v 0.0002356516 0.8574517 -0.1165141
v -0.01444573 0.8554813 -0.1207493
v 0.0001899409 0.8332307 -0.09467603
v 0.01359 0.813771 -0.06179354
v 0.0001161223 0.817601 -0.05961703
v -0.01334839 0.813771 -0.06185032
v -0.015825 0.8281429 -0.09841238
v 0.01622021 0.8281429 -0.09834509
v 0.04110474 0.8226917 -0.1048633
v 0.04124926 0.8159969 -0.07460021
v 0.07117049 0.8235633 -0.09335269
v 0.03286006 0.8137539 -0.06026209
v 0.07673896 0.8827204 -0.01988616
v 0.01859093 0.8156335 -0.008001083
v 0.02132307 0.811829 -0.03507547
v 0.1364196 0.8511317 -0.1017064
v 0.1614276 0.8909625 -0.06178559
v 0.1632734 0.901334 -0.03648228
v 0.161973 0.9039574 -0.0195977
v 0.1123783 0.8855737 0.03614697
v 0.05157591 0.8494509 0.0398626
v 0.02331021 0.8249488 0.02029131
v 0.1040618 0.8321774 -0.1001
v 0.1572949 0.8751029 -0.08770216
v 0.1375984 0.8948295 0.01853698
v 0.07836013 0.8747565 0.04973698
v 0.1096584 0.8946847 0.0380214
v 0.1066281 0.90174 0.04015646
v 0.08063857 0.9016151 0.05087265
v 0.03458117 0.8737315 0.05391993
v -0.0001232203 0.8699753 0.05447613
v -0.0001320217 0.9042555 0.05863098
v 0.04065502 0.9153425 0.0579104
v 0.02110445 0.8402236 0.04272648
v -9.454457e-05 0.8381112 0.04073253
v 0.01033829 0.821962 0.0202368
v -5.053734e-05 0.820744 0.01974676
v 0.008274212 0.8124791 -0.008642453
v 9.937117e-06 0.8121981 -0.009037098
v 6.558497e-05 0.8117126 -0.03543576
v 0.009194389 0.8098983 -0.03585255
v -0.008255757 0.8124791 -0.008677375
v -0.009061515 0.8098983 -0.03589088
v -0.01857503 0.8156335 -0.00807916
v -0.0211936 0.811829 -0.03516462
v -0.03262441 0.8137539 -0.06039979
v -0.04095342 0.8159969 -0.07477283
v -0.07079571 0.8235633 -0.0936508
v -0.04068171 0.8226917 -0.105035
v -0.07176501 0.8243242 -0.1092666
v -0.06616559 0.8470972 -0.1332005
v -0.03599707 0.8512367 -0.1280931
v -0.06665392 0.8731098 -0.1398947
v -0.08558782 0.8714176 -0.1381333
v -0.08122032 0.8468559 -0.1326443
v -0.08908427 0.8331313 -0.1226873
v -0.1054331 0.8456492 -0.1260344
v -0.08841167 0.8287732 -0.1109473
v -0.1036583 0.8321774 -0.1005361
v -0.01044107 0.821962 0.02019307
v -0.02341327 0.8249488 0.02019336
v -0.02130149 0.8402236 0.04263733
v -0.05176074 0.8494509 0.03964569
v -0.03482534 0.8737315 0.053774
v -0.04091594 0.9153425 0.05773919
v -0.06119305 0.9251831 0.05444575
v 0.1023268 0.9172164 0.04069022
v 0.1289219 0.9195218 0.02720186
v 0.1579133 0.9269065 -0.01534092
v 0.1343254 0.9074865 0.02319352
v 0.1516768 0.9489754 -0.01591529
v 0.1524286 0.9497391 -0.03835415
v 0.1603379 0.9318466 -0.03440486
v 0.1553478 0.9340726 -0.06470738
v 0.1648113 0.9089714 -0.03971695
v 0.1643176 0.9044827 -0.06448281
v 0.1471023 0.9498527 -0.06749517
v 0.1334095 0.9642076 -0.07187261
v 0.08885912 0.8287732 -0.1105748
v 0.07220537 0.8243242 -0.1089642
v 0.08958084 0.8331313 -0.122312
v -0.1331244 0.9642076 -0.0724325
v -0.1468354 0.9498527 -0.06811241
v -0.1550926 0.9340726 -0.06535954
v -0.1522841 0.9497391 -0.0389941
v -0.1602099 0.9318466 -0.03507802
v -0.1264206 0.9934057 0.002383489
v -0.1183491 0.9964691 -0.03938278
v -0.1062491 1.014282 -0.02641371
v -0.1208263 0.9840222 -0.0573437
v -0.08779358 1.036323 -0.01455106
v -0.105786 1.017561 0.009782382
v -0.09918208 0.9959013 0.03216588
v -0.07331662 1.026147 0.04173788
v -0.06701705 1.014495 0.04780662
v -0.05734284 1.005049 0.05377542
v -0.08877991 0.9835651 0.03973342
v -0.07540427 0.9705957 0.04845878
v -0.02962539 0.9932126 0.06042051
v -0.03961389 0.9479533 0.0589836
v -0.08131458 0.9418633 0.04849342
v -0.0001382679 0.9903535 0.06151842
v -0.0001359965 0.9389645 0.06047446
v 0.03934786 0.9479533 0.05914941
v 0.08109227 0.9418633 0.04883469
v 0.07518224 0.9705957 0.04877506
v 0.02935339 0.9932126 0.0605443
v 0.09917385 0.9553863 0.03817698
v 0.121048 0.9840222 -0.05683577
v 0.07822385 0.9997654 -0.07398666
v 0.03578895 1.003999 -0.07870367
v 0.06966544 1.056186 -0.006225178
v 0.07541676 1.046172 0.02158399
v -0.07448891 0.865216 -0.03495452
v -0.02419205 0.8222556 -0.02378804
v -0.1397738 0.8857117 -0.07480804
v -0.147071 0.9049812 -0.05163553
v -0.1448755 0.9092471 -0.01517341
v -0.05092262 0.8258406 -0.07699733
v -0.03363288 0.838685 0.0192516
v -0.1049925 0.8513864 -0.09413147
v -0.07481684 0.8757323 0.03561406
v -0.1198212 0.9008122 0.01502748
v -0.08426533 0.8605254 0.04809338
v -0.1358302 0.8892241 0.02864729
v -0.1462332 0.8752973 0.03659869
v -0.1730748 0.8812403 -0.004193463
v -0.1609347 0.8991053 -0.008580559
v -0.09371355 0.8453182 0.06057269
v -0.03591672 0.8222749 0.0278526
v -0.1076264 0.8106365 0.06827339
v -0.1611099 0.8353416 0.04901781
v -0.0405406 0.8060714 0.03531822
v -0.02254732 0.7759486 -0.0129032
v -0.04720046 0.7863746 0.04263222
v -0.02192668 0.7937008 -0.01671168
v -0.0449047 0.7766272 -0.08628456
v -0.04924182 0.8103384 -0.08198122
v -0.04756046 0.7948391 -0.08696511
v -0.02305922 0.8079782 -0.02024986
v -0.1183658 0.8018975 -0.1071022
v -0.1205514 0.8242464 -0.1060234
v -0.1127721 0.8378148 -0.1000776
v -0.1690769 0.8284612 -0.08564858
v -0.1622041 0.8582563 -0.08486554
v -0.1878098 0.8426261 -0.04706048
v -0.1702717 0.8799357 -0.05335551
v -0.154251 0.8752241 -0.08280429
v -0.1560491 0.9000757 -0.05564161
v -0.196975 0.7952723 -0.04276282
v -0.1901183 0.8457429 0.002848546
v -0.2007221 0.7957618 0.00736965
v -0.1997832 0.75148 -0.03761596
v -0.1753563 0.7870262 0.05335693
v -0.2014438 0.7509122 0.01102594
v -0.1972773 0.6975484 -0.03021423
v -0.1972964 0.6992145 0.01269623
v -0.1820372 0.7491343 0.05054898
v -0.1815858 0.6971004 0.04541348
v -0.1226717 0.7317225 0.07011403
v -0.124767 0.6842852 0.06735179
v -0.1727937 0.6310583 0.04014879
v -0.1877028 0.6329313 0.01205117
v -0.1788721 0.5831935 0.01042063
v -0.1658229 0.5791057 0.03614016
v -0.123438 0.621291 0.06176997
v -0.08126376 0.5730682 0.03595959
v -0.06533229 0.6740091 0.04249679
v -0.07246884 0.6215426 0.03952361
v -0.124612 0.571633 0.05548801
v -0.1268198 0.5381534 0.05104356
v -0.1594669 0.5405531 0.03408573
v -0.09379588 0.5338713 0.03306363
v -0.07082098 0.5431821 -0.007708648
v -0.1063584 0.5233306 0.04043328
v -0.09759328 0.5063526 0.01867639
v -0.1061457 0.5047161 0.02958166
v -0.1129084 0.4914293 0.01174908
v -0.0799813 0.5152904 -0.01800237
v -0.1062786 0.4926979 0.003295716
v -0.09262614 0.4996241 -0.02513722
v -0.1302302 0.5040662 -0.02516135
v -0.1606471 0.4998844 0.003952701
v -0.118949 0.4911951 0.01667278
v -0.1334206 0.492155 0.02089407
v -0.1479171 0.4948755 0.01713585
v -0.1542348 0.49688 0.0124089
v -0.1006102 0.5099473 -0.05342705
v -0.156228 0.5147776 -0.05434155
v -0.1699449 0.5087551 -0.02518719
v -0.165296 0.5043198 -0.01061738
v -0.127215 0.5156191 -0.06611675
v -0.1246012 0.5359249 -0.07086669
v -0.1620287 0.5348372 -0.05567682
v -0.1189714 0.5529699 -0.06355638
v -0.157892 0.5517814 -0.04929917
v -0.09028098 0.5286058 -0.05449685
v -0.08281934 0.5501648 -0.04532262
v -0.06959332 0.5844564 -0.04363133
v -0.05917468 0.5798115 -0.00352427
v -0.1142981 0.5863456 -0.06616218
v -0.162312 0.5872555 -0.05149868
v -0.1087444 0.6290238 -0.07546673
v -0.05727243 0.6271142 -0.05074346
v -0.1090678 0.6782165 -0.08875322
v -0.1670327 0.6337822 -0.0572219
v -0.1882919 0.6338549 -0.02351321
v -0.1703645 0.6888316 -0.06374547
v -0.171233 0.7461259 -0.07542613
v -0.1135543 0.7291831 -0.1004095
v -0.04420484 0.7168253 -0.07366697
v -0.04375284 0.7509741 -0.08189405
v -0.1168954 0.7690403 -0.1053806
v -0.1719022 0.7909996 -0.08328355
v -0.02588392 0.7479623 -0.01041665
v -0.05355538 0.7529005 0.04398594
v -0.03046947 0.7160295 -0.006304391
v -0.05838681 0.7208893 0.04395442
v -0.04717689 0.6739478 -0.06207121
v -0.03778603 0.6733598 -0.002910724
v -0.04749743 0.6260395 -0.002543902
v -0.1181892 0.7666707 0.07069833
v -0.1805128 0.5856565 -0.01996253
v -0.1746216 0.5503789 -0.01839815
v -0.1735288 0.5467268 0.008861353
v -0.1797238 0.5270695 -0.0180671
v -0.1677297 0.515624 0.01952388
v -0.1504565 0.528356 0.04148803
v -0.1594578 0.5117479 0.03043256
v -0.1458757 0.522553 0.04362338
v -0.1513077 0.5091617 0.03653055
v -0.1326071 0.5056528 0.04137872
v -0.1139384 0.5044152 0.03593318
v -0.1291019 0.5216061 0.04820865
v -0.1127031 0.5186798 0.0428091
v -0.1279049 0.5287407 0.04978922
v -0.1577273 0.02572862 -0.07901541
v -0.1857954 0.02181793 -0.08523293
v -0.1482686 0.03612398 -0.05880644
v -0.1618186 0.04597223 -0.06251327
v -0.16809 0.03908069 -0.07591305
v -0.1555636 0.009819575 -0.07082325
v -0.1844303 0.008418158 -0.07878289
v -0.2165315 0.01332369 -0.07028693
v -0.1580419 0.0008074618 -0.0660259
v -0.1842148 0.003089876 -0.07563452
v -0.216113 0.005871701 -0.06573914
v -0.214914 0.005767219 -0.05172241
v -0.2207326 0.00627458 -0.03940408
v -0.2241694 0.01843307 -0.05775623
v -0.2248412 0.01379755 -0.05318487
v -0.2251075 0.006656165 -0.04917567
v -0.2060788 0.004996666 -0.06219187
v -0.1956723 0.004088982 -0.06523774
v -0.1857381 0.003222749 -0.0665114
v -0.1986416 0.004347915 -0.0538393
v -0.1871469 0.003345685 -0.05476885
v -0.1758927 0.002364182 -0.05361728
v -0.1887717 0.00348736 -0.03657541
v -0.1782205 0.002567183 -0.0362188
v -0.1762484 0.002395129 -0.06516534
v -0.1666298 0.001556436 -0.0621331
v -0.1666227 0.001555869 -0.05077214
v -0.1596557 0.0009482849 -0.05174882
v -0.1614588 0.001105575 -0.04702982
v -0.1556056 0.0005950914 -0.03948017
v -0.1598536 0.00096532 -0.02761241
v -0.1489492 1.44798e-05 -0.03147113
v -0.1608797 0.001055038 -0.03848532
v -0.1487913 8.517529e-07 -0.04001336
v -0.1467897 0.02221258 -0.04277844
v -0.1470478 0.02194712 -0.02922165
v -0.1611931 0.0416828 -0.02612553
v -0.1472147 0.01998383 -0.02118792
v -0.1607303 0.03996084 -0.01881806
v -0.1640331 0.0361819 -0.006412564
v -0.1715331 0.04323697 -0.01518533
v -0.1876517 0.04753548 -0.02272704
v -0.1541284 0.03044477 -0.008931481
v -0.1495232 0.01601579 -0.01000384
v -0.1557694 0.0239246 -0.003397075
v -0.1625891 0.02531466 0.0001541673
v -0.1684526 0.0236458 0.002674788
v -0.1635933 0.01303324 0.00120665
v -0.1706862 0.03124457 -0.001635082
v -0.1730594 0.02973611 -0.003511493
v -0.1751377 0.04032227 -0.008605827
v -0.1727698 0.01436652 -0.0002259984
v -0.1736142 0.01491618 -0.002439136
v -0.1701686 0.01288589 0.00250245
v -0.170582 0.001901112 -0.0009394835
v -0.173043 0.002115754 -0.004137248
v -0.1692544 0.001785274 -0.003311899
v -0.1702978 0.001876128 -0.006654462
v -0.1756334 0.002341469 -0.009314202
v -0.1787134 0.002610055 -0.001319081
v -0.1661676 0.00151612 -0.01840723
v -0.1700312 0.00185313 -0.01069149
v -0.1901059 0.003603767 -0.01494883
v -0.1825468 0.00294451 -0.003487644
v -0.1824597 0.002936844 -0.008977476
v -0.1778071 0.002531126 -0.01609018
v -0.1789073 0.00262709 -0.01889216
v -0.169592 0.001814802 -0.02216857
v -0.1731591 0.002125691 -0.02575701
v -0.1636376 0.001295516 -0.02916402
v -0.1698114 0.001833824 -0.03552179
v -0.179899 0.002713685 -0.02466676
v -0.18967 0.003565722 -0.02441039
v -0.1900323 0.003597236 -0.01821786
v -0.2009986 0.004553471 -0.01962808
v -0.1993363 0.004408673 -0.02519372
v -0.1993071 0.004406118 -0.03660351
v -0.2058252 0.004974521 -0.02656589
v -0.2097478 0.005316642 -0.02328465
v -0.2076815 0.005136354 -0.03612738
v -0.2145892 0.005738827 -0.03004757
v -0.2133698 0.005632358 -0.01989922
v -0.2159052 0.00585353 -0.03890892
v -0.218317 0.006063913 -0.02849625
v -0.2272301 0.006841279 -0.02434906
v -0.2290415 0.006999138 -0.03151344
v -0.2300045 0.02084552 -0.02387776
v -0.2281125 0.006918221 -0.03896429
v -0.2291159 0.02285991 -0.03081131
v -0.2277391 0.02320714 -0.0425337
v -0.2147479 0.04137418 -0.02826854
v -0.2174406 0.03909262 -0.02225943
v -0.2039025 0.04293062 -0.0224718
v -0.2126776 0.03797313 -0.009951597
v -0.2245243 0.03180445 -0.01276948
v -0.2060972 0.04328722 -0.0172639
v -0.1874825 0.04711017 -0.01590535
v -0.2008365 0.04100736 -0.009027729
v -0.2040584 0.03007681 -0.005100012
v -0.1997676 0.03535967 -0.002291783
v -0.2052321 0.03257586 -0.003486225
v -0.1873749 0.04209079 -0.004806442
v -0.1762703 0.03509761 -0.001701234
v -0.1876309 0.03699163 0.001262298
v -0.1877939 0.031018 0.006567583
v -0.199696 0.02773847 0.003179594
v -0.1957998 0.01895718 0.009066626
v -0.1876735 0.01981859 0.01064322
v -0.1766078 0.02795652 0.004101758
v -0.179987 0.01963574 0.009257418
v -0.1753455 0.0134682 0.002429199
v -0.1799132 0.01160939 0.007378168
v -0.1881403 0.01106455 0.009281268
v -0.1825414 0.002943942 0.004207659
v -0.1895417 0.003554365 0.005940409
v -0.184467 0.003112021 0.001825874
v -0.1901155 0.003604618 -0.003968885
v -0.1899761 0.00359241 0.002493933
v -0.1957351 0.00409466 0.001765684
v -0.197921 0.004285169 -0.003893079
v -0.2017737 0.004621327 -0.002045343
v -0.1971799 0.00422072 0.004192612
v -0.2029389 0.0131786 0.001157816
v -0.1971286 0.01128118 0.007267156
v -0.2053332 0.01492072 -0.004830007
v -0.2044735 0.004856695 -0.01079881
v -0.206941 0.005071905 -0.005473932
v -0.2054258 0.01447838 -0.001943984
v -0.2070438 0.01276721 0.001986288
v -0.2092484 0.005272918 -0.001416465
v -0.2067999 0.02384369 0.001578014
v -0.2129465 0.02644011 -0.001421008
v -0.2130399 0.01338416 0.001065259
v -0.2209972 0.006297577 -0.004361827
v -0.2141284 0.005698511 -0.001118919
v -0.2218504 0.01492754 -0.003979674
v -0.2284745 0.01750892 -0.01237114
v -0.2214731 0.02555628 -0.005552577
v -0.2260212 0.006735662 -0.01175646
v -0.222328 0.006413699 -0.01693342
v -0.2223024 0.006411428 -0.01118522
v -0.2200424 0.006214389 -0.006040632
v -0.2157933 0.005843877 -0.0157049
v -0.2156576 0.005831952 -0.009817304
v -0.2149557 0.00577091 -0.004289995
v -0.2097478 0.005316642 -0.01239272
v -0.2095267 0.005297335 -0.008055595
v -0.2106436 0.005394719 -0.004154851
v -0.1976544 0.004261888 -0.009640139
v -0.2022308 0.004661076 -0.01698197
v -0.1900539 0.003599224 -0.01089704
v -0.2009546 0.04517584 -0.02727001
v -0.1871616 0.0489775 -0.0262709
v -0.1999728 0.04949337 -0.03302672
v -0.213353 0.04579819 -0.03589202
v -0.1840766 0.05296909 -0.03015631
v -0.1961011 0.05483557 -0.04542001
v -0.1855615 0.05713984 -0.04351691
v -0.2049726 0.05238621 -0.0473197
v -0.2221116 0.04195366 -0.05011175
v -0.2107802 0.04983748 -0.05674832
v -0.1896416 0.05221189 -0.06337013
v -0.1867005 0.03648597 -0.08003525
v -0.2060876 0.03925388 -0.07425326
v -0.2112046 0.04249594 -0.06804171
v -0.1697666 0.05192343 -0.04704458
v -0.1602556 0.0451006 -0.03547693
v -0.2150344 0.02599238 -0.0765124
v -0.2227518 0.0308803 -0.06714453
v -0.2140464 0.005691413 -0.04724134
v -0.2084063 0.005199668 -0.0510782
v -0.1641138 0.001336968 -0.008431786
v -0.1639803 0.001325328 -0.01368852
v -0.1575851 0.0007677133 -0.01474839
v -0.1576217 0.0007708364 -0.009628783
v -0.1583624 0.0008352857 -0.003779512
v -0.1596188 0.0009448779 -0.005169856
v -0.1535648 0.000417075 -0.01015687
v -0.1553597 0.01377171 -0.003112021
v -0.1515393 0.0002404782 -0.02271682
v -0.1646847 0.001386654 -0.00366055
v -0.1652267 0.001434068 -0.0009338051
v -0.1845147 0.02819274 0.008948232
v -0.1842157 0.03118211 0.004304191
v -0.1830996 0.02650485 0.001659499
v -0.188071 0.03328508 0.005208753
v -0.1883558 0.03013502 0.009928884
v -0.1833878 0.02381388 0.006313476
v -0.1866849 0.01919681 0.01484861
v -0.1892226 0.0203356 0.01572733
v -0.1891326 0.01140185 0.01588917
v -0.1900335 0.01104724 0.01610352
v -0.1908582 0.01155232 0.01588548
v -0.191915 0.01965278 0.01483754
v -0.1924709 0.02888663 0.008931197
v -0.1922284 0.03188083 0.00428744
v -0.1941261 0.02746648 0.001636501
v -0.1943277 0.02476784 0.006290195
v -0.1932008 0.02038898 0.00365544
v -0.193102 0.0173167 0.01247733
v -0.1910223 0.01038372 0.0151453
v -0.190978 0.01013785 0.01411099
v -0.1923275 0.01480971 0.01012138
v -0.1897899 0.01367347 0.009242655
v -0.1870977 0.01435346 0.01013245
v -0.1893594 0.01844954 0.002674788
v -0.1852446 0.01969508 0.003672191
v -0.1892524 0.009987371 0.01411468
v -0.1901592 0.009558939 0.01419077
v -0.1891701 0.01022217 0.01514928
v -0.1901822 0.009324423 0.01545619
v -0.1859107 0.01668953 0.01249266
v -0.1850022 0.02203939 -0.000865381
v -0.1856435 0.02436695 -0.003515184
v -0.1891547 0.02068596 -0.001912753
v -0.1888558 0.02404839 -0.004632684
v -0.1930149 0.0227384 -0.000882416
v -0.1919689 0.0249186 -0.003528528
v -0.1884089 0.02920206 -0.003428589
v -0.1846044 0.02830886 -0.002079697
v -0.1850004 0.03184335 0.0006305811
v -0.1880645 0.03324477 0.0004568235
v -0.1913258 0.03239472 0.0006172369
v -0.1923159 0.02898146 -0.00209588
v -0.2111203 0.02849795 7.580601e-05
v -0.2108503 0.03118211 -0.004343372
v -0.2098109 0.02674249 -0.006707838
v -0.2144578 0.03317237 -0.003539601
v -0.2147144 0.03033632 0.000954815
v -0.2100709 0.02433401 -0.002286673
v -0.2131401 0.02022118 0.005820028
v -0.2155139 0.02130603 0.006620391
v -0.2154293 0.01295119 0.006987213
v -0.2162726 0.01262298 0.007198448
v -0.2170451 0.01309201 0.006983806
v -0.2180365 0.02064819 0.005809523
v -0.2185692 0.02914784 5.990662e-05
v -0.218352 0.03183625 -0.004359271
v -0.2201338 0.0276425 -0.0067297
v -0.2203133 0.02522722 -0.00230825
v -0.2192639 0.02106612 -0.004670729
v -0.2191529 0.01840297 0.003659698
v -0.2172004 0.0119799 0.006319723
v -0.2171609 0.01172296 0.005357526
v -0.2184326 0.01600046 0.001513565
v -0.216059 0.01491561 0.0007132011
v -0.2135364 0.01557345 0.001523786
v -0.2156698 0.01922491 -0.005550022
v -0.211815 0.02041652 -0.004655114
v -0.2155454 0.01158185 0.005360933
v -0.2163944 0.01118295 0.005444689
v -0.2154659 0.01182858 0.006323414
v -0.2164131 0.01099357 0.006634587
v -0.2124204 0.01781583 0.003673894
v -0.2115973 0.02250076 -0.008959021
v -0.2154875 0.02120978 -0.009897937
v -0.2152135 0.02428944 -0.01252559
v -0.2122037 0.02461679 -0.01149412
v -0.2147922 0.02914329 -0.01152393
v -0.2112279 0.02833924 -0.01024801
v -0.2115927 0.03171133 -0.00779581
v -0.2144617 0.03301877 -0.007985751
v -0.2175144 0.03222777 -0.007808303
v -0.2184474 0.02896897 -0.01026334
v -0.2181254 0.02513324 -0.01150661
v -0.2190992 0.0231549 -0.00897492
v -0.1668993 0.02244142 -0.002143862
v -0.1658386 0.01823376 -0.004531893
v -0.1667187 0.0248797 -0.00661301
v -0.1651364 0.0264032 0.0002504154
v -0.1657261 0.01554506 0.003889104
v -0.1645978 0.01781214 0.006062493
v -0.1635956 0.0101722 0.007249269
v -0.1620483 0.01847594 0.00688188
v -0.1628148 0.009699478 0.007466182
v -0.1619625 0.01002996 0.00725296
v -0.1596483 0.0173803 0.006072714
v -0.1576064 0.0257465 0.0002663147
v -0.1612399 0.02760503 0.001154977
v -0.1609802 0.03047231 -0.003388273
v -0.1573335 0.02845848 -0.004200845
v -0.164917 0.02912001 -0.004216745
v -0.1580842 0.02899424 -0.007691045
v -0.1609844 0.03031587 -0.007882973
v -0.1640703 0.02951636 -0.007703537
v -0.1613186 0.02639781 -0.01145948
v -0.1650129 0.02622434 -0.01018498
v -0.1646878 0.02234545 -0.01144188
v -0.1617442 0.02149313 -0.01247193
v -0.1656722 0.02034525 -0.008882931
v -0.1620213 0.01837969 -0.009815601
v -0.1622056 0.01637495 -0.005420556
v -0.1580887 0.01968401 -0.008866748
v -0.1625985 0.01201767 0.0009105239
v -0.1583088 0.01757706 -0.004515994
v -0.1589206 0.01495139 0.0039033
v -0.1600489 0.01268147 0.001730194
v -0.1565457 0.02153856 -0.002122
v -0.1562833 0.02396946 -0.006591148
v -0.1577151 0.02558779 -0.01016965
v -0.1587017 0.02182361 -0.01142939
v -0.1620798 0.008646428 0.005608793
v -0.1629381 0.008242413 0.0056934
v -0.1619997 0.008895991 0.006581779
v -0.1629571 0.008053324 0.006896075
v -0.1637526 0.009048739 0.006578088
v -0.1637129 0.008788954 0.005605386
v -0.1649985 0.01311302 0.001719689
v -0.2070424 0.02158484 -0.06193862
v -0.2227527 0.03088059 -0.06714453
v -0.1884305 0.01892709 -0.06748949
v -0.2150352 0.02599238 -0.0765124
v -0.2119545 0.02469487 -0.0559755
v -0.1919536 0.02612837 -0.04619737
v -0.1974551 0.03654304 -0.03425835
v -0.1873365 0.03875561 -0.03243134
v -0.1705641 0.02141591 -0.06353197
v -0.1721733 0.03374844 -0.03581791
v -0.1645433 0.02803289 -0.05066794
v -0.2115473 0.03174426 -0.04513353
v -0.205972 0.03419078 -0.03608224
v -0.2221127 0.04195366 -0.05011175
v -0.2133539 0.04579819 -0.03589202
v -0.199974 0.04949337 -0.03302672
v -0.1956695 0.08336588 -0.0418841
v -0.1840777 0.05296938 -0.03015631
v -0.2060473 0.08203942 -0.04894996
v -0.2013416 0.1366047 -0.06127539
v -0.214253 0.07708648 -0.06418043
v -0.207943 0.1351482 -0.0783854
v -0.1992798 0.2010248 -0.06824301
v -0.2052665 0.1308451 -0.1052468
v -0.2059561 0.1974517 -0.09120797
v -0.2125671 0.0694383 -0.08528233
v -0.2048551 0.06569371 -0.09508458
v -0.1805631 0.06229266 -0.1024667
v -0.1760005 0.125882 -0.1287649
v -0.1981509 0.1286516 -0.1180288
v -0.185796 0.02181793 -0.08523293
v -0.1577282 0.02572862 -0.07901541
v -0.1574505 0.06371708 -0.09473111
v -0.1482695 0.03612398 -0.05880644
v -0.1602565 0.0451006 -0.03547693
v -0.1602667 0.0778505 -0.05070088
v -0.1498668 0.07059669 -0.07340037
v -0.1573591 0.1330827 -0.06384967
v -0.1484796 0.1297205 -0.08971684
v -0.1552146 0.1262267 -0.1178227
v -0.141117 0.1926892 -0.1035717
v -0.150287 0.1941957 -0.0747064
v -0.147895 0.2139339 -0.07612059
v -0.1669464 0.1972046 -0.05596556
v -0.1871849 0.200694 -0.05876385
v -0.1909463 0.1370575 -0.05315932
v -0.1727696 0.1357774 -0.04989824
v -0.1651379 0.2171933 -0.05691044
v -0.1858457 0.2216752 -0.05846773
v -0.162199 0.2669879 -0.05808103
v -0.1387372 0.296525 -0.09022704
v -0.1572251 0.29311 -0.05705013
v -0.1831629 0.2950813 -0.05109325
v -0.1852154 0.2671682 -0.05764266
v -0.1393613 0.2701576 -0.1003919
v -0.1379794 0.2599368 -0.1116148
v -0.1506143 0.2680438 -0.1378111
v -0.1592534 0.2808695 -0.1306475
v -0.1540472 0.3035287 -0.1189544
v -0.1757328 0.3096093 -0.1271775
v -0.1478493 0.3256453 -0.113638
v -0.1351681 0.318959 -0.0858354
v -0.12583 0.3542994 -0.07869459
v -0.17356 0.3313642 -0.1258317
v -0.1390206 0.360172 -0.1126395
v -0.1301919 0.3946986 -0.111641
v -0.1694645 0.3979185 -0.1327068
v -0.1715124 0.3646414 -0.1292694
v -0.1164923 0.3896366 -0.07155377
v -0.1444357 0.3521913 -0.04484252
v -0.1097217 0.4104779 -0.06824244
v -0.1370025 0.3859278 -0.0351402
v -0.1718034 0.4049282 -0.01369392
v -0.1316319 0.4058424 -0.0271465
v -0.1757447 0.3849347 -0.02288774
v -0.1781203 0.3518742 -0.03472284
v -0.2111371 0.3875822 -0.04399786
v -0.2092169 0.4091256 -0.03522282
v -0.2079029 0.354631 -0.05256792
v -0.2185428 0.3590587 -0.08869644
v -0.2252069 0.3922575 -0.08383406
v -0.2046688 0.3216801 -0.06113769
v -0.1804955 0.3188168 -0.04655823
v -0.2025463 0.2991654 -0.06294795
v -0.2118789 0.3258571 -0.09355881
v -0.2095184 0.3046158 -0.09613934
v -0.2108915 0.2797841 -0.1032131
v -0.1965823 0.3084578 -0.1201114
v -0.2020758 0.2704483 -0.0657045
v -0.1991915 0.2225398 -0.06861665
v -0.2071264 0.2193988 -0.09417037
v -0.2039148 0.1958543 -0.1224119
v -0.2043151 0.260093 -0.1284344
v -0.2046004 0.2148635 -0.1261855
v -0.1960235 0.1942087 -0.1382324
v -0.195588 0.2146392 -0.1447216
v -0.1980297 0.2571195 -0.1400384
v -0.1917759 0.2553061 -0.1484089
v -0.1851549 0.2693373 -0.1459527
v -0.198574 0.2835062 -0.1261611
v -0.1884163 0.2255816 -0.1546377
v -0.1854334 0.2829475 -0.1341116
v -0.1682476 0.2726594 -0.1452758
v -0.1538961 0.2642717 -0.1457741
v -0.1568446 0.2617102 -0.1518806
v -0.1685466 0.2682851 -0.1507929
v -0.1815188 0.2650732 -0.1517043
v -0.1862048 0.2543842 -0.1542877
v -0.1766794 0.2601966 -0.1587858
v -0.1688339 0.26102 -0.1591974
v -0.1688941 0.2535898 -0.1637012
v -0.1776671 0.2537735 -0.1616883
v -0.1768767 0.240723 -0.1653516
v -0.1696309 0.2257188 -0.16372
v -0.1689866 0.2389749 -0.1673746
v -0.1830724 0.2326651 -0.1598834
v -0.1612374 0.239587 -0.1656784
v -0.1528476 0.2510675 -0.1546326
v -0.1603408 0.252388 -0.1620071
v -0.1560647 0.230649 -0.1607468
v -0.1484886 0.2507387 -0.148268
v -0.1517699 0.222933 -0.1554514
v -0.1701504 0.2163336 -0.1602394
v -0.1440939 0.2516379 -0.1391407
v -0.1464811 0.2113199 -0.1451989
v -0.1385481 0.211503 -0.1066503
v -0.1708159 0.204285 -0.1558796
v -0.1483478 0.191208 -0.1384868
v -0.1716893 0.1895871 -0.150731
v -0.1612215 0.2587375 -0.1590245
v -0.198951 0.3304381 -0.1181327
v -0.2036601 0.3636488 -0.1191154
v -0.2083697 0.3968567 -0.120098
v -0.2257137 0.4157454 -0.07968234
v -0.2066798 0.4220055 -0.1185756
v -0.1662639 0.4226875 -0.1330662
v -0.2050572 0.4465445 -0.1103548
v -0.2225395 0.4395221 -0.07004191
v -0.1985223 0.4697917 -0.09970194
v -0.161351 0.4466976 -0.1256529
v -0.1234448 0.4178135 -0.1107719
v -0.1539319 0.4693775 -0.1161978
v -0.1164182 0.4396839 -0.103388
v -0.1086192 0.4605351 -0.09415788
v -0.1029622 0.43132 -0.05945008
v -0.126261 0.4257595 -0.01915252
v -0.09695645 0.4503612 -0.05105208
v -0.1205804 0.4435637 -0.01086752
v -0.1016397 0.4814579 -0.08373554
v -0.09095046 0.4694053 -0.04265408
v -0.09585656 0.4994926 -0.07269484
v -0.08652475 0.4861445 -0.03371579
v -0.1149 0.461365 -0.002582799
v -0.1538777 0.4601757 0.01320586
v -0.1102395 0.4781323 0.008596174
v -0.1470324 0.4732387 0.02110757
v -0.1170226 0.4858745 0.02322418
v -0.1420712 0.4821396 0.02738414
v -0.1625207 0.4919799 0.02272704
v -0.1772648 0.4870212 0.006928442
v -0.179723 0.527078 -0.0180671
v -0.1959151 0.5010735 -0.0363054
v -0.1893654 0.4697315 -0.006531809
v -0.1677286 0.5156353 0.01952388
v -0.1568211 0.5368567 0.01930498
v -0.150549 0.5339159 0.02757692
v -0.1594567 0.511759 0.03043256
v -0.1547962 0.4946206 0.02934999
v -0.1513068 0.5091731 0.03653055
v -0.1384269 0.4892943 0.03249437
v -0.1443693 0.5319549 0.0322008
v -0.132606 0.5056641 0.04137872
v -0.1160337 0.5283551 0.03174767
v -0.1301896 0.5292932 0.03587697
v -0.1139376 0.5044237 0.03593318
v -0.1206596 0.4901673 0.02948712
v -0.1061449 0.5047272 0.02958166
v -0.1101248 0.5285837 0.02693158
v -0.1280363 0.5406107 -0.009489379
v -0.1036399 0.5298249 0.01866247
v -0.09759214 0.506364 0.01867639
v -0.07998045 0.5152989 -0.01800237
v -0.09028013 0.5286143 -0.05449685
v -0.09028552 0.5366004 -0.00914953
v -0.09809496 0.5466976 -0.03682213
v -0.1241189 0.5522473 -0.04923473
v -0.152499 0.5514223 -0.03771675
v -0.1246007 0.5359337 -0.07086669
v -0.1620278 0.5348455 -0.05567682
v -0.1793536 0.5109918 -0.07433588
v -0.1370215 0.5102131 -0.09041499
v -0.1455509 0.4919705 -0.1032393
v -0.1894165 0.4928149 -0.08704177
v -0.2063073 0.4833641 -0.04790997
v -0.2161703 0.4615956 -0.05897963
v -0.1978085 0.4501534 -0.01671168
v -0.2062514 0.4305781 -0.02689154
v -0.1678626 0.4249188 -0.004500095
v -0.16087 0.4425487 0.004353025
v -0.1659161 0.545533 -0.009198647
v -0.1518692 0.3184576 -0.05454455
v -0.1785203 0.08349194 -0.03967579
v 0.07444519 0.8651956 -0.03463738
v 0.1052009 0.8514014 -0.0936914
v 0.03337225 0.8386308 0.0193876
v 0.1398888 0.8857319 -0.07420982
v 0.07447472 0.8756863 0.03593574
v 0.02411738 0.8222135 -0.0236969
v 0.05106883 0.8258304 -0.07679262
v 0.1470827 0.9049957 -0.05100012
v 0.1195554 0.9007926 0.01554676
v 0.1447327 0.9092471 -0.01454595
v 0.1560792 0.9000919 -0.05497043
v 0.1607678 0.8991087 -0.007889503
v 0.1355119 0.8892019 0.02922932
v 0.09327745 0.8452699 0.06096223
v 0.1458863 0.8752789 0.03721905
v 0.1728962 0.8812463 -0.003458401
v 0.0838758 0.8604783 0.04844912
v 0.0356257 0.8222209 0.02799229
v 0.04022431 0.8060135 0.03547097
v 0.02183241 0.7936585 -0.0166407
v 0.0229749 0.8079373 -0.02016866
v 0.04941444 0.8103296 -0.08178929
v 0.1208194 0.8242685 -0.1055276
v 0.1130103 0.837835 -0.09960966
v 0.04775977 0.7948286 -0.08678567
v 0.04510741 0.7766155 -0.08612301
v 0.1186455 0.801922 -0.1066241
v 0.1720859 0.7910343 -0.08258539
v 0.1692578 0.8284927 -0.08494872
v 0.1171802 0.7690608 -0.1049203
v 0.1713997 0.7461574 -0.07474728
v 0.1138319 0.7292036 -0.0999779
v 0.04394619 0.7509633 -0.0817467
v 0.02244341 0.7759049 -0.01283592
v 0.02577944 0.7479163 -0.01034596
v 0.04437604 0.7168088 -0.07353012
v 0.04731431 0.6739279 -0.06193777
v 0.1093148 0.6782312 -0.08835914
v 0.03035903 0.7159863 -0.00622603
v 0.058064 0.7208373 0.0441509
v 0.03767644 0.6733149 -0.002817315
v 0.0532215 0.7528442 0.04417389
v 0.1177378 0.7666301 0.0711614
v 0.04686032 0.7863167 0.04280598
v 0.1222351 0.7316836 0.07058306
v 0.1812638 0.6970913 0.04611674
v 0.1816758 0.7491207 0.05127297
v 0.1243588 0.6842452 0.06781259
v 0.1230755 0.6212524 0.0622021
v 0.0650319 0.6739603 0.04270519
v 0.1725174 0.6310481 0.0407913
v 0.1875438 0.6329339 0.01275699
v 0.197111 0.6992227 0.01346621
v 0.1655819 0.5790918 0.0367344
v 0.1787372 0.5831961 0.01107137
v 0.1805043 0.5856679 -0.01930413
v 0.1734135 0.5467283 0.009476319
v 0.1746187 0.5503908 -0.01777722
v 0.1580181 0.5517956 -0.04874724
v 0.1797278 0.5270803 -0.01743311
v 0.1675804 0.5156194 0.02010307
v 0.1652767 0.5043255 -0.0100521
v 0.1699852 0.5087676 -0.0246009
v 0.1563884 0.5147935 -0.05381006
v 0.1621874 0.5348582 -0.05511352
v 0.1248238 0.5359357 -0.07045984
v 0.1007689 0.5099433 -0.05313008
v 0.0904377 0.5285984 -0.05423622
v 0.1274245 0.5156316 -0.06570621
v 0.1191568 0.5529787 -0.06316685
v 0.1144833 0.5863538 -0.06578003
v 0.1624347 0.5872748 -0.05091552
v 0.08293035 0.5501515 -0.04508527
v 0.05910001 0.5797771 -0.003375497
v 0.07077698 0.5431535 -0.007524385
v 0.06968503 0.5844405 -0.04343713
v 0.07999039 0.5152659 -0.01779
v 0.09267015 0.4996096 -0.02487743
v 0.09745161 0.5063239 0.01895888
v 0.1062062 0.4926749 0.003609729
v 0.1128005 0.4914083 0.01209035
v 0.1302725 0.504062 -0.02474285
v 0.1605685 0.4998833 0.004496688
v 0.1188212 0.4911718 0.01703903
v 0.1332746 0.4921354 0.02132136
v 0.1477857 0.4948622 0.01762476
v 0.1541224 0.4968706 0.01292507
v 0.1592644 0.5117363 0.03097598
v 0.1510899 0.5091452 0.03703876
v 0.1456236 0.522532 0.04411342
v 0.1502109 0.5283375 0.04199937
v 0.1265313 0.538123 0.05145979
v 0.1276247 0.5287109 0.05020629
v 0.1592483 0.5405403 0.03463966
v 0.1242932 0.5715975 0.05590679
v 0.08102669 0.5730273 0.0361978
v 0.09358465 0.533833 0.03334016
v 0.1061199 0.5232968 0.04075836
v 0.1059589 0.5046863 0.02989908
v 0.1124558 0.5186474 0.04315917
v 0.1137255 0.5043831 0.03628325
v 0.128831 0.5215774 0.04862828
v 0.1323704 0.5056281 0.04180744
v 0.0721994 0.6214974 0.03974279
v 0.04740289 0.6259981 -0.002427212
v 0.05737919 0.627094 -0.05058504
v 0.1089531 0.6290334 -0.07509224
v 0.1671633 0.6338027 -0.05660154
v 0.1882811 0.6338734 -0.02280455
v 0.1972717 0.6975723 -0.02944453
v 0.1705025 0.6888586 -0.06309133
v 0.1997897 0.7515047 -0.03681617
v 0.2005248 0.7957703 0.00818932
v 0.2012474 0.7509198 0.01183227
v 0.1969875 0.795301 -0.04195877
v 0.1878243 0.8426499 -0.04627744
v 0.1899227 0.8457495 0.003642095
v 0.1607246 0.8353209 0.04968587
v 0.1071698 0.8105931 0.06870835
v 0.1749699 0.7870117 0.05406672
v 0.1702992 0.8799559 -0.05263208
v 0.1623708 0.8582881 -0.08418357
v 0.1544035 0.8752494 -0.0821493
v 0.1622169 0.04589074 -0.0619673
v 0.1486164 0.03612994 -0.05848277
v 0.1581631 0.02574508 -0.07865597
v 0.16854 0.0390117 -0.07532874
v 0.1900105 0.05214062 -0.0627086
v 0.1700894 0.05183286 -0.04648044
v 0.1858502 0.05704899 -0.04288831
v 0.1842983 0.05297704 -0.02967706
v 0.1605023 0.0451023 -0.03510017
v 0.1614021 0.0416811 -0.02574594
v 0.1470753 0.02221201 -0.04246613
v 0.1584323 0.0008193863 -0.06567412
v 0.1490727 0 -0.03970077
v 0.1472769 0.02194201 -0.02890849
v 0.1559707 0.009832352 -0.07047858
v 0.184871 0.008444278 -0.07831783
v 0.2169347 0.01335776 -0.06968616
v 0.1846444 0.003114576 -0.07517259
v 0.2164997 0.005904067 -0.06514263
v 0.1862582 0.02184689 -0.08475736
v 0.2154591 0.02602815 -0.07591276
v 0.206489 0.03919937 -0.07351195
v 0.1871486 0.03642862 -0.07936974
v 0.2115734 0.0424349 -0.06728479
v 0.2110996 0.0497665 -0.05600275
v 0.2224202 0.04198233 -0.04947719
v 0.2231354 0.03091551 -0.06651111
v 0.2245184 0.01846515 -0.05712139
v 0.2280225 0.02323525 -0.04188239
v 0.2251725 0.01382849 -0.05254918
v 0.2254246 0.006685409 -0.0485414
v 0.228387 0.006944909 -0.03831752
v 0.2210092 0.006298713 -0.03878826
v 0.2292848 0.007023554 -0.0308627
v 0.2152422 0.005793907 -0.05113101
v 0.2143558 0.005716398 -0.04665363
v 0.2161797 0.005875959 -0.03831355
v 0.2185479 0.006083219 -0.02789093
v 0.2135651 0.005647122 -0.01931463
v 0.2274433 0.006862289 -0.02370627
v 0.2148268 0.005757566 -0.02945787
v 0.2060487 0.004989001 -0.0260131
v 0.207945 0.005154809 -0.03556665
v 0.2099571 0.005331121 -0.0227154
v 0.2024143 0.004670729 -0.01644451
v 0.2011931 0.004563692 -0.01909573
v 0.190281 0.003608309 -0.01446248
v 0.1902217 0.003602915 -0.01773179
v 0.1995541 0.004420314 -0.02466847
v 0.1890378 0.003499285 -0.03609445
v 0.1898853 0.003573671 -0.02392574
v 0.1995728 0.004421733 -0.03607827
v 0.2087323 0.005223801 -0.05051434
v 0.1989794 0.004369776 -0.05331661
v 0.206451 0.005024206 -0.06163795
v 0.1960579 0.004113967 -0.06472726
v 0.187489 0.003363856 -0.05429471
v 0.1861293 0.003244611 -0.06604322
v 0.1766342 0.0024133 -0.06473691
v 0.1762305 0.002378094 -0.05319055
v 0.1784851 0.002575417 -0.03578242
v 0.1733803 0.002128247 -0.02534192
v 0.166949 0.001565238 -0.05038459
v 0.1801154 0.002718227 -0.02422328
v 0.1700735 0.001838935 -0.0351209
v 0.1617695 0.001111821 -0.04666385
v 0.1611548 0.001057877 -0.03812219
v 0.1638733 0.0012958 -0.02878925
v 0.160083 0.0009639004 -0.02725325
v 0.1663587 0.001513565 -0.01802167
v 0.1697984 0.001814802 -0.02176853
v 0.1790998 0.002629077 -0.01845294
v 0.1779877 0.002531694 -0.0156555
v 0.1757859 0.002338913 -0.008888893
v 0.1788321 0.002605796 -0.0008809964
v 0.1737335 0.01491022 -0.002017803
v 0.1731739 0.00211036 -0.003723012
v 0.1704392 0.001870733 -0.006251582
v 0.1701893 0.001848872 -0.01029003
v 0.1826746 0.002942238 -0.003033092
v 0.1826104 0.00293656 -0.008523491
v 0.190245 0.003605186 -0.003482534
v 0.1902123 0.003602347 -0.01041098
v 0.1978074 0.004267282 -0.00912199
v 0.2046311 0.004864645 -0.01025198
v 0.1980496 0.004288576 -0.003373793
v 0.201895 0.004625302 -0.001509874
v 0.1958401 0.004094944 0.0022756
v 0.1896297 0.003551242 0.006424204
v 0.1972751 0.00422072 0.004708774
v 0.1900783 0.003590422 0.002979716
v 0.1845723 0.00310833 0.002288376
v 0.1826371 0.002938831 0.004661928
v 0.1882118 0.01105944 0.00976194
v 0.1754449 0.01346139 0.002857347
v 0.1799924 0.01160229 0.00782477
v 0.187736 0.01981291 0.01112531
v 0.1800555 0.01962779 0.009707144
v 0.1878694 0.03101403 0.007053934
v 0.1766947 0.02794942 0.004540411
v 0.1763793 0.03509222 -0.001261162
v 0.1731778 0.02973044 -0.003087036
v 0.1752737 0.04031943 -0.008168594
v 0.1728797 0.0143597 0.0001916444
v 0.170796 0.03123747 -0.001219994
v 0.1626939 0.02530388 0.0005331973
v 0.1641617 0.03617423 -0.006023597
v 0.1685474 0.02363614 0.003077667
v 0.1636981 0.01302273 0.001585396
v 0.1702677 0.0128768 0.002908736
v 0.1706995 0.001893731 -0.0005354687
v 0.1653443 0.001424699 -0.0005525037
v 0.1648136 0.001378136 -0.00328152
v 0.1693819 0.001778176 -0.002913563
v 0.1584922 0.0008247807 -0.003426886
v 0.1554824 0.01375978 -0.002767345
v 0.1537215 0.0004071379 -0.009824402
v 0.1597545 0.0009352247 -0.00481212
v 0.1577759 0.0007620349 -0.009279564
v 0.1577608 0.0007606153 -0.01439917
v 0.1641512 0.001320217 -0.01331233
v 0.1642628 0.001330154 -0.008055027
v 0.1517486 0.000234232 -0.02239287
v 0.149674 0.01600415 -0.009682727
v 0.1474106 0.01997559 -0.02087504
v 0.1491953 1.078887e-05 -0.03115826
v 0.155885 0.000596511 -0.0391389
v 0.1599862 0.0009556668 -0.05139051
v 0.1670038 0.001570065 -0.06174527
v 0.1609092 0.03995658 -0.0184413
v 0.1542695 0.03043455 -0.008585953
v 0.1558895 0.02391296 -0.003047004
v 0.1716955 0.04323526 -0.0147623
v 0.1878442 0.04754201 -0.02223473
v 0.2040956 0.04294283 -0.02191333
v 0.2011667 0.04518861 -0.0267229
v 0.1873683 0.04898516 -0.02578029
v 0.187646 0.04711414 -0.01541389
v 0.2009739 0.04101361 -0.008482891
v 0.1874944 0.04209051 -0.004317535
v 0.2062681 0.04329829 -0.01669634
v 0.2128195 0.03798392 -0.009358209
v 0.2176337 0.03910937 -0.0216456
v 0.2246802 0.03182035 -0.01212868
v 0.2293504 0.02288405 -0.03015461
v 0.2302109 0.02086738 -0.02321822
v 0.2149654 0.04139235 -0.0276655
v 0.2136006 0.04581863 -0.03529267
v 0.2002076 0.04950814 -0.03248216
v 0.205258 0.05230728 -0.04660792
v 0.1963872 0.05475096 -0.04474627
v 0.2286338 0.01752595 -0.01171927
v 0.2219756 0.01493918 -0.003356474
v 0.2216008 0.02556849 -0.004926823
v 0.2261818 0.006751845 -0.01111878
v 0.2211275 0.006309218 -0.003745158
v 0.2224605 0.006425908 -0.01056316
v 0.2225102 0.006430167 -0.01631135
v 0.2159708 0.005857789 -0.01511038
v 0.2158103 0.005843593 -0.009223348
v 0.2099119 0.005327147 -0.01182347
v 0.2096723 0.005306137 -0.007487476
v 0.2150858 0.005780279 -0.003699163
v 0.2107731 0.005402669 -0.003582189
v 0.2070762 0.005078719 -0.004916602
v 0.2054624 0.01492697 -0.0042758
v 0.2055427 0.01448377 -0.001389777
v 0.2093665 0.005279448 -0.0008494816
v 0.2131446 0.01339069 0.001650981
v 0.2142451 0.005706461 -0.0005314938
v 0.2071449 0.01277147 0.002546741
v 0.2068987 0.02384795 0.002141591
v 0.2130569 0.02644778 -0.000830743
v 0.2053494 0.03258154 -0.002926339
v 0.2041833 0.03008249 -0.004545521
v 0.1998789 0.03536308 -0.001753475
v 0.1997869 0.0277396 0.003714778
v 0.1958691 0.01895491 0.00958222
v 0.2030434 0.01318173 0.001701234
v 0.1972081 0.01128005 0.007785589
v 0.1877266 0.03698936 0.001750352
v 0.2201793 0.006226314 -0.005428221
v 0.1670145 0.02243318 -0.001747797
v 0.1668516 0.02487289 -0.006216944
v 0.1659658 0.01822609 -0.00414179
v 0.1652403 0.02639327 0.0006405182
v 0.1658187 0.01553399 0.004277503
v 0.1646805 0.01779993 0.006446918
v 0.1621269 0.0184626 0.007256083
v 0.1636762 0.01015942 0.007627163
v 0.1638364 0.009036247 0.006955982
v 0.1628943 0.009686134 0.007840386
v 0.1630397 0.008040264 0.007270279
v 0.1620832 0.008882647 0.006952291
v 0.1620429 0.01001633 0.007623472
v 0.1590132 0.01493804 0.004263307
v 0.1597312 0.01736667 0.006436697
v 0.1577106 0.02573401 0.0006246188
v 0.1566615 0.02152664 -0.001769659
v 0.1584357 0.01756655 -0.00415769
v 0.1564168 0.02395924 -0.006238806
v 0.1574556 0.0284477 -0.003842541
v 0.1582205 0.02898487 -0.007329334
v 0.157863 0.02557928 -0.009810774
v 0.1588559 0.02181566 -0.01106768
v 0.1582335 0.01967492 -0.008508728
v 0.1623364 0.01636643 -0.005046352
v 0.1619029 0.02148689 -0.01209773
v 0.1621701 0.01837231 -0.009441397
v 0.1658167 0.02033901 -0.008492544
v 0.1648423 0.02234006 -0.0110549
v 0.1614716 0.026391 -0.01108528
v 0.1651606 0.02621809 -0.009795442
v 0.1642066 0.02950926 -0.007316841
v 0.161098 0.03046237 -0.00301407
v 0.1650388 0.02911178 -0.003826642
v 0.161121 0.03030764 -0.00750877
v 0.1613396 0.02759367 0.00152918
v 0.162705 0.01200659 0.001284727
v 0.1651009 0.0131028 0.002104398
v 0.1638009 0.008776746 0.005982996
v 0.1630255 0.008229921 0.006067604
v 0.1621675 0.008633651 0.005979589
v 0.1601517 0.01266954 0.002093893
v 0.2158001 0.01923514 -0.00495124
v 0.2193897 0.02107691 -0.004056331
v 0.2192426 0.0231674 -0.008360239
v 0.2156352 0.02122142 -0.00929887
v 0.2117409 0.02251069 -0.008376138
v 0.2119411 0.02042475 -0.004071947
v 0.2161644 0.01492356 0.001312267
v 0.2136384 0.01558026 0.002112347
v 0.2156329 0.0115881 0.005956592
v 0.2164815 0.01118919 0.006043471
v 0.2185348 0.01600898 0.002122852
v 0.2172484 0.01172949 0.005959999
v 0.2172836 0.01198615 0.006922196
v 0.2192446 0.01841092 0.004272677
v 0.2171249 0.01309797 0.007586279
v 0.2181189 0.02065501 0.00641881
v 0.220428 0.02523772 -0.00168789
v 0.2186725 0.02915664 0.0006745883
v 0.2202661 0.02765471 -0.006109056
v 0.2182787 0.02514659 -0.01089506
v 0.2185939 0.02898174 -0.009649225
v 0.2176496 0.03223942 -0.007197028
v 0.2184729 0.03184676 -0.00374459
v 0.2145747 0.03318117 -0.002940819
v 0.2145974 0.03302927 -0.007386969
v 0.2117279 0.0317207 -0.007209521
v 0.2109712 0.03119006 -0.003760205
v 0.2112236 0.02850448 0.0006589728
v 0.2148138 0.0303437 0.001553881
v 0.2155926 0.02131171 0.007219174
v 0.2132227 0.02022629 0.006408589
v 0.2155094 0.01295658 0.007582872
v 0.2163518 0.01262866 0.007797514
v 0.2155494 0.01183454 0.006918505
v 0.2164954 0.01099954 0.00723337
v 0.2125124 0.01782151 0.004258481
v 0.2101859 0.02434083 -0.001709468
v 0.2099435 0.02675072 -0.006130634
v 0.2113744 0.02834974 -0.009664272
v 0.2123568 0.02462787 -0.01090755
v 0.2153711 0.02430193 -0.01192653
v 0.2149438 0.02915522 -0.01092515
v 0.189456 0.01844726 0.003163126
v 0.1932923 0.02038784 0.004160813
v 0.1931248 0.02273868 -0.0003770426
v 0.1892694 0.02068539 -0.001424131
v 0.185112 0.02203712 -0.0003937938
v 0.1853363 0.01969139 0.004144062
v 0.1898605 0.01366893 0.009730993
v 0.1871642 0.01434778 0.01061
v 0.1893035 0.009980841 0.01459961
v 0.1902106 0.009552977 0.01467939
v 0.1923939 0.01480574 0.01062079
v 0.1910294 0.01013188 0.01460302
v 0.1910695 0.01037776 0.01563762
v 0.1931577 0.01731216 0.012981
v 0.1909017 0.01154579 0.01637779
v 0.1919601 0.0196471 0.01533723
v 0.1944066 0.02476614 0.006801815
v 0.1942235 0.02746619 0.002148121
v 0.1925373 0.02888323 0.00943657
v 0.1881516 0.03328168 0.005697375
v 0.1923133 0.03187912 0.004792814
v 0.1884177 0.03012991 0.01041751
v 0.1892638 0.02032879 0.01621596
v 0.1867304 0.01918914 0.01532616
v 0.189176 0.01139475 0.0163741
v 0.190076 0.01104042 0.01659215
v 0.1845811 0.02818678 0.009419819
v 0.1843009 0.03117756 0.004775779
v 0.1831979 0.02650087 0.00212484
v 0.1834673 0.0238082 0.006778817
v 0.1859666 0.01668272 0.01296595
v 0.1892172 0.01021564 0.01563392
v 0.1902282 0.009317893 0.01594481
v 0.1857639 0.02436581 -0.00304019
v 0.1847174 0.02830687 -0.001607542
v 0.1851007 0.03184023 0.001105859
v 0.188527 0.02920178 -0.002940251
v 0.188165 0.03324278 0.0009454457
v 0.1914261 0.03239415 0.001119203
v 0.1924286 0.02898203 -0.001591358
v 0.192089 0.02491945 -0.003026846
v 0.188981 0.02404896 -0.004144062
v 0.2154603 0.02603979 -0.07591276
v 0.2073629 0.0216456 -0.06133501
v 0.1888296 0.01899097 -0.06694835
v 0.1862591 0.02185825 -0.08475736
v 0.2231365 0.03092715 -0.06651111
v 0.205344 0.06574425 -0.09451334
v 0.2130132 0.06949083 -0.0846773
v 0.2083371 0.1351939 -0.07777583
v 0.2146079 0.0771319 -0.06356575
v 0.2057744 0.1309025 -0.1046498
v 0.2224211 0.04199653 -0.04947719
v 0.212235 0.02474825 -0.05536763
v 0.2117807 0.03177379 -0.04455661
v 0.206183 0.03420782 -0.03555387
v 0.2136015 0.04582998 -0.03529267
v 0.2063371 0.08207349 -0.04836792
v 0.195929 0.08339655 -0.04134494
v 0.2002085 0.04951949 -0.03248216
v 0.2016636 0.1366444 -0.06069307
v 0.1912344 0.1370879 -0.05262016
v 0.1996083 0.2010662 -0.06764565
v 0.1861262 0.2217084 -0.05791948
v 0.1874742 0.2007249 -0.05821731
v 0.2063814 0.1975039 -0.09058392
v 0.2075571 0.2194496 -0.09353354
v 0.1995137 0.2225815 -0.0680119
v 0.2023694 0.2704872 -0.06507023
v 0.1854763 0.2672008 -0.05708022
v 0.1833864 0.2951108 -0.05052911
v 0.1624622 0.2670126 -0.05761512
v 0.1654135 0.2172157 -0.05645021
v 0.1574746 0.2931325 -0.05659529
v 0.1482521 0.2139603 -0.07573361
v 0.1391248 0.2965506 -0.08984801
v 0.1398002 0.2701897 -0.1000196
v 0.1384689 0.2599726 -0.1112523
v 0.154552 0.303573 -0.1185084
v 0.1598152 0.28092 -0.1301882
v 0.1512106 0.2680909 -0.1373923
v 0.1545273 0.2643228 -0.1453431
v 0.1447015 0.2516862 -0.1387554
v 0.1491346 0.2507918 -0.1478643
v 0.1524555 0.2229898 -0.155044
v 0.1471281 0.211371 -0.1448182
v 0.1390342 0.2115371 -0.106303
v 0.1415968 0.1927205 -0.1032205
v 0.1489741 0.1912574 -0.1381055
v 0.1723672 0.1896493 -0.1502526
v 0.1557774 0.1262709 -0.1174366
v 0.1715098 0.2043486 -0.1553995
v 0.1966476 0.1942718 -0.1376507
v 0.1962317 0.2147073 -0.1441342
v 0.1708585 0.2163986 -0.1597579
v 0.1890977 0.2256509 -0.1540761
v 0.1703506 0.2257849 -0.163237
v 0.1837731 0.2327344 -0.1593417
v 0.1619605 0.2396483 -0.1652253
v 0.1697169 0.2390391 -0.1668893
v 0.1567699 0.2307092 -0.1603189
v 0.1775976 0.2407923 -0.1648329
v 0.1868746 0.2544527 -0.1537246
v 0.1696036 0.2536557 -0.1632112
v 0.1783681 0.2538388 -0.1611616
v 0.1773659 0.2602633 -0.1582608
v 0.1695221 0.2610816 -0.1587048
v 0.169197 0.2683433 -0.1502992
v 0.182174 0.265139 -0.1511572
v 0.1688734 0.2727154 -0.1447818
v 0.1857843 0.2693995 -0.1453891
v 0.1924206 0.2553743 -0.1478223
v 0.1986387 0.2571871 -0.1394254
v 0.1860086 0.2830082 -0.1335418
v 0.1991075 0.2835681 -0.1255438
v 0.2048744 0.2601583 -0.1277942
v 0.205166 0.2149282 -0.1255603
v 0.2044718 0.1959145 -0.1217967
v 0.1987134 0.1287109 -0.1174621
v 0.1766087 0.1259373 -0.1282919
v 0.1810838 0.06233724 -0.101998
v 0.1579386 0.06375371 -0.09435889
v 0.1581637 0.02575956 -0.07865597
v 0.1502634 0.07062281 -0.0730574
v 0.1486175 0.0361413 -0.05848277
v 0.1489233 0.1297521 -0.08935797
v 0.1576935 0.1331048 -0.06345275
v 0.1506453 0.1942224 -0.07431658
v 0.1672252 0.1972305 -0.05550505
v 0.1730444 0.1358029 -0.04943602
v 0.178771 0.08351579 -0.03920846
v 0.1605654 0.07787179 -0.05031191
v 0.1842992 0.05299152 -0.02967706
v 0.1875855 0.03874965 -0.03198957
v 0.1724825 0.03375355 -0.0354315
v 0.1605032 0.0451165 -0.03510017
v 0.1649388 0.02805702 -0.05027216
v 0.1709976 0.02146815 -0.06307599
v 0.1922517 0.02615648 -0.04569456
v 0.197683 0.0365473 -0.03377002
v 0.2113381 0.2798426 -0.1025383
v 0.209927 0.3046709 -0.09546106
v 0.1970899 0.3085174 -0.1194859
v 0.1994425 0.3304977 -0.1174891
v 0.17627 0.3096613 -0.1266386
v 0.2122687 0.3259122 -0.09286293
v 0.2189011 0.3591115 -0.08796081
v 0.2049249 0.3217181 -0.06047389
v 0.2081116 0.3546671 -0.05187857
v 0.202818 0.2992035 -0.06230118
v 0.1782554 0.351896 -0.03415955
v 0.1806923 0.3188409 -0.04599664
v 0.1520992 0.3184775 -0.05410306
v 0.1261491 0.3543161 -0.07834878
v 0.1446134 0.3522049 -0.04441977
v 0.1355287 0.3189846 -0.08546347
v 0.1483243 0.3256853 -0.1132102
v 0.1394791 0.3602086 -0.112236
v 0.1740838 0.3314179 -0.125294
v 0.1720388 0.3646956 -0.128728
v 0.2041442 0.3637076 -0.1184399
v 0.1699934 0.397973 -0.132162
v 0.1667854 0.4227412 -0.1325257
v 0.2071409 0.4220651 -0.1178664
v 0.2088458 0.3969205 -0.1193908
v 0.1306342 0.3947318 -0.1112619
v 0.1099769 0.4104878 -0.06794348
v 0.1238753 0.4178439 -0.1104124
v 0.1167688 0.3896503 -0.07123408
v 0.1371282 0.3859324 -0.03473647
v 0.1317168 0.4058449 -0.02675782
v 0.1718323 0.404937 -0.01313772
v 0.1758186 0.3849511 -0.02232217
v 0.2093339 0.4091557 -0.03450849
v 0.211298 0.3876188 -0.04328296
v 0.2255328 0.3923137 -0.0830584
v 0.2260143 0.4157977 -0.07889588
v 0.222791 0.4395698 -0.06926029
v 0.2054752 0.4466036 -0.1096433
v 0.1988874 0.4698445 -0.09900975
v 0.1618333 0.4467467 -0.1251242
v 0.1168105 0.4397064 -0.1030502
v 0.1543672 0.4694175 -0.1156922
v 0.1459237 0.4920057 -0.1027603
v 0.1897211 0.4928569 -0.0863791
v 0.108965 0.4605542 -0.09384528
v 0.1031737 0.4313217 -0.05917184
v 0.09712595 0.4503604 -0.0507923
v 0.1019352 0.4814706 -0.08344453
v 0.09609902 0.4994991 -0.07242143
v 0.09107822 0.4693993 -0.04241247
v 0.1373344 0.5102406 -0.08996527
v 0.1621865 0.5348693 -0.05511352
v 0.1795983 0.5110287 -0.07370871
v 0.1248224 0.5359499 -0.07045984
v 0.1242446 0.5522556 -0.0488239
v 0.09043657 0.5286126 -0.05423622
v 0.09817105 0.5466922 -0.03652231
v 0.07998925 0.5152801 -0.01779
v 0.08660907 0.4861309 -0.03348638
v 0.1148629 0.4613528 -0.002244085
v 0.1101498 0.4781116 0.00892126
v 0.1468916 0.4732262 0.02158455
v 0.09745047 0.5063353 0.01895888
v 0.116869 0.4858509 0.02358021
v 0.1137241 0.504397 0.03628325
v 0.1419012 0.4821259 0.0278438
v 0.1204782 0.4901455 0.02986019
v 0.1059578 0.5047002 0.02989908
v 0.1099403 0.528559 0.02727455
v 0.1280003 0.5406027 -0.00906691
v 0.1034894 0.5298011 0.01897876
v 0.1158293 0.5283278 0.03211534
v 0.1299673 0.5292724 0.03630398
v 0.1323695 0.5056391 0.04180716
v 0.1441615 0.5319401 0.03268801
v 0.151089 0.5091566 0.03703876
v 0.138233 0.4892775 0.03294126
v 0.1546133 0.4946106 0.02986728
v 0.1623665 0.491975 0.02327585
v 0.1592633 0.5117476 0.03097598
v 0.1675793 0.5156336 0.02010307
v 0.1503597 0.5339051 0.02809081
v 0.1566658 0.5368485 0.01984641
v 0.179727 0.5270942 -0.01743311
v 0.1658769 0.5455381 -0.008615765
v 0.1525765 0.5514359 -0.03718753
v 0.1771782 0.4870275 0.007537161
v 0.1960042 0.5011021 -0.03561292
v 0.2064513 0.4833976 -0.04718058
v 0.189341 0.4697468 -0.005878515
v 0.1978335 0.4501753 -0.01602999
v 0.1608104 0.4425472 0.004876853
v 0.1537743 0.4601714 0.01370726
v 0.1205841 0.4435537 -0.01051177
v 0.1263053 0.4257575 -0.01877916
v 0.1678456 0.4249259 -0.003953269
v 0.2063261 0.430604 -0.02618175
v 0.2163685 0.4616367 -0.05821674
v 0.09024947 0.5365819 -0.008886338
v 0.1575016 0.2617675 -0.151438
v 0.1619094 0.258796 -0.1585646
v 0.1535202 0.2511246 -0.1542107
v 0.161044 0.2524474 -0.1615534
v 0.07051236 1.299425 -0.04212458
v 0.08930572 1.312383 -0.03749842
v 0.06626467 1.303435 -0.01389067
v 0.0558855 1.281416 -0.03758303
v 0.08547142 1.284206 -0.05551612
v 0.1063385 1.302935 -0.04386897
v 0.1072519 1.260928 -0.05809239
v 0.0646966 1.264052 -0.04397458
v 0.05715489 1.25447 -0.01393553
v 0.0860614 1.239964 -0.04560313
v 0.1293762 1.235811 -0.05728578
v 0.1094786 1.21586 -0.04501599
v 0.07855518 1.229247 -0.013906
v 0.08910443 1.234812 0.01783684
v 0.1123087 1.211618 0.01731841
v 0.1026223 1.206061 -0.01386966
v 0.1323218 1.191282 0.01590791
v 0.1238829 1.185409 -0.01383786
v 0.1305817 1.193662 -0.04354502
v 0.1495059 1.211997 -0.05524867
v 0.1670123 1.190682 -0.05195182
v 0.1489227 1.174201 -0.04117374
v 0.1654638 1.157372 -0.03840895
v 0.1421661 1.167635 -0.01381089
v 0.1495587 1.173801 0.01358745
v 0.1655419 1.158295 0.01085644
v 0.1589249 1.152004 -0.01379243
v 0.1806057 1.144326 0.008318219
v 0.174525 1.138223 -0.01379783
v 0.1806293 1.142801 -0.0358764
v 0.1823768 1.172189 -0.0480965
v 0.1962087 1.156172 -0.0445481
v 0.195155 1.128874 -0.03372232
v 0.2094088 1.141005 -0.04153005
v 0.2092476 1.114187 -0.0324975
v 0.1895264 1.124926 -0.01382565
v 0.2093171 1.116131 0.004643473
v 0.1950991 1.130752 0.00611587
v 0.2040857 1.11047 -0.01390912
v 0.2225369 1.099885 0.00517667
v 0.2214575 1.098788 -0.03403377
v 0.2168472 1.094125 -0.01423449
v 0.2317872 1.098075 -0.02663971
v 0.2289458 1.095102 -0.01428077
v 0.2435783 1.103787 -0.0143651
v 0.2325243 1.098657 -0.00216402
v 0.2411179 1.106723 0.002615449
v 0.2362757 1.112843 0.01283364
v 0.2225605 1.128395 0.01201511
v 0.2360718 1.139645 0.004768965
v 0.2501825 1.124763 0.005316074
v 0.2497601 1.114231 -0.002077141
v 0.2553021 1.129048 -0.01408061
v 0.236031 1.137779 -0.03236945
v 0.2414612 1.143291 -0.01372401
v 0.2488893 1.124018 -0.03396933
v 0.2529286 1.116942 -0.01418481
v 0.2489055 1.113832 -0.02659968
v 0.2399422 1.106085 -0.03162445
v 0.2345276 1.111602 -0.04201981
v 0.2224381 1.125761 -0.03984926
v 0.2236189 1.155731 0.006221771
v 0.2294287 1.159696 -0.01365076
v 0.223827 1.153774 -0.03357922
v 0.2119559 1.170148 -0.0357546
v 0.2180556 1.176468 -0.0136536
v 0.1995152 1.187537 -0.03831099
v 0.1854868 1.207484 -0.04108033
v 0.2061605 1.194264 -0.01366638
v 0.1857574 1.207777 0.01367915
v 0.1928374 1.214438 -0.01368227
v 0.1992764 1.188805 0.01094304
v 0.2117003 1.171843 0.008406801
v 0.1822777 1.173752 0.02063599
v 0.1676695 1.190714 0.0244578
v 0.1516413 1.209724 0.02770894
v 0.132895 1.231415 0.02969211
v 0.1704 1.228903 0.01600557
v 0.1519169 1.252551 0.0174209
v 0.1773324 1.236927 -0.01370158
v 0.1585711 1.261703 -0.013726
v 0.1691269 1.230079 -0.04344706
v 0.1498057 1.25494 -0.04491293
v 0.128383 1.280668 -0.04549525
v 0.1373611 1.287532 -0.01375496
v 0.1145789 1.309801 -0.01378931
v 0.1083512 1.300899 0.01625287
v 0.1307401 1.277843 0.01794473
v 0.1111461 1.255581 0.03043654
v 0.08877934 1.279977 0.02779639
v 0.0673146 1.259736 0.01614725
v 0.05769632 1.278659 0.009738091
v 0.07244925 1.297104 0.01435885
v 0.09074206 1.311021 0.009822698
v 0.09083377 1.317068 -0.01383332
v 0.05103845 1.279252 -0.01393468
v 0.1960119 1.158441 0.01709355
v 0.209232 1.143682 0.01403831
v 0.2506419 1.09673 0.01700979
v 0.2501888 1.124744 0.005316074
v 0.2347082 1.081652 0.008071778
v 0.267928 1.077143 0.02104937
v 0.2665123 1.111001 0.008245536
v 0.2362794 1.112826 0.01283393
v 0.2225358 1.099876 0.00517667
v 0.2179363 1.111172 0.0009471492
v 0.2135106 1.106561 -0.01427538
v 0.2168429 1.094121 -0.01423449
v 0.2276168 1.075542 -0.0147728
v 0.2320538 1.082017 -0.03831951
v 0.2214523 1.098787 -0.03403377
v 0.2171365 1.110082 -0.02980255
v 0.2273973 1.120019 -0.03606521
v 0.2345216 1.111603 -0.04201981
v 0.2233424 1.126496 -0.01439349
v 0.2286806 1.12133 0.006952007
v 0.2395777 1.130626 0.001056458
v 0.2436286 1.133852 -0.014155
v 0.2386353 1.129782 -0.02975201
v 0.2488845 1.124016 -0.03396933
v 0.263536 1.111883 -0.03822213
v 0.2718006 1.116827 -0.01457207
v 0.2553038 1.129037 -0.01408061
v 0.2465771 1.097673 -0.04791536
v 0.2631346 1.079205 -0.05234447
v 0.2468846 1.061106 -0.04148406
v 0.2823056 1.095312 -0.04126175
v 0.2853494 1.05585 -0.05049333
v 0.3219407 1.051958 -0.03601296
v 0.3054383 1.035493 -0.04552676
v 0.2684935 1.037806 -0.04005283
v 0.3038785 1.072919 -0.039709
v 0.3286914 1.058578 -0.01252134
v 0.3121217 1.079286 -0.01352186
v 0.2916655 1.100673 -0.01449996
v 0.3055862 1.072365 0.01184618
v 0.2857299 1.093691 0.01119828
v 0.3224592 1.052197 0.01069489
v 0.2877789 1.055165 0.02164616
v 0.2700292 1.037529 0.01153387
v 0.2898047 1.019378 0.01037123
v 0.3061271 1.035945 0.01973256
v 0.2500147 1.059983 0.01094872
v 0.2420029 1.053316 -0.01484492
v 0.2626071 1.030494 -0.01399316
v 0.289376 1.018946 -0.03640988
v 0.2831846 1.012654 -0.01302586
v 0.3008161 0.9989526 -0.01227915
v 0.3068474 1.005004 0.008902805
v 0.3063974 1.004769 -0.03333647
v 0.3208777 1.019962 -0.04149172
v 0.3208579 0.9930082 -0.03072613
v 0.3159577 0.9875828 -0.01163182
v 0.3338809 0.9824675 -0.02835173
v 0.3338278 1.006965 -0.0381273
v 0.3471416 1.020825 -0.03040247
v 0.357368 1.007929 -0.02807662
v 0.3454275 0.9952613 -0.03506014
v 0.3555225 0.9851246 -0.03229421
v 0.3661487 0.9966818 -0.02600033
v 0.370661 1.001122 -0.01033602
v 0.3828249 0.9834387 -0.009973175
v 0.3792163 0.9797135 -0.02277956
v 0.3708069 0.9700631 -0.02790797
v 0.387955 0.9706363 -0.02275742
v 0.3912388 0.9743568 -0.01006516
v 0.3920008 0.9676305 -0.01001037
v 0.389495 0.964847 -0.01951792
v 0.3899294 0.9649367 -0.0006195083
v 0.3799514 0.9794045 0.002739237
v 0.3882014 0.9710991 0.002492229
v 0.3795493 0.9629353 0.007298387
v 0.3715028 0.9544726 0.002794601
v 0.3718268 0.9697218 0.007701834
v 0.3777155 0.9519818 -0.000423889
v 0.3836426 0.9585227 0.002962397
v 0.3877139 0.9550595 -0.009773865
v 0.3753908 0.9491673 -0.009231014
v 0.3777291 0.9512683 -0.01872295
v 0.3833379 0.9580681 -0.02297433
v 0.3795749 0.9618843 -0.02735319
v 0.3718163 0.9532163 -0.02165269
v 0.3627795 0.9603327 -0.02288405
v 0.3598849 0.9565018 -0.01010889
v 0.3684825 0.9506755 -0.008965267
v 0.3415552 0.9687764 -0.01063357
v 0.3634986 0.9601606 0.002627374
v 0.3566397 0.9846329 0.01131781
v 0.346093 0.9731467 0.005041525
v 0.346463 0.9948976 0.01327031
v 0.329602 0.9774225 -0.01106626
v 0.3346256 0.9822786 0.006309218
v 0.321478 0.9930008 0.007570096
v 0.3347051 1.006838 0.01526824
v 0.3215469 1.020173 0.01739705
v 0.3477895 1.020663 0.007835843
v 0.3581082 1.007604 0.00653692
v 0.3669454 0.996269 0.005236293
v 0.3623746 1.012842 -0.01071647
v 0.3526496 1.026278 -0.01122156
v 0.3416824 1.041169 -0.01181097
v 0.3361636 1.035184 0.009204042
v 0.3356525 1.035112 -0.03296511
v 0.3452927 0.9734295 -0.02623285
v 0.3675694 0.9603886 -0.01863295
v 0.3718251 0.9532217 -0.02165269
v 0.3795851 0.96189 -0.02735319
v 0.3735902 0.9666405 -0.0229414
v 0.3648989 0.958678 -0.009066342
v 0.3700642 0.970558 -0.009700614
v 0.3684913 0.9506809 -0.008964983
v 0.3786919 0.9419271 -0.003924026
v 0.3869085 0.9386266 -0.0201644
v 0.3715116 0.954478 0.002794601
v 0.3795596 0.9629413 0.007298387
v 0.3670834 0.9615989 -0.0002061242
v 0.380821 0.947164 0.006931565
v 0.389826 0.9545578 0.01081329
v 0.389596 0.931228 0.007784454
v 0.3918958 0.9384619 0.01630056
v 0.401317 0.9453765 0.01936829
v 0.3990968 0.922631 0.01927034
v 0.4055715 0.9309026 0.02713344
v 0.4140254 0.9381371 0.02729243
v 0.4218687 0.9281444 0.03347332
v 0.4251272 0.9309384 0.03110829
v 0.4076078 0.9251814 0.03101743
v 0.4201879 0.9251229 0.03769432
v 0.4083142 0.9202242 0.03520891
v 0.4032687 0.9175074 0.02491065
v 0.409899 0.9106085 0.01816988
v 0.4064307 0.9145975 0.01156368
v 0.4049259 0.912214 0.02842441
v 0.4111076 0.9067171 0.02084779
v 0.4077514 0.9031681 0.03358291
v 0.4114668 0.9111749 0.04218959
v 0.4115687 0.9015444 0.0250333
v 0.4120136 0.8994091 0.02291982
v 0.4161773 0.9072122 0.0188916
v 0.4152276 0.8913077 0.03364282
v 0.4134695 0.8928361 0.03907104
v 0.4216566 0.8853923 0.04207489
v 0.4164183 0.8887139 0.02922677
v 0.4242627 0.883847 0.0380708
v 0.4250335 0.8817786 0.03534122
v 0.4305333 0.8823359 0.03682639
v 0.4301923 0.8826326 0.04250559
v 0.4308811 0.8857589 0.04792728
v 0.4251882 0.8903725 0.04999704
v 0.4382314 0.8846837 0.04148235
v 0.4430665 0.8923608 0.04568831
v 0.4443146 0.8902876 0.03988077
v 0.4374592 0.8885151 0.04781599
v 0.4427789 0.8887775 0.03410561
v 0.4370963 0.8842799 0.03600416
v 0.4419468 0.8916907 0.0302148
v 0.4355691 0.8827928 0.03087491
v 0.4276041 0.8900108 0.02260495
v 0.441861 0.8894078 0.02674447
v 0.4381457 0.8978452 0.01942706
v 0.4383186 0.9013184 0.02339368
v 0.4364549 0.909196 0.0207223
v 0.4278162 0.9074195 0.01662224
v 0.4406072 0.9017721 0.02475819
v 0.4430239 0.8939365 0.02966428
v 0.4280674 0.9054707 0.01492328
v 0.4179608 0.9043802 0.01625656
v 0.4465414 0.8986629 0.03773805
v 0.443144 0.8999581 0.04686884
v 0.444621 0.9084328 0.03450423
v 0.4402748 0.9157579 0.0306296
v 0.4347137 0.9204834 0.03984131
v 0.4398793 0.9110292 0.04525732
v 0.4287488 0.9074164 0.05100325
v 0.4342784 0.8963166 0.05171219
v 0.4176792 0.8998082 0.04860358
v 0.422773 0.9184378 0.0446168
v 0.4329153 0.9245136 0.03446107
v 0.4381834 0.9185874 0.02759339
v 0.4359612 0.9255315 0.03162161
v 0.4453745 0.9262688 0.0307074
v 0.4403739 0.9183535 0.02614796
v 0.4469903 0.9144953 0.02712123
v 0.4367045 0.9100974 0.01818918
v 0.4450054 0.9024813 0.01054328
v 0.4380585 0.9049168 0.01324958
v 0.4270025 0.908792 0.01516404
v 0.4239694 0.9089237 0.01374956
v 0.4235165 0.9072656 0.01212385
v 0.4285424 0.9052657 0.01302955
v 0.4278872 0.9041116 -0.002170834
v 0.4362894 0.9025211 0.01110033
v 0.4354036 0.9015583 -0.002129666
v 0.4421506 0.9009357 0.008487434
v 0.4486373 0.9003199 -0.0001192454
v 0.4447859 0.899116 -0.002011556
v 0.4435969 0.898804 -0.01287141
v 0.4509364 0.8972524 -0.005200235
v 0.4499601 0.8966062 -0.01294778
v 0.454354 0.8966502 -0.0073617
v 0.4524815 0.8987708 -0.00326051
v 0.4576272 0.8971471 0.002981987
v 0.4562835 0.8980071 -0.006839292
v 0.4631636 0.8973262 -0.01166845
v 0.4679408 0.8997594 -5.252476e-05
v 0.4574884 0.8980179 -0.01249465
v 0.4547165 0.8981286 -0.0192093
v 0.454363 0.8961766 -0.01283847
v 0.4539531 0.8969398 -0.01841887
v 0.450485 0.8975551 -0.02081258
v 0.4442297 0.8994817 -0.02400013
v 0.4502928 0.8991084 -0.02300954
v 0.455212 0.8973648 -0.0275014
v 0.4469508 0.9004272 -0.02575133
v 0.4409584 0.9029092 -0.03604022
v 0.4404295 0.9022829 -0.03417999
v 0.4348457 0.9019734 -0.02246328
v 0.4346132 0.9039302 -0.03560128
v 0.4363408 0.906591 -0.03760773
v 0.4379733 0.9146603 -0.0501072
v 0.4286634 0.9097681 -0.03854778
v 0.4273034 0.9066123 -0.0359312
v 0.4228649 0.9085256 -0.03396762
v 0.4235779 0.9117376 -0.0364025
v 0.4215433 0.9109168 -0.03121703
v 0.4122175 0.9212329 -0.02989851
v 0.4146305 0.9315806 -0.04108089
v 0.4071441 0.956355 -0.02788923
v 0.3937855 0.9490188 -0.03130078
v 0.4251692 0.9386794 -0.04215893
v 0.4388651 0.9385258 -0.03911335
v 0.4366247 0.9446479 -0.0277555
v 0.4452649 0.9240968 -0.05123464
v 0.4537495 0.9040948 -0.05586165
v 0.4608077 0.9149856 -0.05633579
v 0.4557963 0.9290481 -0.04365546
v 0.4677143 0.9279047 -0.02960409
v 0.4700154 0.9219075 -0.04787419
v 0.4716559 0.9086682 -0.05904181
v 0.4799807 0.9160563 -0.05097883
v 0.4763266 0.9206952 -0.03568618
v 0.4841372 0.9149876 -0.03863239
v 0.481844 0.9061802 -0.02910582
v 0.4759036 0.9108509 -0.02745938
v 0.4902727 0.9055783 -0.04165384
v 0.4871311 0.9065218 -0.05189503
v 0.4926811 0.8972351 -0.04430194
v 0.4883187 0.8984576 -0.03385491
v 0.481859 0.8896463 -0.0332706
v 0.4746688 0.8952434 -0.02808456
v 0.4829544 0.8869913 -0.03845892
v 0.4915827 0.8915423 -0.04070101
v 0.489593 0.8881475 -0.04798691
v 0.4840489 0.8843393 -0.04364723
v 0.4834138 0.888284 -0.05401987
v 0.4799747 0.8858034 -0.05237372
v 0.4809397 0.8818558 -0.04213593
v 0.4657805 0.884063 -0.04109225
v 0.4796422 0.8867929 -0.03300315
v 0.4776372 0.8833351 -0.05191065
v 0.4664599 0.8876307 -0.05535088
v 0.4696069 0.8903799 -0.05595931
v 0.4624317 0.8987322 -0.05781216
v 0.472954 0.893359 -0.05751745
v 0.4586051 0.8954921 -0.05385946
v 0.4566531 0.8936475 -0.05254833
v 0.4521843 0.8960699 -0.04352372
v 0.4517695 0.8929522 -0.04260269
v 0.4567721 0.8974324 -0.03254974
v 0.4698525 0.8950421 -0.02984173
v 0.456851 0.8944794 -0.03267296
v 0.4678415 0.890278 -0.02948598
v 0.4672441 0.8994525 -0.02366652
v 0.4743403 0.9115201 -0.0279003
v 0.46581 0.8959918 -0.01252048
v 0.4740806 0.8955415 -0.02367107
v 0.471387 0.8923934 -0.02213819
v 0.4813531 0.887089 -0.02367788
v 0.4843763 0.8897289 -0.02461055
v 0.4814337 0.9069667 -0.0297628
v 0.4912016 0.9005132 -0.02973157
v 0.4963411 0.9130064 -0.02556366
v 0.4847635 0.9199519 -0.02622632
v 0.4658353 0.9340825 -0.01230783
v 0.4861385 0.9257538 -0.01267692
v 0.498728 0.9186737 -0.01275926
v 0.4969291 0.9147744 0.0003645502
v 0.5058717 0.9089555 -0.01238676
v 0.4854603 0.9214783 0.001154409
v 0.4693232 0.9287789 0.005397558
v 0.4814988 0.9090855 0.005657627
v 0.4755484 0.9122342 0.004550348
v 0.479174 0.9097008 0.00557018
v 0.4704606 0.8986907 0.003528244
v 0.4702928 0.8995042 -0.0007163242
v 0.4802197 0.9210402 0.01266187
v 0.4733898 0.9237186 0.02542738
v 0.4586692 0.9307013 0.02062804
v 0.4891904 0.913139 0.01756882
v 0.4862896 0.9035812 0.009289501
v 0.4942597 0.9034739 0.02190936
v 0.4846284 0.9151514 0.02999931
v 0.4837945 0.9004065 0.03883511
v 0.4751285 0.9099146 0.03875476
v 0.4910779 0.9045241 0.03151003
v 0.4931558 0.8950432 0.03102794
v 0.4882094 0.8941313 0.03638717
v 0.4954845 0.8961718 0.02499781
v 0.4919106 0.8966 0.01556124
v 0.4942268 0.8912828 0.02239287
v 0.492109 0.8887616 0.02910638
v 0.4881015 0.8853296 0.02557587
v 0.4857638 0.8890801 0.03529096
v 0.4839904 0.8854815 0.03132974
v 0.4773598 0.8865027 0.03320303
v 0.4845506 0.8848262 0.02512387
v 0.4821018 0.8820489 0.02463042
v 0.4837903 0.8872946 0.01568503
v 0.4906772 0.8874235 0.02044093
v 0.4861028 0.8887241 0.01446674
v 0.4772207 0.8938011 0.006889261
v 0.4740732 0.8931856 0.00790597
v 0.4716201 0.8893257 0.007517287
v 0.4809823 0.8851351 0.01423648
v 0.4609289 0.8958907 0.006517329
v 0.4513149 0.8998139 0.006762634
v 0.4605959 0.8944112 0.006890965
v 0.4574617 0.8969205 0.01103559
v 0.4532541 0.8944223 0.01454368
v 0.4539922 0.8979469 0.01555358
v 0.4533069 0.8944893 0.02567268
v 0.4545527 0.8978293 0.02657469
v 0.457638 0.9073335 0.03269141
v 0.4671476 0.8999351 0.03755748
v 0.4648047 0.8915874 0.03333335
v 0.4638226 0.8885679 0.03198304
v 0.4758462 0.8841079 0.03225986
v 0.4770225 0.8928281 0.03861677
v 0.4664401 0.8845303 0.0189921
v 0.4522036 0.9232082 0.0321585
v 0.4636591 0.9180704 0.03459224
v 0.4379208 0.940836 0.0185526
v 0.4371531 0.9459358 0.004837389
v 0.4060618 0.9589605 0.005978738
v 0.4166372 0.9476325 0.01867241
v 0.4361778 0.948108 -0.01151542
v 0.4083917 0.9622818 -0.01071676
v 0.391249 0.9743625 -0.01006516
v 0.3879624 0.9706414 -0.02275742
v 0.3882125 0.9711019 0.002492513
v 0.3799494 0.9736231 -0.0004627857
v 0.3824498 0.9758116 -0.00993513
v 0.3800124 0.9730138 -0.01949293
v 0.3732333 0.9677881 0.003174767
v 0.4223207 0.9410444 0.02566502
v 0.4258361 0.9348579 0.02969438
v 0.4343275 0.9360864 0.02733587
v 0.4835546 0.8948434 0.002214274
v 0.4800601 0.8911519 0.001850575
v 0.4692054 0.8965267 -0.002613178
v 0.4655687 0.8935433 -0.01262752
v 0.4794179 0.885237 -0.01212073
v 0.4924994 0.8838316 -0.02008462
v 0.4941595 0.8823064 -0.01102992
v 0.4914325 0.8859738 -0.001151286
v 0.4947543 0.8888493 -0.001184788
v 0.4984574 0.884873 -0.01093622
v 0.4909041 0.9030318 0.005631506
v 0.4993677 0.8969052 0.00165524
v 0.50062 0.8875765 -0.005519075
v 0.5048303 0.892888 -0.004765274
v 0.5008912 0.8860797 -0.01175419
v 0.5046738 0.8922645 -0.01884901
v 0.5006036 0.8870785 -0.01794785
v 0.5065079 0.8914736 -0.01185924
v 0.50834 0.8992026 -0.01202306
v 0.5069971 0.8986084 -0.01820224
v 0.5072756 0.8992149 -0.005795327
v 0.5042928 0.9060581 -0.002387747
v 0.4993878 0.8953027 -0.02533227
v 0.5038411 0.9048793 -0.02211775
v 0.494639 0.8864349 -0.02132278
v 0.4858884 0.8945242 -0.05583893
v 0.480448 0.9009953 -0.05855489
v 0.490629 0.8958748 -0.05079883
v 0.3979923 0.9233436 -0.00257996
v 0.4175012 0.9125686 -0.009748028
v 0.4229152 0.9101289 -0.01706459
v 0.4229248 0.9076424 -0.01781498
v 0.4233834 0.9072034 -0.01076758
v 0.4234027 0.9095364 -0.01058019
v 0.422945 0.9094021 -0.004012324
v 0.422028 0.9084132 0.007800637
v 0.4229782 0.9072452 -0.003690361
v 0.4242005 0.9058409 -0.01105802
v 0.4240503 0.9057538 -0.002861038
v 0.4277534 0.9042933 -0.01155318
v 0.4351004 0.9017034 -0.01227972
v 0.4274414 0.904548 -0.02093438
v 0.4238163 0.9061671 -0.01923996
v 0.492117 0.8986303 0.03200575
v 0.4937464 0.8972851 0.02675129
v 0.4997493 0.8863503 0.03437732
v 0.488687 0.8958402 0.03554251
v 0.4864971 0.9024756 0.02940365
v 0.4882472 0.9009334 0.02414464
v 0.4831526 0.8994766 0.03299833
v 0.4791303 0.8962314 0.02413754
v 0.479816 0.893317 0.03232544
v 0.4868276 0.8953195 0.02014225
v 0.4836375 0.8890963 0.01954319
v 0.4801465 0.8861609 0.02306405
v 0.4785403 0.8876384 0.02839687
v 0.4853345 0.8900588 0.03490058
v 0.4855054 0.883477 0.02570761
v 0.4838766 0.8848194 0.03096207
v 0.4942753 0.8813354 0.03579861
v 0.4925806 0.8783426 0.03285949
v 0.4933742 0.8776292 0.02927418
v 0.4986684 0.8730442 0.03286205
v 0.4993671 0.8725638 0.03188878
v 0.4997657 0.8733582 0.03095526
v 0.4959059 0.8792941 0.02708063
v 0.4889388 0.8862648 0.02217084
v 0.4988481 0.882644 0.02785289
v 0.4922913 0.8920465 0.02281278
v 0.5005425 0.8856368 0.03079229
v 0.5015609 0.8752286 0.03229535
v 0.5009253 0.8737156 0.03158527
v 0.5013037 0.8745311 0.03332824
v 0.5004633 0.8749146 0.03420185
v 0.4997456 0.8733792 0.03363175
v 0.5007989 0.8723091 0.03267125
v 0.4972173 0.8846854 0.03657086
v 0.5007566 0.8899234 -0.01765741
v 0.4975566 0.8986865 -0.01953467
v 0.4947557 0.8925675 -0.01754185
v 0.4997447 0.8877832 -0.01251424
v 0.503736 0.8956051 -0.0196366
v 0.5123086 0.8867421 -0.01745242
v 0.50952 0.8834333 -0.01613021
v 0.5085462 0.8821852 -0.01274166
v 0.5150476 0.8779435 -0.01402156
v 0.5152165 0.877301 -0.0129157
v 0.5163496 0.878339 -0.01413342
v 0.5172025 0.8799073 -0.0140684
v 0.5175427 0.8793721 -0.01296652
v 0.516857 0.8771022 -0.01295601
v 0.5164096 0.8783344 -0.0117488
v 0.5172565 0.8799039 -0.01184703
v 0.5151021 0.8779375 -0.0117999
v 0.5125329 0.8867168 -0.008194715
v 0.5040776 0.8955699 -0.005552861
v 0.5010042 0.8898984 -0.007414793
v 0.5153213 0.8900256 -0.009516919
v 0.5096835 0.8834151 -0.009397674
v 0.507057 0.901252 -0.007531767
v 0.5162954 0.8912737 -0.01290576
v 0.5068094 0.9012767 -0.01777466
v 0.5151578 0.8900437 -0.01624974
v 0.5080678 0.9033944 -0.01267522
v 0.5017654 0.9070572 -0.01251339
v 0.5008673 0.9047126 -0.007336716
v 0.497901 0.8986524 -0.005339923
v 0.4929886 0.900436 -0.01231777
v 0.4936893 0.8902808 -0.01236121
v 0.4950042 0.8925399 -0.007226272
v 0.5006189 0.9047402 -0.0176523
v 0.4903638 0.8993602 -0.04399758
v 0.4887571 0.9007085 -0.04925687
v 0.4963996 0.8884342 -0.05161112
v 0.4831265 0.9045511 -0.04667379
v 0.4848564 0.9030066 -0.04140939
v 0.4834206 0.8973881 -0.03741892
v 0.4888951 0.894118 -0.04007072
v 0.4971792 0.887717 -0.04802353
v 0.4954709 0.8847206 -0.04509435
v 0.4982036 0.8773078 -0.04953369
v 0.4975645 0.8757965 -0.04882787
v 0.4979512 0.8766142 -0.05056829
v 0.4971145 0.8769957 -0.05144531
v 0.4963939 0.8754597 -0.05087946
v 0.497441 0.8743911 -0.04991584
v 0.4960072 0.8746421 -0.04913904
v 0.4900052 0.879708 -0.04654319
v 0.4953133 0.8751267 -0.05011459
v 0.4964024 0.8754385 -0.04820297
v 0.4925261 0.8813701 -0.04433771
v 0.4855398 0.8883354 -0.03944865
v 0.4821208 0.8855488 -0.04300245
v 0.4802274 0.8911641 -0.03683945
v 0.4757395 0.8983043 -0.04144431
v 0.4767502 0.8882323 -0.04037791
v 0.475166 0.8897158 -0.04571528
v 0.4819848 0.8921427 -0.05218889
v 0.4805138 0.8868968 -0.04826202
v 0.4764589 0.8953962 -0.04963249
v 0.4797975 0.9015589 -0.05028522
v 0.4853407 0.8979225 -0.05281067
v 0.4938759 0.8867716 -0.05381659
v 0.4909311 0.8834208 -0.05305995
v 0.4892256 0.8804252 -0.05013077
v 0.4338148 0.8978299 0.05456045
v 0.4388103 0.8976468 0.05190156
v 0.4390593 0.8849287 0.05911194
v 0.4292795 0.8944916 0.05394946
v 0.4312076 0.9024782 0.04958622
v 0.4267191 0.8989201 0.049034
v 0.4305174 0.8980377 0.03954774
v 0.425628 0.8932764 0.0449717
v 0.4281089 0.8892113 0.04997319
v 0.4282054 0.8887403 0.04027485
v 0.4305103 0.8851129 0.04522893
v 0.4355055 0.8849301 0.04257004
v 0.4392671 0.8779892 0.04938889
v 0.4361083 0.8778995 0.05138767
v 0.4348582 0.8800339 0.05517599
v 0.4412231 0.8725022 0.05599963
v 0.4411316 0.873821 0.05720202
v 0.4359569 0.8829464 0.05845921
v 0.4423831 0.8736032 0.05713275
v 0.4432005 0.8745038 0.05675797
v 0.4434402 0.8732335 0.05552293
v 0.4427684 0.8716254 0.05588351
v 0.4422801 0.8721325 0.05438953
v 0.4431148 0.8730995 0.05420414
v 0.4410496 0.8724147 0.05464818
v 0.4434708 0.8828848 0.05332484
v 0.4423721 0.879972 0.05004162
v 0.4400417 0.8882656 0.04318103
v 0.4378038 0.8919167 0.03821247
v 0.4412117 0.8935487 0.0471573
v 0.4363175 0.9020966 0.04697162
v 0.4388364 0.8976479 0.04213366
v 0.442221 0.885019 0.05711316
v 0.4332563 0.8884487 0.03751915
v -0.01574011 1.326623 0.01750125
v 1.817073e-05 1.327154 -0.007804044
v -0.01069291 1.326552 0.02098634
v -0.02183128 1.326697 0.01307412
v -0.0117417 1.34849 0.0160757
v -0.007938337 1.345711 0.01939299
v -4.372332e-05 1.34347 0.02194882
v -0.008030042 1.351253 0.01998695
v -4.571074e-05 1.348987 0.02260524
v 0.007950262 1.351253 0.02002045
v 0.007861112 1.345711 0.01942621
v -4.713033e-05 1.354501 0.02326194
v 0.008039412 1.356795 0.02061469
v -5.735136e-05 1.364659 0.0280874
v -0.008121748 1.356795 0.02058091
v -0.01040331 1.367288 0.02500917
v -0.01198587 1.354069 0.01658391
v -0.01222975 1.359645 0.01709213
v -0.0171932 1.357485 0.01225247
v -0.01775962 1.363106 0.01265364
v -0.01593516 1.370548 0.02100309
v -0.01542042 1.372896 0.03083828
v -0.02344109 1.376376 0.02816179
v -0.0233826 1.374454 0.01590109
v -0.03465328 1.378656 0.01034851
v -0.03432507 1.376723 -0.004155986
v -0.03123122 1.37509 -0.01803416
v -0.04927163 1.382563 -0.009937401
v -0.04967338 1.383642 0.004661928
v -0.02643415 1.36521 -0.004656249
v -0.02543646 1.359591 -0.004587541
v -0.02440187 1.363771 -0.01645871
v -0.0236245 1.358175 -0.01605611
v -0.02149995 1.361851 -0.02772768
v -0.02701278 1.372952 -0.03123293
v -0.02091508 1.356278 -0.02703095
v -0.01839957 1.360815 -0.03300968
v -0.02295588 1.371817 -0.03739905
v -0.01792684 1.355253 -0.03217866
v -0.007232802 1.359549 -0.03985494
v -0.009069749 1.370497 -0.04538225
v -0.02651961 1.376873 -0.04452311
v -0.009601243 1.375482 -0.05118637
v 0.009820143 1.375482 -0.05114549
v 0.009264516 1.370497 -0.04534363
v 0.01854238 1.360815 -0.03293217
v 0.02311714 1.371817 -0.03730223
v 0.007404572 1.359549 -0.03982399
v 0.02671069 1.376873 -0.04441125
v 0.03116734 1.381615 -0.05204097
v 0.03988219 1.382972 -0.04652729
v 0.03300514 1.378006 -0.03898189
v 0.04198716 1.380729 -0.02476812
v 0.05286461 1.386586 -0.03108841
v 0.02714792 1.372952 -0.03111908
v 0.02162033 1.361851 -0.02763711
v 0.031311 1.37509 -0.01790271
v 0.03434637 1.376723 -0.004011756
v 0.04931706 1.382563 -0.009730425
v 0.02447512 1.363771 -0.01635621
v 0.02645772 1.36521 -0.004545237
v 0.02545975 1.359591 -0.004480504
v 0.0177105 1.363106 0.01272831
v 0.01714579 1.357485 0.01232458
v 0.01216218 1.359645 0.01714323
v 0.01585112 1.370545 0.02106981
v 0.02331986 1.374454 0.01599904
v 0.02332667 1.376376 0.02826003
v 0.03461382 1.378656 0.01049416
v 0.04965776 1.383642 0.004870323
v 0.04785659 1.385144 0.02097158
v 0.03366894 1.380297 0.02490923
v 0.03336998 1.380666 0.03093056
v 0.04682654 1.385493 0.02824327
v 0.05723751 1.392037 0.04156242
v 0.06358534 1.392066 0.02566701
v 0.04378124 1.38538 0.04114762
v 0.03943502 1.385081 0.05292111
v 0.03225702 1.380471 0.04166576
v 0.05028295 1.392063 0.05460418
v 0.06018827 1.400069 0.0569587
v 0.04967253 1.399621 0.06808686
v 0.0424701 1.391717 0.06554267
v 0.04293459 1.399442 0.07408064
v 0.03856879 1.392035 0.06997264
v 0.03468906 1.385229 0.06364582
v 0.02989511 1.379954 0.05240069
v 0.02751077 1.380218 0.06303397
v 0.03225248 1.386109 0.06855731
v 0.02722884 1.386351 0.07440686
v 0.02912626 1.389371 0.07532165
v 0.03390062 1.390666 0.07260257
v 0.02618686 1.380649 0.06754741
v 0.02074302 1.376257 0.0633724
v 0.020318 1.376527 0.06819673
v 0.02415373 1.381765 0.07325387
v 0.0226853 1.383826 0.07760236
v 0.01937511 1.377822 0.07495851
v 0.0140613 1.373878 0.07727017
v 0.01422569 1.373168 0.06928698
v 0.0184802 1.380275 0.08067434
v 0.01387364 1.376271 0.08467105
v 0.01701746 1.384744 0.08633793
v 0.0162841 1.38798 0.09065717
v 0.0123436 1.385201 0.09557888
v 0.01256563 1.380976 0.09233229
v 0.02394874 1.386527 0.07786526
v 0.02218618 1.389644 0.08148067
v 0.0240183 1.392824 0.08645689
v 0.027113 1.391504 0.0786872
v 0.02520365 1.389207 0.07812618
v 0.0215096 1.39978 0.07513994
v 0.01833938 1.39744 0.0777693
v 0.01301535 1.402596 0.08349904
v 0.01384411 1.381322 0.08491352
v 0.02232274 1.388707 0.07579976
v 0.01912782 1.379795 0.07505419
v 0.02008916 1.3875 0.07237997
v 0.0177511 1.38009 0.06822796
v 0.01297844 1.385198 0.0728033
v 0.006756956 1.384278 0.07536395
v 0.01266329 1.390399 0.06632174
v 0.006891533 1.389633 0.06485105
v 0.01701774 1.384369 0.06660197
v 0.02006957 1.389775 0.07104698
v 0.01667505 1.389942 0.06663405
v 0.01246654 1.390652 0.06428832
v 0.01705011 1.395771 0.06680355
v 0.01971666 1.393755 0.07057653
v 0.02222252 1.396214 0.07487022
v 0.02215892 1.393042 0.07462889
v 0.01977827 1.397991 0.07069294
v 0.01955199 1.401475 0.07161056
v 0.01696266 1.397991 0.07202053
v 0.01271497 1.396577 0.06548503
v 0.01239244 1.400308 0.07333138
v 0.006795569 1.397398 0.06434482
v 0.006472186 1.401696 0.07626113
v -0.0001331574 1.398238 0.06429173
v 0.006745315 1.404845 0.09261762
v -0.0001641044 1.403147 0.07661631
v -0.007130024 1.404845 0.09258838
v -0.006795285 1.401716 0.07620264
v -0.0002004459 1.407079 0.09631026
v -0.0002279859 1.389462 0.1093191
v 0.009723043 1.389857 0.1105712
v -0.0002223075 1.385167 0.1066454
v 0.008421281 1.38714 0.1036992
v -0.008852268 1.38714 0.1036632
v -0.000210383 1.381893 0.1010562
v -0.0002399104 1.392145 0.1151241
v -0.01018299 1.389857 0.1105294
v -0.01303807 1.393971 0.1157575
v -0.02199112 1.394689 0.1007411
v -0.01864714 1.38967 0.0956439
v -0.02437688 1.392824 0.08635525
v -0.0267334 1.396466 0.08866095
v -0.01666029 1.38798 0.09058818
v -0.01336145 1.402596 0.08344368
v -0.0127408 1.385201 0.09552636
v -0.02252375 1.389644 0.08138669
v -0.01737576 1.384744 0.08626582
v -0.007582872 1.380871 0.09604536
v -0.01419617 1.381322 0.08485446
v -0.01327798 1.385201 0.07275134
v -0.00705876 1.384292 0.0753489
v -0.0194387 1.379795 0.07497243
v -0.01803445 1.38009 0.06814989
v -0.02038898 1.3875 0.0722931
v -0.02263675 1.388707 0.07570437
v -0.02320629 1.390433 0.07469021
v -0.02743894 1.391504 0.07857279
v -0.02253057 1.396222 0.07477709
v -0.02246754 1.393042 0.07453519
v -0.02552732 1.389207 0.07801971
v -0.029438 1.389371 0.07519871
v -0.02893745 1.39526 0.08299991
v -0.03040247 1.392313 0.0775345
v -0.02182077 1.399783 0.07504937
v -0.01726049 1.397991 0.07194899
v -0.01866162 1.39744 0.07769179
v -0.01984783 1.401478 0.07152822
v -0.02007014 1.397991 0.07061003
v -0.02000768 1.393755 0.07049533
v -0.01732664 1.395771 0.06673115
v -0.01298497 1.396574 0.06543336
v -0.0169672 1.389951 0.06653241
v -0.01271213 1.390621 0.06428946
v -0.007117815 1.389692 0.06488029
v -0.007044564 1.391805 0.06304902
v -0.01294239 1.390399 0.06625729
v -0.01728803 1.384377 0.06655115
v -0.02036314 1.389775 0.07096124
v -0.0001306021 1.389661 0.06465032
v -0.007061599 1.397398 0.06431558
v -0.0001300343 1.391881 0.06294028
v 0.006786483 1.391799 0.06307259
v -0.01269509 1.400297 0.073301
v -0.0001555869 1.384204 0.07625772
v 0.007183684 1.380871 0.09607631
v -0.03229336 1.398636 0.08306039
v -0.03444404 1.394848 0.07697177
v -0.03444148 1.400456 0.08248091
v -0.0388581 1.392035 0.06981024
v -0.034201 1.390666 0.07245976
v -0.04324094 1.399442 0.0738995
v -0.03742318 1.406455 0.08468298
v -0.04995389 1.399621 0.06787761
v -0.04274068 1.391717 0.06536352
v -0.04895649 1.407162 0.07496618
v -0.05548063 1.407559 0.06980626
v -0.05038118 1.413538 0.07678013
v -0.04090458 1.414069 0.08243066
v -0.04277702 1.422016 0.07892286
v -0.03274195 1.41604 0.08795342
v -0.03127069 1.405819 0.08998628
v -0.02130972 1.423172 0.1009069
v -0.01871784 1.428739 0.094703
v -0.02422101 1.416991 0.1049973
v -0.03264201 1.424035 0.08318049
v -0.04176939 1.42801 0.07655867
v -0.03204805 1.429353 0.07947422
v -0.01769886 1.434934 0.08653469
v -0.007367947 1.439375 0.09584946
v -0.02173162 1.435783 0.07734257
v -0.01562768 1.443798 0.08421167
v -0.02235766 1.448909 0.07758674
v -0.01729797 1.452333 0.08338292
v -0.007413089 1.447123 0.0902824
v -0.02097385 1.441842 0.07749248
v -0.02002272 1.439951 0.07434554
v -0.02130376 1.446885 0.07465614
v -0.0243942 1.458846 0.07468993
v -0.02334087 1.459173 0.07416014
v -0.01971439 1.445482 0.07425979
v -0.01803644 1.444906 0.06424971
v -0.02334825 1.457554 0.06314413
v -0.01843648 1.438185 0.07396594
v -0.02125947 1.434705 0.07390916
v -0.01731301 1.438799 0.06413046
v -0.02004203 1.433069 0.07343161
v -0.01929561 1.434582 0.06343742
v -0.02977984 1.430593 0.07124629
v -0.03792771 1.430761 0.06862715
v -0.02746051 1.431283 0.06085462
v -0.03101545 1.433245 0.07214063
v -0.03899069 1.433714 0.06989257
v -0.03183086 1.434242 0.07527849
v -0.04011529 1.434639 0.07321924
v -0.05511636 1.437007 0.06790203
v -0.05389836 1.436717 0.06388289
v -0.06609943 1.440286 0.0606431
v -0.05853729 1.429759 0.07093029
v -0.07074092 1.434219 0.06292268
v -0.07294923 1.426039 0.06286504
v -0.06039184 1.422621 0.07187318
v -0.07104102 1.41516 0.06095598
v -0.05869656 1.413927 0.07116055
v -0.06719933 1.408002 0.05903698
v -0.07886068 1.409524 0.04505659
v -0.08390306 1.418527 0.04717689
v -0.0604225 1.400069 0.05670545
v -0.07000103 1.400297 0.04274408
v -0.05740729 1.392037 0.04132166
v -0.0636884 1.392066 0.02539956
v -0.07889248 1.401003 0.0248533
v -0.08938352 1.411298 0.02727852
v -0.0843278 1.402928 0.01102111
v -0.06592795 1.391861 0.0163122
v -0.04794006 1.385144 0.02077028
v -0.06573204 1.390428 -0.0006603924
v -0.06332073 1.38959 -0.01519698
v -0.078087 1.399198 -0.02018654
v -0.1054569 1.404371 -0.004320375
v -0.08994567 1.406455 -0.01551127
v -0.09986349 1.40876 -0.006398936
v -0.09670689 1.408593 0.001966697
v -0.1079188 1.415952 -0.0008798608
v -0.1023642 1.416281 0.004914898
v -0.09466495 1.413519 0.01463908
v -0.09533386 1.422434 0.02863451
v -0.09957503 1.424009 0.014674
v -0.1007891 1.437413 0.01055435
v -0.1063178 1.423399 0.004464889
v -0.09771962 1.437654 0.02647163
v -0.0963625 1.450502 0.02507589
v -0.09311164 1.449403 0.03227831
v -0.09200862 1.43722 0.03924111
v -0.08595834 1.443316 0.04580926
v -0.08610001 1.432172 0.04896586
v -0.08771919 1.450147 0.03989383
v -0.08661191 1.457736 0.03855204
v -0.07966161 1.446927 0.0477646
v -0.08199201 1.451427 0.04418752
v -0.08136654 1.452322 0.04238266
v -0.08158033 1.456583 0.04416623
v -0.07861481 1.447938 0.04517385
v -0.07552408 1.445598 0.04648129
v -0.07901115 1.448213 0.04339539
v -0.07527679 1.445655 0.04839007
v -0.07631536 1.444738 0.05160203
v -0.06529396 1.440939 0.05652289
v -0.06516364 1.440184 0.05438471
v -0.05326238 1.434528 0.06194884
v -0.04885655 1.435162 0.05176415
v -0.06001423 1.441405 0.04493536
v -0.04225177 1.444412 0.03817216
v -0.05762676 1.452623 0.02848091
v -0.06887586 1.447699 0.0384115
v -0.05097656 1.448318 0.03285523
v -0.05362296 1.457537 0.02509037
v -0.04741652 1.455845 0.02865836
v -0.04017747 1.461305 0.03928228
v -0.0496376 1.463377 0.03363118
v -0.03924338 1.45298 0.03350597
v -0.02946838 1.448534 0.03891489
v -0.02926027 1.455303 0.04477211
v -0.04474315 1.473025 0.05514106
v -0.02917623 1.465433 0.0613847
v -0.02440556 1.451314 0.04705623
v -0.01896059 1.445278 0.05655952
v -0.01987849 1.445686 0.05095186
v -0.02495948 1.446158 0.04165072
v -0.03131498 1.44084 0.04376193
v -0.01988048 1.4426 0.04902264
v -0.02609373 1.439778 0.04626239
v -0.0346689 1.431181 0.05821561
v -0.02074785 1.439483 0.05051207
v -0.01837089 1.440729 0.05634317
v -0.0478194 1.476812 0.0672882
v -0.02629021 1.466901 0.07304065
v -0.0478864 1.474933 0.06872084
v -0.02721862 1.465774 0.07380638
v -0.04678281 1.475864 0.07271301
v -0.02643557 1.466322 0.07716768
v -0.02421022 1.459905 0.07767845
v -0.02556905 1.459346 0.07468766
v -0.02783841 1.464541 0.07380496
v -0.04801047 1.473332 0.06872056
v -0.06313476 1.47206 0.06306691
v -0.06299905 1.470677 0.05951595
v -0.0469066 1.47426 0.07271273
v -0.06318473 1.471847 0.05951567
v -0.07403238 1.466265 0.04984316
v -0.06324209 1.473317 0.05765061
v -0.07439693 1.467591 0.05248558
v -0.06332073 1.473229 0.06306662
v -0.06488824 1.483655 0.06425425
v -0.07805237 1.475858 0.04898828
v -0.08875152 1.478363 0.02989028
v -0.08217797 1.469271 0.04366284
v -0.07894472 1.502206 0.04225603
v -0.05511551 1.529666 0.0542419
v -0.06183868 1.504415 0.06337155
v -0.07565184 1.528267 0.03017363
v -0.08535984 1.501258 0.03233339
v -0.0930506 1.496295 0.01101799
v -0.08909648 1.509744 0.01065798
v -0.09958553 1.528553 0.02168194
v -0.08513412 1.524993 0.0081226
v -0.09968661 1.526373 0.02158427
v -0.1000722 1.521649 0.01049927
v -0.08994085 1.508671 0.004176712
v -0.09158729 1.502078 0.004515426
v -0.09217102 1.499778 -0.001604135
v -0.1054056 1.510914 0.007760037
v -0.1049899 1.512771 0.01287425
v -0.1161771 1.524675 0.01900062
v -0.1161232 1.522296 0.01386938
v -0.1221911 1.525899 0.01400622
v -0.1248727 1.522864 0.01560752
v -0.1164062 1.514454 0.01506723
v -0.1210579 1.527648 0.009438842
v -0.1327031 1.53365 0.01507603
v -0.1225567 1.526413 0.00647389
v -0.1129481 1.521978 0.0009076847
v -0.1267161 1.534814 0.01337508
v -0.122848 1.537852 0.004974237
v -0.1140702 1.527145 -4.230373e-05
v -0.1047514 1.516425 -0.008476077
v -0.1202371 1.545325 0.005070201
v -0.1050376 1.526952 -0.006907432
v -0.1208214 1.544919 -0.002582515
v -0.0941752 1.511873 -0.01650073
v -0.1006974 1.519062 -0.01869285
v -0.1132147 1.549651 -0.01797823
v -0.09668843 1.5279 -0.03050581
v -0.08955302 1.506936 -0.025577
v -0.1084032 1.50647 -0.006994595
v -0.09055525 1.500599 -0.02499724
v -0.1060035 1.515956 -0.00959812
v -0.08299196 1.519817 -0.04135885
v -0.08989571 1.492953 -0.04401178
v -0.09582305 1.474362 -0.01586532
v -0.07028466 1.516075 -0.0740054
v -0.07651296 1.488907 -0.07808047
v -0.09028212 1.47173 -0.04504722
v -0.09334616 1.493121 -0.01387733
v -0.09364966 1.495346 -0.001109266
v -0.1087586 1.50036 0.002301152
v -0.1066903 1.503719 0.008822741
v -0.1184672 1.511893 0.009828661
v -0.1170368 1.515366 0.002180204
v -0.1252383 1.523378 0.008113798
v -0.1145471 1.520837 -0.0003778944
v -0.1263715 1.521632 0.01264967
v -0.09705582 1.473332 0.002303992
v -0.09497698 1.468144 0.01494457
v -0.09819632 1.456745 -0.002501314
v -0.1027691 1.443282 -0.00599634
v -0.09827752 1.453253 0.01382452
v -0.09587586 1.457006 -0.02165241
v -0.0896274 1.454919 -0.04710421
v -0.09504853 1.43956 -0.02534448
v -0.08807494 1.439511 -0.05026052
v -0.0914547 1.426761 -0.03324079
v -0.1003558 1.424921 -0.02233523
v -0.1010412 1.431121 -0.01692149
v -0.1072329 1.427876 -0.01301138
v -0.1091521 1.434858 -0.00738924
v -0.1052545 1.430077 0.001062988
v -0.1119868 1.426548 -0.002934857
v -0.1167503 1.430727 -0.007788996
v -0.1194362 1.424324 -0.001944836
v -0.1303506 1.428251 -0.008036289
v -0.1168923 1.424759 -0.01460927
v -0.1055325 1.416338 -0.01516432
v -0.1151652 1.416355 -0.007693316
v -0.09799275 1.417684 -0.02390416
v -0.09350827 1.411585 -0.02199765
v -0.0833903 1.409569 -0.03039793
v -0.08787563 1.417726 -0.03416551
v -0.08349762 1.42368 -0.05144162
v -0.07373937 1.406327 -0.04623655
v -0.07916163 1.414623 -0.04976253
v -0.06225632 1.409788 -0.0687163
v -0.05747373 1.40194 -0.06437605
v -0.04473832 1.398871 -0.07116566
v -0.04869812 1.406077 -0.07619668
v -0.04623144 1.388514 -0.05345403
v -0.06149684 1.392895 -0.03700412
v -0.05272947 1.386586 -0.03131015
v -0.0418787 1.380729 -0.02494415
v -0.03283678 1.378006 -0.03912016
v -0.03968203 1.382972 -0.04669451
v -0.03572081 1.386703 -0.05941743
v -0.03094418 1.381615 -0.05217129
v -0.01187031 1.384695 -0.06594555
v -0.01052767 1.380187 -0.05852281
v 0.01077751 1.380187 -0.05847795
v 0.01215139 1.384695 -0.06589501
v 0.01524723 1.39317 -0.07760775
v 0.03597435 1.386703 -0.05926667
v 0.04504126 1.398871 -0.07097714
v 0.04645971 1.388514 -0.05325954
v 0.057748 1.40194 -0.06413415
v 0.06165584 1.392895 -0.03674547
v 0.08352147 1.409569 -0.03004757
v 0.0633883 1.38959 -0.01493094
v 0.0781753 1.399198 -0.01985834
v 0.07393726 1.406327 -0.04592652
v 0.07937429 1.414623 -0.04942978
v 0.0880227 1.417726 -0.03379614
v 0.09360424 1.411585 -0.02160471
v 0.09809667 1.417684 -0.02349248
v 0.09159779 1.426761 -0.03285637
v 0.08371709 1.42368 -0.05109041
v 0.06254876 1.409788 -0.06845425
v 0.07242654 1.4336 -0.0750153
v 0.08828958 1.439511 -0.04989029
v 0.06666897 1.417882 -0.07174769
v 0.0568088 1.428297 -0.0860648
v 0.05238536 1.413604 -0.08025982
v 0.01789107 1.403701 -0.08855732
v 0.04902207 1.406077 -0.07599141
v 0.0190134 1.416403 -0.0981137
v 0.01927943 1.43203 -0.1060075
v -0.01859689 1.416403 -0.09819263
v -0.0175146 1.403701 -0.0886317
v 0.01671593 1.398102 -0.08314414
v -0.05204352 1.413604 -0.08047929
v -0.01636217 1.398102 -0.0832137
v -0.01491675 1.39317 -0.07767106
v -0.05644254 1.428297 -0.08630273
v -0.06636262 1.417882 -0.07202707
v -0.07210656 1.4336 -0.07531881
v -0.07528445 1.449849 -0.07699534
v -0.05875136 1.443986 -0.09053111
v -0.0185313 1.451583 -0.1117099
v -0.05962895 1.461637 -0.09368686
v -0.0188297 1.43203 -0.1060875
v -0.07694821 1.467452 -0.07824486
v -0.05888537 1.484424 -0.09454117
v -0.01792599 1.477616 -0.1140037
v -0.01656148 1.511024 -0.1079168
v 0.01701887 1.511024 -0.1078464
v 0.01840894 1.477616 -0.1139273
v 0.05928626 1.484424 -0.09429302
v 0.06002615 1.461637 -0.09343559
v 0.01900459 1.451583 -0.1116313
v 0.0591355 1.443986 -0.09028354
v 0.07561153 1.449849 -0.07667849
v 0.0898287 1.454919 -0.04672716
v 0.07728039 1.467452 -0.07792091
v 0.0904749 1.47173 -0.04466763
v 0.0768443 1.488907 -0.07775851
v 0.07059924 1.516075 -0.07370956
v 0.05449203 1.513724 -0.08908569
v 0.09008394 1.492953 -0.04363388
v 0.09589318 1.474362 -0.01546272
v 0.09340777 1.493121 -0.01348495
v 0.0906637 1.500599 -0.02461679
v 0.08966403 1.506936 -0.02520081
v 0.08316941 1.519817 -0.04100992
v 0.07412181 1.529965 -0.05032327
v 0.08611137 1.539041 -0.04235597
v 0.09682017 1.5279 -0.03009953
v 0.09540598 1.554069 -0.03647433
v 0.1007791 1.519062 -0.01826982
v 0.1132934 1.549651 -0.01750267
v 0.1208356 1.544919 -0.002075154
v 0.1184757 1.564347 -0.01408459
v 0.09935527 1.56795 -0.03438952
v 0.1288413 1.562575 0.004521104
v 0.119625 1.581107 -0.01213861
v 0.1005571 1.585294 -0.03157817
v 0.1167943 1.597702 -0.01015687
v 0.1307216 1.57883 0.006433858
v 0.1286797 1.595234 0.007896317
v 0.124143 1.610745 0.01018668
v 0.1271224 1.595334 0.02480361
v 0.1287572 1.579176 0.02379769
v 0.1118289 1.612925 -0.006974153
v 0.09361758 1.616576 -0.02361769
v 0.08946642 1.62803 -0.01998014
v 0.1062883 1.625403 -0.004546657
v 0.1002351 1.638671 -0.001899409
v 0.1183945 1.623899 0.01142825
v 0.08552593 1.640369 -0.01543518
v 0.07721396 1.630954 -0.02938264
v 0.08025443 1.655218 -0.009811626
v 0.07559733 1.642376 -0.02324462
v 0.0920972 1.654363 0.0009914404
v 0.1017234 1.653863 0.01279475
v 0.08329036 1.671537 0.004351606
v 0.1112986 1.637768 0.01220221
v 0.1115652 1.638024 0.02395782
v 0.1179329 1.624117 0.02524312
v 0.1027824 1.654119 0.02199311
v 0.09002347 1.672119 0.02239855
v 0.09858046 1.654834 0.02953851
v 0.09212105 1.671688 0.01796063
v 0.09069266 1.671444 0.01220278
v 0.08209109 1.68648 0.01201312
v 0.08107353 1.686789 0.01419929
v 0.08850082 1.671446 0.02144998
v 0.07380212 1.696636 0.008647847
v 0.07936208 1.686187 0.01336883
v 0.06947748 1.685955 0.006921344
v 0.06937073 1.671838 0.006477297
v 0.07226896 1.695926 0.008130549
v 0.07013589 1.699117 0.006360891
v 0.0700368 1.694889 0.005605386
v 0.06858882 1.695699 0.007096237
v 0.06330682 1.687139 0.008932049
v 0.06800764 1.696116 0.007465046
v 0.0632418 1.686241 0.008236735
v 0.05714723 1.672951 0.01155942
v 0.0569993 1.672028 0.01057111
v 0.05348128 1.656595 0.01690588
v 0.05364993 1.657435 0.01793508
v 0.07064694 1.656282 0.005224368
v 0.07234051 1.642263 0.004579875
v 0.05203926 1.642592 0.0247826
v 0.09725485 1.654201 0.02856155
v 0.1051356 1.638932 0.03439691
v 0.1038764 1.63841 0.03345458
v 0.1097609 1.625352 0.0378607
v 0.1084582 1.624858 0.03693115
v 0.07247707 1.630369 0.003378052
v 0.07136156 1.619345 0.001128005
v 0.05110688 1.6309 0.03088655
v 0.05024604 1.620316 0.03693485
v 0.051246 1.631442 0.03197367
v 0.05016995 1.619876 0.03584148
v 0.04973328 1.606716 0.0406235
v 0.04972903 1.606333 0.03949607
v 0.04975515 1.591472 0.04331817
v 0.04981505 1.59122 0.04216745
v 0.07025939 1.605359 -0.002518917
v 0.1123391 1.611815 0.03925843
v 0.06885372 1.589837 -0.006741624
v 0.1156979 1.596574 0.04019422
v 0.1170854 1.596952 0.0412396
v 0.1186333 1.580933 0.04117572
v 0.1172276 1.580828 0.04001904
v 0.1167989 1.565031 0.03991286
v 0.1155235 1.565173 0.03877066
v 0.06700882 1.573066 -0.0106154
v 0.1108849 1.551256 0.03501443
v 0.05118354 1.562218 0.04180772
v 0.06169445 1.555171 -0.01380777
v 0.05093113 1.57486 0.04263875
v 0.05082921 1.574957 0.0437906
v 0.05105918 1.562249 0.04297463
v 0.04984912 1.549251 0.03671765
v 0.02731486 1.564835 0.02212769
v 0.03755407 1.559004 0.03034654
v 0.01941911 1.550884 0.05121817
v 0.01757535 1.560415 0.03703876
v 0.01602034 1.566351 0.02391154
v -4.940167e-05 1.566982 0.02438001
v -0.0177264 1.560415 0.03696466
v -0.01962978 1.550884 0.05113612
v -0.03767701 1.559004 0.03018839
v -0.04999846 1.549251 0.03650783
v -0.02159194 1.539246 0.06407453
v -0.05140016 1.540634 0.04665107
v -0.02340901 1.52714 0.07365789
v -0.0703105 1.539379 0.02506027
v -0.05686047 1.555174 0.01486082
v -0.07894727 1.537182 0.003640676
v -0.0616317 1.555171 -0.0140667
v -0.1110266 1.551256 0.03454823
v -0.116961 1.565031 0.03942196
v -0.1119819 1.550458 0.03535058
v -0.1156811 1.565173 0.03828516
v -0.06695942 1.573066 -0.01089676
v -0.05135417 1.562218 0.04159251
v -0.1173903 1.580828 0.03952616
v -0.0688205 1.589837 -0.007030652
v -0.05110546 1.57486 0.04242439
v -0.04998739 1.59122 0.04195763
v -0.05123492 1.562249 0.04275998
v -0.05100864 1.574957 0.04357681
v -0.02630866 1.580456 0.02274436
v -0.04993231 1.591472 0.04310892
v -0.02740316 1.564835 0.0220127
v -0.0161163 1.566351 0.02384425
v -0.01341397 1.570369 0.004741425
v -0.01676789 1.584465 -0.0164411
v -0.01335492 1.571113 -0.01997048
v -0.01418623 1.584451 0.003548403
v -2.271341e-06 1.571675 0.001656659
v 2.754001e-05 1.572132 -0.01253014
v 5.167301e-05 1.571962 -0.02389224
v 0.01344265 1.571113 -0.01991427
v 0.01339836 1.570366 0.00479764
v 0.01684114 1.584465 -0.01637041
v 0.01417544 1.584451 0.003607741
v 0.02621724 1.580456 0.02285452
v 0.0282975 1.596557 0.02478885
v 0.01847395 1.600385 0.007089991
v 0.03202534 1.611699 0.02531495
v 0.02436979 1.615279 0.01029088
v 0.03624067 1.624486 0.02442856
v 0.04005396 1.63481 0.02235937
v 0.03026647 1.627334 0.01211562
v 0.03951168 1.637251 0.0001192454
v 0.03547267 1.63705 0.01227887
v 0.03418993 1.6278 -0.002175661
v 0.04920236 1.636303 -0.0131292
v 0.04457649 1.626962 -0.01741522
v 0.02823902 1.615858 -0.006388999
v 0.02183525 1.600813 -0.01178911
v 0.03944042 1.614765 -0.02386328
v 0.0558483 1.625832 -0.03090898
v 0.03361443 1.599402 -0.03120454
v 0.0518638 1.613289 -0.03940408
v 0.06493423 1.610748 -0.04698581
v 0.06155306 1.594686 -0.05582133
v 0.04691228 1.597605 -0.04816407
v 0.02838836 1.582342 -0.03671822
v 0.04120525 1.580002 -0.05449118
v 0.05670261 1.576868 -0.06272791
v 0.05161821 1.562317 -0.06580586
v 0.08002361 1.590237 -0.04878273
v 0.07705553 1.572504 -0.05367832
v 0.07236124 1.558055 -0.05743114
v 0.06575078 1.54485 -0.06032795
v 0.05858186 1.54315 -0.06258907
v 0.04554522 1.55144 -0.06444533
v 0.03430293 1.560557 -0.0567929
v 0.045353 1.54227 -0.075446
v 0.04035861 1.553155 -0.06690718
v 0.01423052 1.553555 -0.07687553
v 0.01425068 1.561729 -0.06319041
v -0.01398096 1.561729 -0.06324947
v -0.01459706 1.566374 -0.05111852
v 0.01481596 1.566374 -0.05105662
v 0.01576396 1.569588 -0.03549595
v 7.807735e-05 1.570474 -0.0359593
v 0.02140597 1.568004 -0.0376347
v 0.03634486 1.565818 -0.05695132
v -0.01561036 1.569588 -0.03556182
v -0.02124329 1.568004 -0.03772414
v -0.04097159 1.580002 -0.0546638
v -0.02822965 1.582342 -0.03683718
v -0.03610098 1.565818 -0.0571035
v -0.03405961 1.560557 -0.05693656
v -0.04007299 1.553155 -0.06707611
v -0.05133714 1.562317 -0.06602192
v -0.04526982 1.55144 -0.06463612
v -0.04503132 1.54227 -0.07563566
v -0.0654927 1.54485 -0.06060364
v -0.05831413 1.54315 -0.06283466
v -0.07390546 1.529965 -0.05063416
v -0.06453278 1.530442 -0.06972307
v -0.04996297 1.528451 -0.08355327
v -0.054113 1.513724 -0.08931367
v -0.01557629 1.526725 -0.1003379
v 0.01493492 1.541458 -0.08965721
v -0.0145539 1.541458 -0.08971911
v 0.0160016 1.526725 -0.1002715
v 0.05031787 1.528451 -0.0833426
v 0.06482947 1.530442 -0.06945136
v -0.01390316 1.553555 -0.07693458
v -0.08592852 1.539041 -0.0427174
v -0.09524755 1.554069 -0.03687494
v -0.07211508 1.558055 -0.05773465
v -0.05643431 1.576868 -0.06296527
v -0.07682499 1.572504 -0.0540017
v -0.07981379 1.590237 -0.0491186
v -0.09920565 1.56795 -0.0348066
v -0.1004191 1.585294 -0.03200036
v -0.1167464 1.597702 -0.0106472
v -0.1195688 1.581107 -0.01264086
v -0.09766568 1.601929 -0.02823788
v -0.09351338 1.616576 -0.02401063
v -0.08000487 1.606656 -0.04230117
v -0.07855774 1.620554 -0.03522453
v -0.061314 1.594686 -0.05607941
v -0.06473209 1.610748 -0.04725809
v -0.05571373 1.625832 -0.03114321
v -0.06663149 1.623859 -0.0382508
v -0.05169345 1.613289 -0.03962156
v -0.03347872 1.599402 -0.03134536
v -0.0467053 1.597605 -0.04836054
v -0.03933565 1.614765 -0.0240288
v -0.0282075 1.615858 -0.006507392
v -0.04449869 1.626962 -0.01760233
v -0.02178131 1.600813 -0.01188082
v -0.01849922 1.600385 0.007012482
v -0.0244084 1.615279 0.01018838
v -0.03212727 1.611699 0.02518037
v -0.02839716 1.596557 0.02466989
v -0.04989909 1.606716 0.04041426
v -0.05039652 1.620316 0.03672361
v -0.04989029 1.606333 0.03928682
v -0.05031588 1.619876 0.03563024
v -0.07136128 1.619345 0.0008281877
v -0.0512318 1.6309 0.03067162
v -0.05137546 1.631442 0.03175817
v -0.05213835 1.642592 0.0245637
v -0.07248644 1.630369 0.003073692
v -0.1086081 1.624858 0.03647518
v -0.1040118 1.63841 0.0330182
v -0.07235471 1.642263 0.004276084
v -0.07066398 1.656282 0.004927674
v -0.09736984 1.654201 0.02815299
v -0.105275 1.638932 0.03395485
v -0.09869942 1.654834 0.02912427
v -0.09011233 1.672119 0.02202008
v -0.08858599 1.671446 0.02107805
v -0.06939288 1.671838 0.006185997
v -0.07941318 1.686187 0.01303551
v -0.08112833 1.686789 0.01385859
v -0.07383335 1.696636 0.008337809
v -0.08213652 1.68648 0.01166845
v -0.09219146 1.671688 0.01757365
v -0.09073894 1.671444 0.01182176
v -0.1028699 1.654119 0.02156127
v -0.101772 1.653863 0.01236745
v -0.1113445 1.637768 0.01173488
v -0.08330371 1.671537 0.004001819
v -0.09209635 1.654363 0.0006047446
v -0.08020815 1.655218 -0.01014864
v -0.1002221 1.638671 -0.002320459
v -0.08545609 1.640369 -0.01579405
v -0.07708563 1.630954 -0.02970687
v -0.08937727 1.62803 -0.02035576
v -0.1062638 1.625403 -0.004992976
v -0.07549484 1.642376 -0.02356204
v -0.06861409 1.64423 -0.02469629
v -0.06792162 1.633478 -0.0313888
v -0.07304292 1.656078 -0.01593601
v -0.07459453 1.671628 -0.003401049
v -0.06977361 1.67135 -0.007440346
v -0.06817004 1.656924 -0.01667051
v -0.0666738 1.671202 -0.00803856
v -0.06155107 1.645604 -0.01923826
v -0.06276539 1.657787 -0.01258891
v -0.06329631 1.671503 -0.005499485
v -0.05327118 1.646672 -0.009445088
v -0.05645816 1.658679 -0.005470809
v -0.05039141 1.659442 0.002291215
v -0.04495154 1.647552 0.001517824
v -0.05944526 1.672077 -0.001158668
v -0.06323044 1.685529 0.002777282
v -0.06480505 1.685199 0.0006726009
v -0.05604506 1.672605 0.003366979
v -0.06180603 1.685705 0.004915182
v -0.05438783 1.672892 0.007081474
v -0.04767971 1.659579 0.00899735
v -0.04135289 1.64747 0.01132065
v -0.04917823 1.658747 0.0138177
v -0.05489036 1.672886 0.009527992
v -0.06098806 1.68573 0.006641401
v -0.06138186 1.686264 0.007726535
v -0.05372062 1.657435 0.01770965
v -0.05719095 1.672951 0.01131923
v -0.06327161 1.686241 0.007970988
v -0.06333919 1.687139 0.008666018
v -0.05703905 1.672028 0.01033176
v -0.05354743 1.656595 0.01668101
v -0.05234107 1.643245 0.02563208
v -0.04014311 1.63481 0.022191
v -0.04438059 1.645783 0.01893759
v -0.0355198 1.63705 0.01212981
v -0.03950771 1.637251 -4.684641e-05
v -0.03031275 1.627334 0.01198842
v -0.0341763 1.6278 -0.002319039
v -0.03633862 1.624486 0.02427609
v -0.04914245 1.636303 -0.01333561
v -0.05900831 1.635153 -0.02502053
v -0.06803433 1.696116 0.007179425
v -0.06633565 1.69529 0.006261236
v -0.06861381 1.695699 0.006808345
v -0.06950162 1.685955 0.006629477
v -0.07005554 1.694889 0.005311247
v -0.07015775 1.699117 0.006066468
v -0.07013419 1.699727 0.005645418
v -0.07229821 1.695926 0.007827041
v -0.0705558 1.699946 0.005420839
v -0.06912117 1.699645 0.005343614
v -0.06955869 1.7 0.004757324
v -0.06990592 1.699452 0.004309302
v -0.06871488 1.699134 0.004402427
v -0.0681956 1.698708 0.005037267
v -0.06699037 1.695168 0.00415116
v -0.06901101 1.698586 0.003849639
v -0.07056688 1.695835 0.003831185
v -0.06902861 1.695017 0.002937128
v -0.06754997 1.694702 0.003188111
v -0.06781174 1.692888 0.002288376
v -0.06843011 1.685685 -8.063261e-05
v -0.06644922 1.684975 -0.000596227
v -0.0716611 1.686369 0.002002755
v -0.07274623 1.695804 0.005159351
v -0.07678893 1.686497 0.005385634
v -0.07544912 1.694143 0.006874782
v -0.08125098 1.686176 0.008996782
v -0.07440147 1.696042 0.007252108
v -0.07109553 1.699316 0.005045216
v -0.06625388 1.694915 0.005126985
v -0.065106 1.69326 0.006049149
v -0.1241802 1.610745 0.009665124
v -0.1117943 1.612925 -0.007443753
v -0.1184371 1.623899 0.01093083
v -0.1231853 1.610841 0.02517299
v -0.1180334 1.624117 0.02474768
v -0.1116603 1.638024 0.02348907
v -0.1099147 1.625352 0.03739933
v -0.113853 1.612272 0.0397621
v -0.1172532 1.596952 0.04074758
v -0.1124987 1.611815 0.03878627
v -0.1158611 1.596574 0.03970815
v -0.07024378 1.605359 -0.002813908
v -0.1188008 1.580933 0.04067716
v -0.1288518 1.579176 0.02325655
v -0.1272212 1.595334 0.02426928
v -0.1287075 1.595234 0.007355738
v -0.1307432 1.57883 0.005884761
v -0.126801 1.563143 0.02153686
v -0.1288549 1.562575 0.003979957
v -0.1184113 1.564347 -0.01458201
v -0.1189439 1.546179 0.01663104
v -0.1256719 1.552925 0.01042659
v -0.1248039 1.552848 0.01551042
v -0.1266781 1.551775 0.01920135
v -0.1183613 1.540058 0.01846032
v -0.1245297 1.535879 0.02009285
v -0.130729 1.550018 0.02029074
v -0.132215 1.549734 0.01647375
v -0.1297339 1.55117 0.01156397
v -0.1344688 1.566928 0.0199384
v 0.08018601 1.606656 -0.04196473
v 0.09778776 1.601929 -0.02782734
v 0.07870935 1.620554 -0.03489433
v 0.06679588 1.623859 -0.03797058
v 0.06805704 1.633478 -0.03110318
v 0.05911705 1.635153 -0.02477238
v 0.06872141 1.64423 -0.02440783
v 0.06163568 1.645604 -0.01897961
v 0.05331462 1.646672 -0.009221361
v 0.06282217 1.657787 -0.01232515
v 0.06824386 1.656924 -0.01638404
v 0.07311362 1.656078 -0.0156291
v 0.06980853 1.67135 -0.007147059
v 0.06671128 1.671202 -0.007758333
v 0.06645547 1.684975 -0.000317136
v 0.063323 1.671503 -0.005233454
v 0.05945377 1.672077 -0.0009091043
v 0.0648059 1.685199 0.0009448779
v 0.05648485 1.658679 -0.005233454
v 0.05038573 1.659442 0.002503018
v 0.04494899 1.647552 0.001706629
v 0.04764592 1.659579 0.009197796
v 0.04130916 1.64747 0.01149412
v 0.04430478 1.645783 0.01912384
v 0.049124 1.658747 0.01402411
v 0.05485431 1.672886 0.009758533
v 0.0613529 1.686264 0.007984332
v 0.05436171 1.672892 0.007309743
v 0.06096393 1.68573 0.006897495
v 0.06508414 1.69326 0.006322562
v 0.061789 1.685705 0.005174683
v 0.06623628 1.694915 0.005405224
v 0.05603455 1.672605 0.003602063
v 0.0632225 1.685529 0.003042745
v 0.06697674 1.695168 0.004432238
v 0.06754031 1.694702 0.003471745
v 0.06780578 1.692888 0.002573146
v 0.0689988 1.698586 0.004139519
v 0.06901981 1.695017 0.003227008
v 0.07165627 1.686369 0.002303708
v 0.07055438 1.695835 0.004127595
v 0.06843409 1.685685 0.000206976
v 0.07107793 1.699316 0.005343614
v 0.07272806 1.695804 0.005464847
v 0.06989144 1.699452 0.004602873
v 0.06869983 1.699134 0.004690887
v 0.07053678 1.699946 0.005717249
v 0.0695425 1.7 0.005049475
v 0.06910243 1.699645 0.005633778
v 0.07011403 1.69973 0.005939841
v 0.06817828 1.698708 0.005323456
v 0.06631322 1.695293 0.006539759
v 0.07676991 1.686497 0.00570788
v 0.07542357 1.694143 0.007191634
v 0.0743745 1.696042 0.007564701
v 0.08121691 1.686176 0.009338051
v 0.07461242 1.671628 -0.003087604
v 0.05223715 1.643245 0.02585155
v -0.0001612652 1.526078 0.07763728
v -0.03062733 1.500633 0.08289032
v -0.0001802877 1.504611 0.08670248
v -0.0165947 1.478527 0.08924213
v -0.0001888052 1.48349 0.09075143
v 0.03028322 1.500633 0.08301808
v 0.01622419 1.478527 0.08931112
v 0.0231038 1.52714 0.07375556
v 0.02132704 1.539246 0.06416482
v 0.05120795 1.540634 0.04686657
v 0.05489122 1.529666 0.05447301
v 0.07877068 1.502206 0.04258736
v 0.07552862 1.528267 0.03049105
v 0.06157634 1.504415 0.06363048
v 0.04383717 1.484617 0.07758191
v 0.06462193 1.483655 0.06452625
v 0.06305953 1.473229 0.0633318
v 0.07785022 1.475858 0.04931564
v 0.04648129 1.475864 0.07290891
v 0.0261156 1.466322 0.07727812
v 0.02240394 1.47238 0.08292127
v 0.04660508 1.47426 0.0729092
v 0.04760163 1.474933 0.06892129
v 0.02691284 1.465774 0.07391994
v 0.02388798 1.459905 0.07777924
v 0.02598755 1.466901 0.07315053
v 0.02303339 1.459173 0.07425752
v 0.02408473 1.458846 0.07479185
v 0.02525958 1.459346 0.07479441
v 0.02753234 1.464541 0.07392108
v 0.0477257 1.473332 0.06892157
v 0.06287356 1.47206 0.06333152
v 0.06275261 1.470677 0.05977999
v 0.06293858 1.471847 0.05978056
v 0.07382654 1.466265 0.05015377
v 0.06300359 1.473317 0.05791579
v 0.0741803 1.467591 0.05279761
v 0.08199797 1.469271 0.04400752
v 0.07788485 1.462475 0.04882674
v 0.07374647 1.466358 0.05279676
v 0.07751292 1.461739 0.04882588
v 0.07339299 1.465033 0.05015291
v 0.07723781 1.461379 0.04705935
v 0.07761059 1.462077 0.04655823
v 0.08170667 1.458326 0.04125096
v 0.07787889 1.463894 0.04473775
v 0.07390035 1.467665 0.04828303
v 0.08139833 1.456583 0.04450863
v 0.08109085 1.457083 0.04292068
v 0.08119193 1.452322 0.04272421
v 0.08179525 1.453111 0.04105222
v 0.0807175 1.456254 0.04374461
v 0.08091255 1.456265 0.0445075
v 0.07883257 1.448213 0.04372672
v 0.07380127 1.455944 0.0343353
v 0.07343899 1.460677 0.03440429
v 0.06309161 1.45727 0.02751446
v 0.07156343 1.450894 0.03632073
v 0.068718 1.447699 0.03870053
v 0.05976835 1.454698 0.02740089
v 0.07533243 1.445598 0.04679786
v 0.07842884 1.447938 0.04550348
v 0.06493878 1.440184 0.05465812
v 0.05982911 1.441405 0.04518691
v 0.07507719 1.445655 0.04870579
v 0.07610242 1.444738 0.05192201
v 0.07946457 1.446927 0.04809877
v 0.06506029 1.440939 0.05679659
v 0.053006 1.434528 0.062172
v 0.05363374 1.436717 0.0641086
v 0.06584845 1.440286 0.06092021
v 0.07048028 1.434219 0.06321909
v 0.05824315 1.429759 0.07117531
v 0.05483472 1.437007 0.06813285
v 0.04145169 1.42801 0.07673328
v 0.03981178 1.434639 0.07338703
v 0.0387011 1.433714 0.07005582
v 0.03151855 1.434242 0.07541136
v 0.03071648 1.433245 0.07227038
v 0.0376435 1.430761 0.06878586
v 0.03442842 1.431181 0.05836069
v 0.02948456 1.430593 0.07137065
v 0.02720896 1.431283 0.06096932
v 0.01903327 1.434582 0.06351805
v 0.02590351 1.439778 0.04637142
v 0.02053974 1.439483 0.05059895
v 0.01704783 1.438799 0.06420258
v 0.01967862 1.4426 0.04910583
v 0.01966868 1.445686 0.05103505
v 0.02478856 1.446158 0.0417552
v 0.02421221 1.451314 0.04715815
v 0.0293091 1.448534 0.03903839
v 0.03113526 1.44084 0.0438931
v 0.04209533 1.444412 0.03834932
v 0.04864304 1.435162 0.05196885
v 0.03910653 1.45298 0.03367036
v 0.04729983 1.455845 0.0288571
v 0.05084227 1.448318 0.03306902
v 0.05751092 1.452623 0.02872281
v 0.05352131 1.457537 0.02531552
v 0.05538041 1.457918 0.02471531
v 0.05691612 1.462685 0.02910582
v 0.04950019 1.463377 0.03383929
v 0.0400162 1.461305 0.03945064
v 0.05314569 1.467432 0.04028337
v 0.04215467 1.466875 0.04712891
v 0.05726392 1.471199 0.04698723
v 0.06163114 1.465362 0.03413797
v 0.06451035 1.463678 0.03208298
v 0.06671553 1.46742 0.03933963
v 0.05944298 1.461597 0.027655
v 0.07013504 1.465254 0.03670856
v 0.04451516 1.473025 0.05532845
v 0.02924579 1.459939 0.05285553
v 0.02892241 1.465433 0.06150678
v 0.04754059 1.476812 0.06748864
v 0.02308705 1.457554 0.06324152
v 0.02377214 1.454278 0.05483528
v 0.01940662 1.445482 0.07434185
v 0.01777069 1.444906 0.06432495
v 0.01813013 1.438185 0.0740426
v 0.01971467 1.439951 0.07442901
v 0.01973767 1.433069 0.07351508
v 0.02095312 1.434705 0.07399802
v 0.0214108 1.435783 0.07743314
v 0.0173397 1.434934 0.08660822
v 0.01527818 1.443798 0.08427669
v 0.02065245 1.441842 0.07757993
v 0.03171814 1.429353 0.07960823
v 0.03229677 1.424035 0.08331677
v 0.03237655 1.41604 0.08809027
v 0.01832433 1.428739 0.09478079
v 0.04244938 1.422016 0.07910172
v 0.04056218 1.414069 0.08260186
v 0.06009372 1.422621 0.07212644
v 0.05006234 1.413538 0.07699108
v 0.0486456 1.407162 0.07517117
v 0.05519132 1.407559 0.07003851
v 0.05840157 1.413927 0.07140642
v 0.06695516 1.408002 0.05931863
v 0.07078862 1.41516 0.06125381
v 0.08370829 1.418527 0.04752866
v 0.07268888 1.426039 0.06317082
v 0.08589786 1.432172 0.04932728
v 0.09184707 1.43722 0.03962695
v 0.08216406 1.439946 0.05172241
v 0.08576953 1.443316 0.04616983
v 0.08755537 1.450147 0.04026208
v 0.09297962 1.449403 0.03266927
v 0.08181002 1.451427 0.04453163
v 0.08645349 1.457736 0.03891545
v 0.09002602 1.459837 0.03142826
v 0.09626057 1.450502 0.02548019
v 0.09198392 1.462642 0.0256017
v 0.08862972 1.478363 0.03026278
v 0.09300773 1.496295 0.01140866
v 0.09491764 1.468144 0.01534319
v 0.08522753 1.501258 0.0326917
v 0.08905531 1.509744 0.01103219
v 0.09959916 1.526373 0.02200277
v 0.08992665 1.508671 0.004554607
v 0.09157167 1.502078 0.004900134
v 0.0994978 1.528553 0.02210015
v 0.1000313 1.521649 0.01091947
v 0.08510374 1.524993 0.008480052
v 0.07893563 1.537182 0.003972292
v 0.07020886 1.539379 0.02535526
v 0.05680198 1.555174 0.01509959
v 0.1161007 1.524675 0.01948839
v 0.1182872 1.540058 0.01895718
v 0.1188772 1.546179 0.01713045
v 0.1049391 1.512771 0.01331517
v 0.1053763 1.510914 0.008202664
v 0.1160681 1.522296 0.01435686
v 0.1221354 1.525899 0.01451926
v 0.1210216 1.527648 0.009947054
v 0.1248102 1.522864 0.01613192
v 0.1163463 1.514454 0.01555613
v 0.1066568 1.503719 0.009270763
v 0.1184291 1.511893 0.01032608
v 0.1087524 1.50036 0.002757976
v 0.1252074 1.523381 0.008639614
v 0.1263215 1.521632 0.01318031
v 0.1170308 1.515366 0.002671949
v 0.1145522 1.520837 0.0001030621
v 0.1060472 1.515956 -0.009152937
v 0.1084358 1.50647 -0.006539191
v 0.1129475 1.521978 0.001381827
v 0.1047903 1.516425 -0.008036289
v 0.09424788 1.511873 -0.01610494
v 0.10507 1.526952 -0.006466224
v 0.120219 1.545325 0.005575291
v 0.1140736 1.527145 0.0004369492
v 0.1228302 1.537852 0.005490115
v 0.1296885 1.55117 0.01210852
v 0.126663 1.534814 0.01390714
v 0.1244485 1.535879 0.02061554
v 0.1321489 1.549734 0.0170291
v 0.1343882 1.566928 0.02050283
v 0.130647 1.550018 0.02083955
v 0.1266006 1.551775 0.01973313
v 0.1247421 1.552848 0.01603425
v 0.1256316 1.552925 0.01095439
v 0.1267136 1.563143 0.0220692
v 0.1118369 1.550458 0.03582047
v 0.1225329 1.526413 0.006988633
v 0.1326429 1.53365 0.01563307
v 0.09365761 1.495346 -0.0007160403
v 0.09704958 1.473332 0.002711697
v 0.09218124 1.499778 -0.001216871
v 0.09821023 1.456745 -0.002089066
v 0.09822273 1.453253 0.01423733
v 0.09597041 1.457006 -0.02124953
v 0.1027978 1.443282 -0.005564786
v 0.0951584 1.43956 -0.024945
v 0.1011158 1.431121 -0.01649703
v 0.1091865 1.434858 -0.006930713
v 0.1052534 1.430077 0.001505047
v 0.1007482 1.437413 0.01097768
v 0.09951682 1.424009 0.01509221
v 0.09761202 1.437654 0.02688189
v 0.1063025 1.423399 0.004911491
v 0.1079259 1.415952 -0.0004267282
v 0.1194476 1.424324 -0.001443153
v 0.1120024 1.426548 -0.002464405
v 0.1023469 1.416281 0.005344749
v 0.09460703 1.413519 0.01503656
v 0.09670206 1.408593 0.002372984
v 0.08428493 1.402928 0.01137516
v 0.09989386 1.40876 -0.005979305
v 0.1054785 1.404371 -0.003877463
v 0.09001438 1.406455 -0.01513338
v 0.06573829 1.390428 -0.0003844245
v 0.06586321 1.391861 0.01658902
v 0.07879197 1.401003 0.02518435
v 0.069825 1.400297 0.04303794
v 0.08927251 1.411298 0.02765386
v 0.078675 1.409524 0.04538764
v 0.09521689 1.422434 0.02903455
v 0.1055995 1.416338 -0.01472085
v 0.1004529 1.424921 -0.02191333
v 0.1152007 1.416355 -0.007209521
v 0.1169567 1.424759 -0.01411837
v 0.1303872 1.428251 -0.007488895
v 0.1072911 1.427876 -0.01256108
v 0.1167864 1.430727 -0.007298387
v 0.03707141 1.406455 0.08483942
v 0.03089677 1.405819 0.09011688
v 0.029009 1.401038 0.09007826
v 0.03409908 1.400456 0.08262486
v 0.03194868 1.398636 0.08319553
v 0.03412491 1.394848 0.07711572
v 0.03008079 1.392313 0.07766169
v 0.02859306 1.39526 0.08312086
v 0.02636516 1.396466 0.08877224
v 0.01824966 1.38967 0.09572141
v 0.02157206 1.394689 0.1008325
v 0.02407394 1.400509 0.1048394
v 0.01255597 1.393971 0.1158114
v 0.01258011 1.401912 0.1222822
v -0.0002538224 1.396026 0.1216573
v -0.01308917 1.401912 0.1222282
v -0.0002683022 1.403351 0.1285511
v 0.01236064 1.411463 0.1265898
v -0.0002765358 1.413649 0.1329294
v -0.01288787 1.411463 0.1265367
v -0.02569568 1.407505 0.107117
v -0.006487234 1.417187 0.1311938
v -0.01326236 1.421113 0.1227609
v -0.008625134 1.420157 0.1303554
v -0.009905035 1.422953 0.1261668
v -0.01034227 1.426391 0.1172955
v -0.0002268502 1.433884 0.1088708
v -0.00782619 1.432601 0.1053877
v -0.0002509832 1.427834 0.1203621
v 0.009853929 1.426391 0.1173378
v 0.009379503 1.422953 0.1262074
v -0.0002694378 1.424449 0.129174
v -0.000279375 1.420935 0.1338223
v 0.008081999 1.420157 0.1303906
v 0.01275102 1.421111 0.1228154
v 0.005940693 1.417187 0.1312199
v 0.02378406 1.416991 0.1050981
v 0.02524993 1.407505 0.1072241
v 0.02089009 1.423172 0.1009955
v 0.007387821 1.432601 0.1054198
v 0.006969894 1.439375 0.09587955
v -0.0002055564 1.440948 0.09871277
v -0.0001924962 1.448775 0.09244245
v 0.007038318 1.447123 0.09031278
v 0.01695215 1.452333 0.08345475
v 0.008715988 1.455629 0.08883215
v 0.01989723 1.464692 0.08344254
v 0.0118706 1.467787 0.08998173
v -0.0001885213 1.457583 0.09061175
v -0.009084797 1.455629 0.08879467
v -0.01224423 1.467787 0.08993091
v -0.000189657 1.471602 0.09105579
v -0.02024304 1.464692 0.08335822
v -0.02274748 1.47238 0.08282644
v -0.04415828 1.484617 0.07739708
v 0.02203598 1.448909 0.07768015
v 0.02099457 1.446885 0.07474501
v -0.02450976 1.400509 0.1047375
v -0.02938264 1.401038 0.08995561
v 0.02907629 1.455303 0.04489448
v 0.0246909 1.459661 0.07778094
v 0.0267351 1.465092 0.07727954
v 0.02135458 1.449661 0.07767873
v 0.02274975 1.449326 0.07768157
v 0.02289796 1.449465 0.07474898
v 0.02132108 1.449562 0.07472939
v 0.1230826 1.610841 0.02569029
v 0.1136891 1.612272 0.04024021
v -0.09208641 1.462642 0.02521529
v -0.09015293 1.459837 0.0310498
v -0.07808502 1.462475 0.04849909
v -0.07396338 1.466358 0.05248643
v -0.07771308 1.461739 0.04849995
v -0.0778011 1.462077 0.04623173
v -0.07743059 1.461379 0.04673455
v -0.07409824 1.467665 0.04797214
v -0.08126603 1.457083 0.0425797
v -0.08187475 1.458326 0.04090742
v -0.07806173 1.463894 0.0444104
v -0.07359855 1.465033 0.0498443
v -0.07357839 1.460677 0.03409538
v -0.07028438 1.465254 0.03641357
v -0.05955456 1.461597 0.02740515
v -0.06687595 1.46742 0.03905883
v -0.06314129 1.459794 0.02733985
v -0.07171106 1.450894 0.03601978
v -0.07394039 1.455944 0.03402497
v -0.0598788 1.454698 0.02714962
v -0.05547949 1.45792 0.0244825
v -0.05703366 1.462685 0.02886676
v -0.0574567 1.471199 0.04674647
v -0.08196248 1.453111 0.04070839
v -0.08089608 1.456254 0.04340504
v -0.08109426 1.456265 0.04416736
v -0.02705508 1.465092 0.07716654
v -0.02501314 1.459661 0.07767674
v -0.02167654 1.449661 0.07758816
v -0.02307143 1.449326 0.07758532
v -0.02320743 1.449465 0.07465217
v -0.02163027 1.449562 0.07463939
v -0.08237615 1.439946 0.05137688
v -0.04694039 1.385493 0.02804652
v -0.03376888 1.380297 0.02476755
v -0.03349518 1.380666 0.03079002
v -0.0234675 1.376842 0.03321893
v -0.03242737 1.380471 0.04152977
v -0.04394931 1.38538 0.04096335
v -0.05050753 1.392063 0.05439237
v -0.0396525 1.385081 0.05275502
v -0.0301106 1.379954 0.05227492
v -0.03495168 1.385229 0.06349931
v -0.02777084 1.380218 0.06291785
v -0.03253583 1.386109 0.06842131
v -0.02646595 1.380649 0.06743697
v -0.02753689 1.386351 0.07429188
v -0.0230067 1.383826 0.07750639
v -0.02427127 1.386527 0.0777639
v -0.02445667 1.381765 0.07315166
v -0.01968543 1.377822 0.07487646
v -0.02059993 1.37653 0.06811099
v -0.01451245 1.373168 0.06922679
v -0.01445709 1.373259 0.06395387
v -0.02100479 1.376257 0.06328467
v -0.01451955 1.373787 0.05287171
v -0.02186478 1.376365 0.05250744
v -0.01519186 1.374156 0.0434093
v -0.02308449 1.376853 0.04251581
v -0.01537783 1.373631 0.03513197
v -0.009111769 1.370352 0.03268999
v -0.008923815 1.371388 0.03642436
v -0.008788954 1.372387 0.04403648
v -6.955982e-05 1.368705 0.03394633
v -7.637384e-05 1.370037 0.03723722
v 0.008775042 1.371388 0.03646155
v -9.17054e-05 1.371402 0.04442289
v 0.008608383 1.372387 0.0440731
v 0.01501356 1.374156 0.0434729
v 0.008191592 1.372152 0.05319992
v 0.01430178 1.373787 0.05293218
v 0.02164844 1.376365 0.05259887
v 0.01419247 1.373259 0.06401377
v 0.008396864 1.37126 0.06459808
v -0.00011016 1.371266 0.05334528
v 0.008555574 1.370826 0.07027245
v -0.0001348609 1.370082 0.06498875
v -0.008846306 1.370826 0.07023583
v -0.0001473533 1.369364 0.07095584
v -0.008663747 1.37126 0.06456202
v -0.008410776 1.372152 0.053165
v 0.008761414 1.370763 0.07934334
v -0.0001672275 1.368594 0.0808058
v -0.009090191 1.370763 0.07930558
v -0.009316473 1.37287 0.08832791
v -0.01438156 1.373878 0.07721055
v -0.01422484 1.376271 0.08461228
v -0.01881465 1.380275 0.08059598
v -0.0129492 1.380976 0.09227863
v -0.01137289 1.383009 0.09676169
v -0.008762266 1.37869 0.09728637
v -0.0002115186 1.377149 0.1015715
v -0.00831538 1.384292 0.1021723
v -0.0001899409 1.370406 0.09130479
v 0.008949936 1.37287 0.08836624
v 0.008357967 1.37869 0.09732242
v 0.01097058 1.383009 0.09680882
v 0.007890355 1.384292 0.1022064
v 0.02290988 1.376853 0.04261235
v 0.01523445 1.373631 0.03519613
v 0.02333207 1.376842 0.03331745
v 0.01529521 1.372896 0.03090302
v 0.01030252 1.367288 0.02505289
v 0.008978895 1.370352 0.03272804
v 0.02289654 1.390433 0.07478816
v 0.01192028 1.354069 0.01663417
v 0.01167838 1.34849 0.0161251
v 0.01658107 1.351866 0.01192113
v 0.02178046 1.326697 0.01316583
v 0.02446178 1.35397 -0.004415771
v 0.03103504 1.326873 -0.003988475
v 0.02874808 1.326935 -0.01567282
v 0.02291698 1.352579 -0.01555698
v 0.02044519 1.350705 -0.02624847
v 0.0210329 1.356278 -0.02694265
v 0.02369605 1.358175 -0.01595674
v 0.01806596 1.355253 -0.03210313
v 0.01758955 1.349694 -0.0312741
v 0.007220877 1.354001 -0.03881523
v -0.007053366 1.354001 -0.03884504
v -0.00687393 1.348453 -0.03783543
v 0.007036899 1.348453 -0.03780619
v 0.008295222 1.326952 -0.0389359
v -0.008127426 1.326952 -0.03897025
v -0.02102467 1.326927 -0.03224765
v -0.01745384 1.349694 -0.03134763
v -0.02033049 1.350705 -0.02633393
v -0.02483825 1.326929 -0.0270017
v -0.02867767 1.326935 -0.01579349
v -0.03101346 1.326873 -0.004118793
v -0.02284714 1.352579 -0.01565323
v -0.02443878 1.35397 -0.004518549
v -0.01662678 1.351866 0.01185129
v 0.02116436 1.326927 -0.03215907
v 0.02495551 1.326929 -0.02689722
v 0.01567083 1.326623 0.0175674
v 0.01060887 1.326552 0.02103091
v -4.798208e-05 1.326498 0.02368129
v -0.0001388357 1.42508 -0.03735731
v -0.0001396875 1.42508 -0.03692491
v 0.0002935708 1.42508 -0.03735618
v 0.0002935708 1.424648 -0.03735618
v 0.0002924352 1.42508 -0.03692406
v 0.0002924352 1.424648 -0.03692406
v -0.0001388357 1.424648 -0.03735731
v -0.0001396875 1.424648 -0.03692491
v -0.01199382 1.383494 0.09422602
v -0.01164006 1.383494 0.09422687
v -0.01199325 1.383531 0.09399292
v -0.01163949 1.383531 0.09399377
v -0.01456895 1.387969 0.09444577
v -0.009071168 1.387566 0.09697406
v -0.0002047046 1.387313 0.09855633
v -0.0001973228 1.387898 0.09493042
v -0.009063503 1.388148 0.09334814
v -0.009073156 1.393298 0.09789594
v -0.000206692 1.393048 0.09947821
v 0.008666018 1.393298 0.09793313
v 0.008668005 1.387566 0.09701125
v -0.0001990263 1.39363 0.0958523
v 0.008673684 1.393883 0.0943075
v 0.008675671 1.388148 0.09338562
v -0.00906549 1.393883 0.09427002
v -0.01456128 1.388554 0.09081986
v -0.01456327 1.394286 0.09174174
v -0.01457094 1.393704 0.09536765
v -0.01935552 1.394896 0.08794235
v -0.01774457 1.398221 0.06761215
v -0.01935353 1.389161 0.08702047
v -0.01774258 1.392486 0.06669027
v -0.01696152 1.394911 0.08784554
v -0.01695982 1.389178 0.08692366
v -0.01535057 1.398238 0.06751533
v -0.01534859 1.392503 0.06659345
v 0.01124853 1.383494 0.09427485
v 0.0112491 1.383531 0.09404175
v 0.01418396 1.388554 0.09088033
v 0.01160258 1.383531 0.09404261
v 0.01417629 1.387969 0.09450624
v 0.01160229 1.383494 0.0942757
v 0.01899239 1.389161 0.0871011
v 0.01417459 1.393704 0.09542812
v 0.0189904 1.394896 0.08802298
v 0.01746661 1.392486 0.06676408
v 0.01746463 1.398221 0.06768596
v 0.01659669 1.394911 0.08791595
v 0.01418197 1.394286 0.09180221
v 0.01659868 1.389178 0.08699407
v 0.01507319 1.392503 0.06665733
v 0.0150712 1.398238 0.06757921
v -0.06113428 1.438501 0.05285467
v -0.0555729 1.43132 0.05317266
v -0.06112974 1.438501 0.05067759
v -0.05557745 1.43132 0.05534974
v -0.06428633 1.448335 0.05163553
v -0.04833158 1.448077 0.06025981
v -0.04989994 1.450104 0.0595557
v -0.04644722 1.453151 0.06147612
v -0.05078974 1.452881 0.05921159
v -0.04637 1.450337 0.06134864
v -0.04419547 1.450479 0.06245308
v -0.04628141 1.447098 0.06123649
v -0.04407793 1.447265 0.06232361
v -0.04050681 1.428441 0.06266176
v -0.04216234 1.448526 0.06332016
v -0.03371976 1.432902 0.06619227
v -0.02910724 1.440601 0.06694238
v -0.03371522 1.432902 0.06401519
v -0.02911178 1.440601 0.06911946
v -0.02687678 1.450661 0.06896274
v -0.02688132 1.450661 0.07114011
v -0.04086171 1.450698 0.06414636
v -0.04023226 1.453537 0.06471675
v -0.04429825 1.453284 0.06259646
v -0.04440841 1.456291 0.06284971
v -0.04652984 1.456163 0.06169615
v -0.0466048 1.458897 0.06191875
v -0.0500473 1.458633 0.05999662
v -0.05083347 1.455902 0.0593561
v -0.06444192 1.459036 0.05214772
v -0.06443738 1.459036 0.04997064
v -0.0616513 1.468718 0.05223999
v -0.06165584 1.468718 0.05441736
v -0.05649052 1.476128 0.0580109
v -0.05648598 1.476128 0.05583382
v -0.0485891 1.460726 0.06101106
v -0.04668884 1.461944 0.06221544
v -0.04975685 1.480441 0.06227819
v -0.04462419 1.462171 0.06339455
v -0.04451005 1.459056 0.06308849
v -0.04267878 1.461293 0.06435135
v -0.04122371 1.459306 0.06492316
v -0.04039268 1.456535 0.06503304
v -0.03039423 1.4711 0.07187205
v -0.02745058 1.461279 0.07226101
v -0.02744575 1.461279 0.07008365
v -0.03038969 1.4711 0.06969497
v -0.04545692 1.454681 0.0600094
v -0.04050227 1.428441 0.06048439
v -0.04830915 1.427842 0.05663277
v -0.06428179 1.448335 0.04945845
v -0.03554535 1.478144 0.06766865
v -0.0424383 1.481247 0.06427895
v -0.04975231 1.480441 0.0601011
v -0.04244285 1.481247 0.06645603
v -0.0355499 1.478144 0.06984601
v -0.0483137 1.427842 0.05880985
v 0.06091623 1.438501 0.05311105
v 0.06092077 1.438501 0.05093397
v 0.0640734 1.448335 0.05190525
v 0.05535315 1.43132 0.05340548
v 0.05534861 1.43132 0.05558256
v 0.04965379 1.450104 0.05976466
v 0.0480823 1.448077 0.06046253
v 0.04602788 1.447098 0.06143041
v 0.04611617 1.450337 0.06154284
v 0.04619283 1.453151 0.0616706
v 0.04393711 1.450479 0.06263819
v 0.04382013 1.447265 0.06250816
v 0.0402476 1.428441 0.06283126
v 0.04190028 1.448526 0.06349676
v 0.03344578 1.432902 0.06633338
v 0.02883013 1.440601 0.06706418
v 0.03345032 1.432902 0.06415602
v 0.02882559 1.440601 0.06924127
v 0.02659116 1.450661 0.06907517
v 0.02658662 1.450661 0.07125225
v 0.04059625 1.450698 0.06431757
v 0.03996425 1.453537 0.06488512
v 0.04403903 1.453284 0.06278186
v 0.04414834 1.456291 0.06303568
v 0.0462746 1.456163 0.06189121
v 0.0463487 1.458897 0.0621138
v 0.04979915 1.458633 0.06020644
v 0.05058816 1.455902 0.05956904
v 0.06422671 1.459036 0.05241801
v 0.05054472 1.452881 0.05942453
v 0.06423125 1.459036 0.05024093
v 0.06143552 1.468718 0.05249864
v 0.06143097 1.468718 0.05467572
v 0.05625516 1.476128 0.05607061
v 0.05625061 1.476128 0.05824769
v 0.04833669 1.460726 0.06121463
v 0.04643132 1.461944 0.06241106
v 0.04949905 1.480441 0.06248658
v 0.04436185 1.462171 0.06358165
v 0.04424885 1.459056 0.06327474
v 0.04241247 1.461293 0.06453022
v 0.04095484 1.459306 0.06509578
v 0.04012352 1.456535 0.06520225
v 0.03009641 1.4711 0.07199896
v 0.02715104 1.461279 0.07237572
v 0.02715559 1.461279 0.07019835
v 0.03010095 1.4711 0.06982188
v 0.04520877 1.454681 0.06019991
v 0.06407794 1.448335 0.04972789
v 0.04025214 1.428441 0.06065418
v 0.04807521 1.427842 0.0568352
v 0.03526513 1.478144 0.06781742
v 0.04217227 1.481247 0.06445669
v 0.0495036 1.480441 0.0603095
v 0.04216745 1.481247 0.06663377
v 0.03526058 1.478144 0.0699945
v 0.04807066 1.427842 0.05901228
v 0.01535682 1.386722 0.06583283
v 0.0145911 1.383747 0.08467503
v 0.01669748 1.383733 0.08478121
v 0.01325044 1.386737 0.06572636
v 0.01535512 1.392455 0.06675471
v 0.01669549 1.389465 0.08570309
v 0.01324873 1.392472 0.06664825
v 0.01458911 1.389482 0.08559691
v 0.01246285 1.388855 0.08948374
v 0.01246484 1.383122 0.08856186
v 0.007614671 1.388451 0.09199045
v 0.01245717 1.38254 0.09218777
v 0.007616658 1.382716 0.09106857
v 0.007608993 1.382134 0.0946942
v -0.0001924962 1.382467 0.09261564
v -0.0001941997 1.388199 0.09353752
v -0.007996824 1.388451 0.09195752
v -0.007994837 1.382716 0.09103563
v 0.007607005 1.387869 0.09561608
v -0.0002018654 1.387617 0.09716343
v -0.008004206 1.387869 0.09558343
v -0.01284018 1.38254 0.09213468
v -0.01284216 1.388273 0.09305628
v -0.008002502 1.382134 0.09466155
v -0.000199878 1.381884 0.09624155
v -0.01705096 1.389465 0.0856324
v -0.01704897 1.383733 0.08471052
v -0.0128345 1.388855 0.08943065
v -0.01283251 1.383122 0.08850877
v -0.01494429 1.389482 0.08553473
v -0.0149423 1.383747 0.08461313
v -0.01352413 1.392472 0.06659203
v -0.01563109 1.392455 0.06668941
v -0.0156291 1.386722 0.06576753
v -0.01352215 1.386737 0.06567015
v 0.01245547 1.388273 0.09310965
v -0.0001717702 1.385865 0.08278187
v 0.005331121 1.385942 0.08275063
v 0.004748239 1.384082 0.09002773
v -0.0001873856 1.383943 0.09030597
v -0.005121874 1.384082 0.090007
v -0.005674094 1.385942 0.08272764
v -0.0001504763 1.388559 0.07262358
v -0.005997476 1.388619 0.07262585
v -0.0001288986 1.390697 0.06233525
v 0.005413741 1.390748 0.06241929
v 0.005696807 1.388619 0.07265026
v -0.005671539 1.390748 0.06239601
v -0.008324749 1.392321 0.05660012
v -0.009690677 1.391129 0.06266034
v -0.005115628 1.392344 0.05505646
v -0.00890167 1.393366 0.05529012
v -0.0001127153 1.39235 0.05474642
v -0.004981903 1.393798 0.0522451
v -0.009019212 1.394777 0.05530176
v -0.004979347 1.395248 0.05213665
v -0.000106753 1.393854 0.05181696
v 0.004764422 1.395248 0.05215737
v 0.004766693 1.393798 0.05226583
v -0.0001064691 1.395317 0.05169374
v -0.004983322 1.396572 0.05290152
v 0.004765274 1.396572 0.05292196
v -0.0001081726 1.396645 0.05247706
v -0.0001152706 1.397205 0.05589401
v -0.005117899 1.397117 0.05618446
v -0.0001317378 1.396404 0.06368358
v 0.004886223 1.397117 0.05620547
v 0.008672264 1.396095 0.05597181
v 0.005410902 1.396336 0.06374008
v 0.008088813 1.396691 0.05766736
v 0.01104127 1.394931 0.06341953
v 0.009429189 1.395901 0.06382838
v 0.01001605 1.3939 0.07390745
v 0.005693968 1.394323 0.07399859
v 0.01179621 1.392866 0.07366726
v 0.01205088 1.391472 0.07333791
v 0.0109189 1.390124 0.08375088
v 0.01114377 1.388718 0.08347973
v 0.007924993 1.389127 0.08967056
v 0.009320164 1.39118 0.08381391
v 0.008483743 1.387833 0.09092207
v 0.00859731 1.38637 0.09089822
v 0.004745683 1.388855 0.09115573
v 0.004599466 1.386898 0.09384784
v 0.004594923 1.385374 0.09393954
v -0.0001959032 1.386771 0.09425924
v -0.0001899409 1.388798 0.09145356
v -0.0001746093 1.391572 0.08413019
v -0.005124145 1.388855 0.09113472
v -0.004989285 1.386898 0.09382768
v -0.008861353 1.387833 0.09088544
v -0.00498531 1.385374 0.09391939
v -0.00897492 1.38637 0.09086131
v -0.01148986 1.388718 0.08343232
v -0.008859934 1.385104 0.09024067
v -0.011265 1.38735 0.08304818
v -0.008295222 1.384758 0.0886036
v -0.004988149 1.384125 0.09317155
v -0.0001944836 1.383977 0.09359941
v -0.0001959032 1.385232 0.09436485
v 0.004600885 1.384125 0.09319171
v 0.008485162 1.385104 0.09027701
v 0.007927264 1.384758 0.08863767
v 0.01092032 1.38735 0.08309474
v 0.009322719 1.386407 0.08268618
v 0.01179735 1.390076 0.07300743
v 0.01104269 1.392154 0.0627634
v 0.01001832 1.389045 0.07275986
v 0.01126841 1.393551 0.06303312
v 0.008790942 1.394777 0.05533895
v 0.0086734 1.393366 0.05532703
v 0.004888494 1.392344 0.05507747
v 0.008091085 1.392321 0.05663447
v 0.009431744 1.391129 0.06270037
v -0.009665692 1.386407 0.08264615
v -0.01031955 1.389045 0.07271698
v -0.01209972 1.390076 0.07295718
v -0.01235468 1.391472 0.07328652
v -0.01152876 1.393551 0.06298542
v -0.01130191 1.392154 0.06271655
v -0.008902805 1.396095 0.0559349
v -0.01130333 1.394931 0.06337269
v -0.008326736 1.396691 0.05763272
v -0.009692948 1.395901 0.06378834
v -0.01210114 1.392866 0.073617
v -0.01126642 1.390124 0.08370431
v -0.01032211 1.3939 0.07386458
v -0.006000315 1.394323 0.07397417
v -0.009667963 1.39118 0.08377416
v -0.005676933 1.391532 0.08404842
v -0.008297209 1.389127 0.08963649
v -0.0001533155 1.394385 0.07400086
v 0.005328282 1.391532 0.08407142
v -0.005674378 1.396336 0.0637168
v -0.06205872 1.436275 0.06603328
v -0.06180745 1.43582 0.06550917
v -0.07698171 1.444187 0.05220876
v -0.0635243 1.434049 0.06770925
v -0.07631706 1.444738 0.05242255
v -0.06149202 1.438958 0.06401349
v -0.05511807 1.437007 0.06872255
v -0.05434922 1.434185 0.07175961
v -0.06059257 1.432555 0.07006718
v -0.06426589 1.430224 0.06934603
v -0.06033108 1.432132 0.06952376
v -0.06392888 1.429949 0.06875122
v -0.0632506 1.433648 0.06715419
v -0.0659694 1.427734 0.06827992
v -0.06507705 1.430542 0.0678231
v -0.06634105 1.42795 0.06887927
v -0.0654186 1.430812 0.06841876
v -0.05420158 1.433714 0.07121251
v -0.04563096 1.4345 0.07169971
v -0.04543023 1.433714 0.07278058
v -0.04529594 1.433328 0.07216675
v -0.05491876 1.436539 0.06818963
v -0.06122457 1.438526 0.06347745
v -0.07603967 1.444326 0.05187629
v -0.07670404 1.443776 0.0516625
v -0.0357776 1.43247 0.07535373
v -0.03662594 1.433393 0.07443469
v -0.04573942 1.434926 0.07229253
v -0.03679544 1.433722 0.07507293
v -0.03594738 1.432799 0.07599197
v 0.06178502 1.436275 0.06629335
v 0.07676593 1.444187 0.05253158
v 0.06153602 1.43582 0.06576838
v 0.06324379 1.434049 0.06797528
v 0.06122684 1.438958 0.064271
v 0.07610072 1.444738 0.05274253
v 0.05483301 1.437007 0.06895337
v 0.05405167 1.434185 0.07198703
v 0.06030183 1.432555 0.07032129
v 0.0600429 1.432132 0.06977645
v 0.06364383 1.429949 0.06901924
v 0.06397828 1.430224 0.06961518
v 0.06568633 1.427734 0.06855646
v 0.06605543 1.42795 0.06915723
v 0.06513496 1.430812 0.06869302
v 0.06297236 1.433648 0.06741908
v 0.06479597 1.430542 0.06809594
v 0.05390631 1.433714 0.07143964
v 0.04499669 1.433328 0.07235641
v 0.04512871 1.433714 0.07297052
v 0.05463597 1.436539 0.06841961
v 0.0453337 1.4345 0.07189078
v 0.04543988 1.434926 0.07248417
v 0.03631732 1.433393 0.07458772
v 0.035465 1.43247 0.07550335
v 0.03648427 1.433722 0.07522682
v 0.03563223 1.432799 0.07614245
v 0.06096166 1.438526 0.06373411
v 0.07582532 1.444326 0.05219513
v 0.07649053 1.443776 0.05198418
v -0.03537614 1.488016 0.08283041
v -0.03645644 1.483641 0.08167231
v -0.02810132 1.487019 0.08431474
v -0.03013842 1.483345 0.08338292
v -0.04213082 1.488612 0.08045204
v -0.04113427 1.491289 0.08041286
v -0.03474272 1.490608 0.08248432
v -0.02882673 1.488904 0.08370914
v -0.02666952 1.483842 0.0841847
v -0.04719052 1.491409 0.07797656
v -0.0429116 1.484384 0.07945208
v -0.04897948 1.485131 0.07703594
v -0.04816407 1.488896 0.07792914
v -0.05421067 1.488862 0.07528559
v -0.05341598 1.491125 0.0752518
v -0.06094093 1.490452 0.07181583
v -0.05509677 1.485611 0.07437137
v -0.06119305 1.488677 0.07213439
v -0.06207973 1.486003 0.07111711
v -0.06919158 1.487851 0.06789805
v -0.06952178 1.485571 0.06690803
v -0.06929464 1.488916 0.067341
v -0.07544629 1.485952 0.0619125
v -0.07529893 1.485463 0.06241163
v -0.07934504 1.483465 0.05661914
v -0.07524669 1.48399 0.06174698
v 0.02775125 1.487019 0.08443228
v 0.03503203 1.488016 0.08297834
v 0.02632002 1.483842 0.084296
v 0.02979233 1.483345 0.08350869
v 0.02847921 1.488904 0.08382952
v 0.03440031 1.490608 0.0826294
v 0.04080067 1.491289 0.08058491
v 0.03611716 1.483641 0.08182478
v 0.04179665 1.488612 0.08062835
v 0.04258168 1.484384 0.07963151
v 0.04686685 1.491409 0.07817417
v 0.04865979 1.485131 0.07724093
v 0.04784069 1.488893 0.07813073
v 0.05310395 1.491125 0.07547553
v 0.05389836 1.488862 0.07551272
v 0.0606431 1.490452 0.07207107
v 0.05478815 1.485611 0.0746022
v 0.0608938 1.488677 0.07239076
v 0.06890993 1.487851 0.06818821
v 0.06178474 1.486003 0.07137718
v 0.06901555 1.488916 0.06763145
v 0.06924439 1.485571 0.06719961
v 0.07518991 1.485952 0.06222878
v 0.07504028 1.485463 0.06272734
v 0.07499088 1.48399 0.06206269
v 0.07911081 1.483465 0.05695189
v 0.02126941 1.453014 0.0822958
v 0.02411596 1.456543 0.08019339
v 0.02315831 1.458352 0.08332102
v 0.02171516 1.451808 0.08077655
v 0.0198748 1.444934 0.0811164
v 0.02073848 1.453523 0.0822339
v 0.02202292 1.458909 0.08255984
v 0.02205983 1.458582 0.08053324
v 0.02065813 1.452762 0.08076747
v 0.02324065 1.456433 0.0779334
v 0.02147439 1.450706 0.07899327
v 0.02484677 1.454051 0.07578074
v 0.02235284 1.449766 0.07881099
v 0.02282527 1.449394 0.07876585
v 0.02573429 1.453134 0.07581793
v 0.02234489 1.450283 0.07964969
v 0.02884774 1.457514 0.07659047
v 0.02502024 1.454491 0.07826757
v 0.02988858 1.455149 0.07305797
v 0.0286524 1.456705 0.0734705
v 0.02663687 1.460777 0.07688887
v 0.03344493 1.459831 0.07193167
v 0.03465839 1.457526 0.07135872
v 0.04131655 1.460087 0.06909959
v 0.03212216 1.465396 0.07635936
v 0.04036429 1.463729 0.06918675
v 0.05261675 1.461864 0.0643363
v 0.04059738 1.470552 0.07351621
v 0.05199412 1.466827 0.06357796
v 0.05306932 1.474033 0.06725555
v 0.06639471 1.466197 0.05530744
v 0.0664089 1.46225 0.05594341
v 0.07679433 1.469595 0.05174598
v 0.06713942 1.473499 0.05937314
v 0.07405537 1.46319 0.04842414
v 0.07391143 1.460507 0.04881822
v 0.08154768 1.466898 0.04734951
v 0.07964458 1.459082 0.04528486
v 0.07910031 1.456379 0.04601453
v 0.08682457 1.464615 0.04494303
v 0.08193636 1.451805 0.04600204
v 0.09435804 1.455419 0.04156554
v 0.09456416 1.456975 0.0412538
v 0.08167601 1.449707 0.04756273
v 0.08320604 1.453594 0.04809338
v 0.09559592 1.457534 0.04263336
v 0.08728906 1.462713 0.04803574
v 0.08060422 1.458886 0.04872822
v 0.08219529 1.464357 0.0511682
v 0.07516464 1.46254 0.05280187
v 0.0676323 1.465123 0.06039411
v 0.07760917 1.466327 0.055557
v 0.08022292 1.470339 0.06156924
v 0.08482692 1.46913 0.05552946
v 0.06851728 1.469402 0.06375285
v 0.05415189 1.469714 0.07179425
v 0.06882902 1.472778 0.07031419
v 0.05506696 1.472741 0.07787832
v 0.08062863 1.475205 0.06014369
v 0.06885003 1.477837 0.06859564
v 0.06811582 1.478073 0.0648996
v 0.06567469 1.480532 0.07304888
v 0.0712284 1.480949 0.07012908
v 0.05485715 1.478215 0.07593434
v 0.0709283 1.481011 0.06865867
v 0.06539305 1.480608 0.07162901
v 0.05417177 1.478479 0.07236549
v 0.04084865 1.475285 0.07847796
v 0.03099983 1.470189 0.08111981
v 0.04133188 1.475702 0.08150083
v 0.03268687 1.468803 0.08428265
v 0.04222963 1.47227 0.08284603
v 0.03114349 1.471057 0.08349734
v 0.02653295 1.46392 0.08395161
v 0.02494926 1.464752 0.08285852
v 0.02500264 1.464368 0.08098381
v 0.02777055 1.460638 0.07925107
v 0.03398778 1.460442 0.07560812
v 0.03350115 1.464553 0.07875818
v 0.04132904 1.463712 0.07375272
v 0.04210385 1.468735 0.07703566
v 0.05289215 1.46539 0.06885287
v 0.07953129 1.474927 0.05676394
v 0.08584704 1.473834 0.05393015
v 0.08447912 1.473187 0.05134281
v 0.08847697 1.471753 0.0476834
v 0.08950617 1.472911 0.04941785
v 0.0948089 1.4724 0.04559348
v 0.08890824 1.46821 0.05146547
v 0.09458546 1.4688 0.04696764
v 0.1054317 1.468988 0.04237471
v 0.09587842 1.462017 0.04413045
v 0.1050234 1.470538 0.04229152
v 0.09460505 1.470966 0.04402171
v 0.1052988 1.469726 0.04148179
v 0.1183142 1.472202 0.03631676
v 0.1077104 1.463278 0.03876583
v 0.1074625 1.464493 0.04010848
v 0.1063729 1.466787 0.04150081
v 0.1070469 1.466086 0.03942253
v 0.1076 1.463857 0.03851939
v 0.09536282 1.462963 0.04223048
v -0.02021096 1.444934 0.08103208
v -0.02161067 1.453014 0.0822058
v -0.02107946 1.453523 0.08214589
v -0.02099259 1.452762 0.08068002
v -0.0220499 1.451808 0.08068457
v -0.0226748 1.450283 0.07955514
v -0.02315178 1.449394 0.07866932
v -0.02180147 1.450706 0.07890241
v -0.02267934 1.449766 0.07871645
v -0.02604831 1.453134 0.07570919
v -0.0251605 1.454051 0.07567569
v -0.02356346 1.456433 0.07783517
v -0.02895648 1.456705 0.07334955
v -0.02695514 1.460777 0.07677644
v -0.03374248 1.459831 0.07179056
v -0.03019095 1.455149 0.07293163
v -0.03430094 1.460442 0.07546474
v -0.02916487 1.457514 0.07646867
v -0.03495367 1.457526 0.07121251
v -0.04160217 1.460087 0.06892555
v -0.04163425 1.463712 0.07357839
v -0.03382737 1.464553 0.07861679
v -0.05317664 1.46539 0.06862999
v -0.04242269 1.468735 0.07685821
v -0.04257288 1.47227 0.08266801
v -0.05444887 1.469714 0.07156627
v -0.05538921 1.472741 0.07764636
v -0.06911975 1.472778 0.07002431
v -0.06913338 1.477837 0.06830576
v -0.05517116 1.478215 0.07570323
v -0.04166974 1.475702 0.0813265
v -0.06597678 1.480532 0.07277263
v -0.06568889 1.480608 0.0713539
v -0.05447102 1.478479 0.07213723
v -0.04117345 1.475285 0.0783059
v -0.04090146 1.470552 0.07334501
v -0.03133599 1.470189 0.08098893
v -0.02533823 1.464368 0.0808782
v -0.03243844 1.465396 0.07622365
v -0.03148987 1.471057 0.08336588
v -0.02529252 1.464752 0.08275319
v -0.02350355 1.458352 0.08322307
v -0.02688132 1.46392 0.08383946
v -0.02236504 1.458909 0.08246643
v -0.02239372 1.458582 0.08043983
v -0.02809876 1.460638 0.07913352
v -0.03303609 1.468803 0.08414467
v -0.02444815 1.456543 0.08009146
v -0.02534448 1.454491 0.07816167
v -0.04065019 1.463729 0.06901669
v -0.05288221 1.461864 0.06411456
v -0.05225646 1.466827 0.06335906
v -0.05334699 1.474033 0.0670321
v -0.06662212 1.466197 0.05502806
v -0.06738388 1.473499 0.05909064
v -0.0770067 1.469595 0.05142288
v -0.07425383 1.46319 0.04811268
v -0.06663916 1.46225 0.05566404
v -0.0678813 1.465123 0.06010962
v -0.07411159 1.460507 0.04850733
v -0.07538155 1.46254 0.05248558
v -0.07783744 1.46633 0.0552305
v -0.08080381 1.458886 0.04838922
v -0.08240511 1.464357 0.05082239
v -0.08748553 1.462713 0.04766864
v -0.08505519 1.46913 0.05517258
v -0.08047645 1.470339 0.06123166
v -0.08087621 1.475205 0.05980441
v -0.08911947 1.46821 0.05109155
v -0.08606878 1.473834 0.05356901
v -0.08468979 1.473187 0.05098763
v -0.07976467 1.474927 0.05642948
v -0.0897086 1.472914 0.04904138
v -0.09477767 1.4688 0.04656987
v -0.09499515 1.4724 0.04519486
v -0.08867202 1.471753 0.04731147
v -0.09478477 1.470966 0.04362394
v -0.08700826 1.464615 0.04457791
v -0.08174159 1.466898 0.04700654
v -0.07982969 1.459082 0.04495012
v -0.07928854 1.456379 0.04568206
v -0.08212431 1.451805 0.04565736
v -0.08187077 1.449707 0.04721919
v -0.09452754 1.455419 0.04116891
v -0.09473253 1.456975 0.04085632
v -0.107868 1.463278 0.03831327
v -0.09553516 1.462963 0.04182959
v -0.1077567 1.463857 0.03806711
v -0.1072073 1.466086 0.03897252
v -0.1184612 1.472202 0.03581933
v -0.1056046 1.468988 0.04193151
v -0.1065418 1.466787 0.04105364
v -0.1076258 1.464493 0.03965676
v -0.105196 1.470538 0.04185003
v -0.1054677 1.469726 0.04103916
v -0.09605871 1.462017 0.04372757
v -0.09576996 1.457534 0.04223133
v -0.08340308 1.453594 0.04774359
v -0.06838327 1.478073 0.06461284
v -0.07121165 1.481011 0.06835998
v -0.071518 1.480949 0.06982926
v -0.06878018 1.469402 0.06346439
v -0.06182392 1.305006 -0.01419588
v -0.04660962 1.280816 -0.01415187
v -0.08639358 1.312631 0.009409598
v -0.08638592 1.318652 -0.01425323
v -0.06595918 1.300968 -0.04244256
v -0.05135956 1.282957 -0.03782209
v -0.05336402 1.280252 0.009494206
v -0.06812604 1.298709 0.01403518
v -0.08476418 1.31394 -0.0379067
v -0.08087138 1.285742 -0.05587811
v -0.101776 1.304494 -0.04433601
v -0.1329282 1.289139 -0.01433159
v -0.1101348 1.311397 -0.01429724
v -0.123825 1.282237 -0.04602759
v -0.102653 1.262472 -0.05851741
v -0.08152354 1.241511 -0.0459197
v -0.1247932 1.237367 -0.05777326
v -0.06015363 1.265591 -0.04423039
v -0.1452628 1.25652 -0.04550405
v -0.1646021 1.23167 -0.04408985
v -0.1541514 1.263321 -0.01436055
v -0.1729249 1.238554 -0.01438525
v -0.1661171 1.230559 0.01535852
v -0.1884415 1.216074 -0.01440428
v -0.1476281 1.2542 0.01682297
v -0.1286666 1.233068 0.0291944
v -0.1264407 1.279481 0.01740529
v -0.1069089 1.257223 0.03000072
v -0.08451944 1.281605 0.02742474
v -0.06301779 1.261341 0.01588491
v -0.08482664 1.236429 0.01751318
v -0.1080406 1.213246 0.01692575
v -0.05273855 1.256037 -0.01415074
v -0.07415162 1.230825 -0.01418055
v -0.09823068 1.207651 -0.01421689
v -0.1049553 1.21742 -0.04540099
v -0.1449428 1.213566 -0.05579209
v -0.1260753 1.195233 -0.0439919
v -0.162473 1.192263 -0.05254322
v -0.1195012 1.18701 -0.01424869
v -0.144436 1.175784 -0.041674
v -0.1377937 1.169245 -0.01427651
v -0.1609966 1.158966 -0.03895804
v -0.1778628 1.173782 -0.0487302
v -0.1761797 1.144406 -0.03647121
v -0.1545605 1.153622 -0.01430916
v -0.1763341 1.145979 0.007721424
v -0.161274 1.159943 0.01030593
v -0.1701672 1.139849 -0.01436311
v -0.1908259 1.13241 0.005475068
v -0.1851751 1.126559 -0.01443721
v -0.1907211 1.130489 -0.03436085
v -0.2049369 1.142619 -0.04223956
v -0.2048258 1.115811 -0.03317748
v -0.1917168 1.157775 -0.04522041
v -0.2074924 1.171769 -0.03650613
v -0.2193806 1.155403 -0.03436113
v -0.2250601 1.161349 -0.01446191
v -0.2371008 1.144951 -0.01456611
v -0.2315976 1.139416 -0.03318373
v -0.2179803 1.127382 -0.04059511
v -0.2509471 1.130715 -0.0149636
v -0.2444562 1.125659 -0.03482079
v -0.2300684 1.113227 -0.04279916
v -0.227397 1.099716 -0.02739351
v -0.2355281 1.107725 -0.03241999
v -0.2170371 1.100416 -0.03474612
v -0.1997412 1.112111 -0.01456412
v -0.2125095 1.095772 -0.01492328
v -0.2182753 1.101556 0.004458359
v -0.2246075 1.096755 -0.01501981
v -0.2282334 1.100325 -0.002921796
v -0.2392352 1.105447 -0.01517284
v -0.2454613 1.115908 -0.002921512
v -0.2485793 1.118607 -0.0150448
v -0.2445076 1.115482 -0.02743979
v -0.2368421 1.1084 0.001814234
v -0.2459082 1.126448 0.004458359
v -0.2320382 1.114529 0.01204549
v -0.2317881 1.141322 0.003952417
v -0.2183119 1.130073 0.01126528
v -0.205045 1.117795 0.003960935
v -0.204984 1.145356 0.01332624
v -0.191769 1.160111 0.01641896
v -0.2193332 1.157404 0.005438442
v -0.2074152 1.173512 0.007654136
v -0.2136787 1.178116 -0.01443693
v -0.1949932 1.19047 0.01022217
v -0.1780416 1.17542 0.02000058
v -0.16344 1.192379 0.02386299
v -0.1474157 1.211383 0.02715871
v -0.1814756 1.209439 0.01299292
v -0.1280582 1.192919 0.01545619
v -0.1452943 1.175444 0.01308463
v -0.2017746 1.195907 -0.01442046
v -0.1950327 1.189149 -0.03903073
v -0.180983 1.209086 -0.04176485
v -0.1040337 1.302525 0.01577929
v -0.3676413 0.9714651 0.006518749
v -0.3757409 0.9811467 0.001512997
v -0.3524613 0.9863725 0.01018015
v -0.3592975 0.9618942 0.00148858
v -0.3673051 0.9562105 0.001629403
v -0.3753655 0.9646851 0.006091737
v -0.3857092 0.9666819 -0.001870449
v -0.3735053 0.9537219 -0.001611517
v -0.3794417 0.9602694 0.001743822
v -0.3839952 0.9728452 0.001241572
v -0.3869786 0.9760907 -0.01133172
v -0.3877443 0.9693647 -0.01127267
v -0.3749013 0.9814272 -0.02400296
v -0.383644 0.9723571 -0.02400666
v -0.3785604 0.9851681 -0.0112156
v -0.3852041 0.9665703 -0.02076716
v -0.379034 0.9597839 -0.0241912
v -0.3834663 0.9567922 -0.01100522
v -0.3752525 0.9635937 -0.02855871
v -0.3664769 0.9717672 -0.02908679
v -0.3675195 0.9549303 -0.02281732
v -0.3734457 0.9529857 -0.01990944
v -0.3711471 0.9508941 -0.01040587
v -0.3642385 0.9524017 -0.01011371
v -0.3556341 0.9582195 -0.01122894
v -0.3372961 0.9704844 -0.0116923
v -0.3584741 0.962041 -0.02402
v -0.340968 0.9751225 -0.02731202
v -0.3253367 0.9791243 -0.01208609
v -0.3295432 0.9841525 -0.02939428
v -0.3511669 0.9868162 -0.03342733
v -0.3410549 0.9969475 -0.03616316
v -0.361813 0.9983856 -0.02718909
v -0.3530186 1.009626 -0.0292421
v -0.3663849 1.002845 -0.01154807
v -0.3538988 1.009339 0.005368599
v -0.3627363 0.9980071 0.004044407
v -0.358092 1.014563 -0.01190751
v -0.342776 1.022515 -0.03154041
v -0.343579 1.022395 0.006695346
v -0.3483587 1.027991 -0.01238789
v -0.3319514 1.036911 0.008094776
v -0.337381 1.042879 -0.01294892
v -0.3312691 1.036793 -0.0340721
v -0.3175358 1.053632 -0.03708248
v -0.3010038 1.037148 -0.0465111
v -0.3164674 1.021626 -0.04252206
v -0.3020282 1.006435 -0.03429186
v -0.3165051 0.9946841 -0.03172723
v -0.329437 1.008642 -0.03919597
v -0.3116845 0.9892795 -0.01260708
v -0.2965355 1.000638 -0.01320558
v -0.3172808 0.9947188 0.006566163
v -0.3026494 1.006716 0.007945151
v -0.278894 1.014331 -0.0138955
v -0.2849869 1.0206 -0.03731132
v -0.2856055 1.021083 0.009467234
v -0.2583037 1.032158 -0.01479864
v -0.2658258 1.039225 0.01069035
v -0.2376839 1.054973 -0.01559162
v -0.2640806 1.039445 -0.0408901
v -0.2808845 1.057489 -0.05141834
v -0.2424543 1.062733 -0.04225887
v -0.2232876 1.077189 -0.01548515
v -0.227625 1.083643 -0.03905685
v -0.258651 1.080828 -0.05320475
v -0.2421022 1.099293 -0.0487285
v -0.259093 1.113522 -0.03911959
v -0.2778577 1.09696 -0.04221742
v -0.2873235 1.102354 -0.01549963
v -0.3077951 1.080976 -0.01458116
v -0.2994494 1.074576 -0.04072798
v -0.3243793 1.060278 -0.01362549
v -0.3013664 1.074079 0.01082039
v -0.3182444 1.053918 0.009622537
v -0.3019572 1.037668 0.01874424
v -0.2836067 1.056884 0.02071151
v -0.2457969 1.061671 0.01016198
v -0.263743 1.078849 0.0201715
v -0.2304687 1.083326 0.007323655
v -0.2464306 1.098423 0.01618047
v -0.2622584 1.112692 0.007336432
v -0.2814967 1.095395 0.01023012
v -0.2674507 1.118499 -0.01550872
v -0.2459161 1.126424 0.004458359
v -0.2352848 1.132295 0.0002353677
v -0.2392722 1.135507 -0.01499568
v -0.2320436 1.114507 0.01204549
v -0.2509505 1.130698 -0.0149636
v -0.2444531 1.125652 -0.03482079
v -0.2300639 1.113223 -0.04279916
v -0.2342181 1.131418 -0.03056799
v -0.2229597 1.121642 -0.03682497
v -0.2189891 1.128141 -0.01514417
v -0.2244164 1.123 0.006185146
v -0.2136531 1.112831 0.0002350838
v -0.2127284 1.11171 -0.03050979
v -0.2091672 1.108203 -0.01496445
v -0.2182756 1.101542 0.004458359
v -0.2125067 1.095763 -0.01492328
v -0.2170326 1.100412 -0.03474612
v -0.3173759 1.021902 0.01636331
v -0.3305318 1.008571 0.0141956
v -0.3304285 0.984002 0.005263549
v -0.3422874 0.9966341 0.01216303
v -0.3418953 0.9748744 0.003959515
v -0.363276 0.9621054 -0.01978821
v -0.3692763 0.9683553 -0.0241276
v -0.3752559 0.9636034 -0.02855871
v -0.3675231 0.9549371 -0.02281761
v -0.3658018 0.9722856 -0.01087717
v -0.3606452 0.9604036 -0.01020883
v -0.3642422 0.9524085 -0.01011371
v -0.3744672 0.9436653 -0.005104555
v -0.3826182 0.9403508 -0.02137446
v -0.3673082 0.9562198 0.001629403
v -0.3766363 0.9489146 0.00573684
v -0.3753669 0.9646914 0.006091453
v -0.3628641 0.9633354 -0.001360817
v -0.3690242 0.969531 0.001988275
v -0.3757238 0.9753661 -0.00168278
v -0.3839992 0.972852 0.001241572
v -0.378182 0.9775446 -0.01116762
v -0.3757105 0.9747361 -0.02071236
v -0.383648 0.972364 -0.02400666
v -0.386982 0.9761003 -0.01133172
v -0.4041278 0.9640273 -0.01203981
v -0.402815 0.9580815 -0.02920064
v -0.4323015 0.9463892 -0.02917396
v -0.4329608 0.9477125 0.003415245
v -0.4319188 0.9498669 -0.01293586
v -0.4018687 0.9607231 0.004668458
v -0.4125017 0.9494146 0.01733175
v -0.3971854 0.9471515 0.01809208
v -0.3856541 0.9563175 0.009573703
v -0.387754 0.9402285 0.01507006
v -0.385425 0.9329846 0.006571274
v -0.3949766 0.9244049 0.01802792
v -0.4014803 0.9326885 0.02585553
v -0.4210521 0.9327387 0.02975088
v -0.403533 0.9269721 0.02973725
v -0.4099277 0.9399267 0.0259725
v -0.4178007 0.9299444 0.03213209
v -0.4318887 0.9273369 0.03022644
v -0.4288545 0.9263208 0.03307924
v -0.4161404 0.9269275 0.03636332
v -0.4187561 0.9202506 0.04328239
v -0.4306795 0.9222979 0.03845636
v -0.4042581 0.9220194 0.03393128
v -0.4074428 0.9129792 0.04090912
v -0.3991729 0.9192892 0.02365659
v -0.4008466 0.9140001 0.02716921
v -0.4057793 0.9123864 0.01689651
v -0.4074811 0.9033302 0.02376305
v -0.4036988 0.9049619 0.03232629
v -0.407001 0.9084987 0.01957385
v -0.4120622 0.9089941 0.01759636
v -0.4228726 0.9105755 0.01382338
v -0.4236928 0.9092051 0.01527988
v -0.4138361 0.9061598 0.01495735
v -0.4079189 0.9011932 0.02165014
v -0.412356 0.8905074 0.02795084
v -0.4111806 0.8931052 0.0323686
v -0.4202359 0.8856535 0.03676819
v -0.4094439 0.8946387 0.03780221
v -0.4176485 0.8872026 0.04078108
v -0.4212077 0.8921927 0.04868336
v -0.4261854 0.8844472 0.04117998
v -0.4265045 0.8841448 0.03549993
v -0.4268946 0.8875796 0.04659571
v -0.434218 0.8865007 0.0401221
v -0.4330638 0.8860913 0.03464874
v -0.4387334 0.8905889 0.03272236
v -0.4402929 0.8921064 0.03848986
v -0.4334684 0.8903384 0.0464546
v -0.4390684 0.8941855 0.04429995
v -0.430303 0.8981436 0.05035535
v -0.4391448 0.9017837 0.04547196
v -0.4425072 0.9004806 0.03632897
v -0.4365194 0.9035724 0.02336983
v -0.4389594 0.8957434 0.02827451
v -0.4405683 0.9102459 0.03309202
v -0.4362017 0.9175644 0.02922733
v -0.4358692 0.9128514 0.04386158
v -0.4323469 0.9109901 0.01934274
v -0.4340981 0.9203897 0.02619651
v -0.4342256 0.9031164 0.02201497
v -0.4362803 0.9201546 0.02474257
v -0.4325851 0.9118889 0.01680764
v -0.4429044 0.9163013 0.02569313
v -0.4408568 0.904268 0.00913647
v -0.4339224 0.9067035 0.01186833
v -0.4321462 0.9043049 0.009729006
v -0.4379975 0.9027195 0.007093966
v -0.4244035 0.907047 0.01168662
v -0.4236886 0.9058764 -0.00350979
v -0.4193767 0.9090444 0.01079881
v -0.4178654 0.9101854 0.006480704
v -0.419848 0.9075158 -0.004186082
v -0.4198313 0.9107036 0.01242111
v -0.4187726 0.909006 -0.00501285
v -0.4199624 0.9075935 -0.01238392
v -0.4235162 0.9060476 -0.01289185
v -0.4195479 0.9079118 -0.02056444
v -0.4231656 0.9062918 -0.02227192
v -0.4308618 0.9034608 -0.01364537
v -0.4312062 0.9033268 -0.003496446
v -0.4393571 0.9005649 -0.01426828
v -0.4405925 0.9008902 -0.003413826
v -0.4444461 0.9020966 -0.001538266
v -0.4467302 0.899026 -0.006625218
v -0.4457212 0.8983705 -0.01436822
v -0.4501369 0.8984227 -0.008800027
v -0.4482829 0.9005476 -0.004693442
v -0.4520684 0.899781 -0.008286704
v -0.4534542 0.8989326 0.001529748
v -0.4471541 0.9016 0.005333109
v -0.4567701 0.8976817 0.005053166
v -0.4637528 0.9015467 -0.001549339
v -0.4661019 0.9012917 -0.002222507
v -0.4713703 0.9140297 0.003008959
v -0.4615746 0.8977646 -0.01400424
v -0.4589299 0.8990984 -0.01314312
v -0.4662865 0.9004828 0.002022345
v -0.4750027 0.9114997 0.004016867
v -0.4730627 0.8956003 0.005361217
v -0.4699212 0.8949845 0.00639127
v -0.4674673 0.8911229 0.006016783
v -0.476859 0.8869445 0.01270276
v -0.4796715 0.8891065 0.01413739
v -0.4780213 0.88387 0.023095
v -0.4804713 0.8866489 0.02357567
v -0.4865775 0.8892442 0.01886519
v -0.4819777 0.8905361 0.01290832
v -0.487787 0.8984162 0.01397045
v -0.4901333 0.8931075 0.02079839
v -0.4840248 0.8871549 0.02401262
v -0.4880442 0.8905928 0.02752326
v -0.4913995 0.898 0.02339283
v -0.4870161 0.9063577 0.02991385
v -0.4890961 0.8968771 0.02943374
v -0.4901599 0.9052986 0.02030153
v -0.482135 0.9053872 0.007714042
v -0.4850665 0.9149561 0.01597122
v -0.480553 0.9169793 0.0284176
v -0.479762 0.9022437 0.03727271
v -0.4710915 0.9117473 0.03721734
v -0.4692937 0.9255366 0.02388202
v -0.4596016 0.9198929 0.03309259
v -0.4545476 0.9325062 0.0191352
v -0.47607 0.9228467 0.01109209
v -0.4651423 0.9305727 0.003863551
v -0.4615802 0.9358553 -0.01383332
v -0.4812637 0.9232752 -0.0004372332
v -0.4818852 0.9275362 -0.01427566
v -0.4927334 0.9165764 -0.001265989
v -0.4773306 0.9108861 0.004095796
v -0.4944781 0.9204627 -0.01440115
v -0.492042 0.9147801 -0.02718994
v -0.4804582 0.9217187 -0.02781314
v -0.5016297 0.9107484 -0.01404739
v -0.5000903 0.907861 -0.004039012
v -0.5030632 0.9010155 -0.007451134
v -0.5041026 0.9009973 -0.01368313
v -0.4995624 0.9066612 -0.02376561
v -0.5027355 0.9003954 -0.01985606
v -0.4951004 0.8970787 -0.02695173
v -0.5004125 0.8940495 -0.02048664
v -0.4966605 0.8878704 -0.01336968
v -0.5022744 0.8932671 -0.01350341
v -0.4963505 0.8888632 -0.01956306
v -0.4903726 0.8882128 -0.02291329
v -0.4942327 0.886664 -0.01254064
v -0.4964135 0.8893737 -0.007135134
v -0.490566 0.8906485 -0.002778702
v -0.4899359 0.8840951 -0.01261389
v -0.4872455 0.8877713 -0.002728448
v -0.488237 0.8856092 -0.02166377
v -0.4751876 0.8870169 -0.0136482
v -0.4758846 0.8929474 0.000313729
v -0.4613315 0.8953155 -0.01410787
v -0.4671149 0.8941588 -0.02364069
v -0.477075 0.8888573 -0.02521501
v -0.4697985 0.8973061 -0.02518804
v -0.4800945 0.891498 -0.02616301
v -0.4771213 0.9087284 -0.03132179
v -0.4868923 0.9022797 -0.03132321
v -0.470031 0.9132798 -0.02943544
v -0.4633913 0.9296593 -0.03113043
v -0.4629629 0.9012142 -0.02515993
v -0.4715974 0.9126121 -0.02900048
v -0.4719824 0.9224478 -0.03723949
v -0.4703703 0.897004 -0.02960352
v -0.4775347 0.9079428 -0.03066594
v -0.479785 0.9167411 -0.04021125
v -0.4656241 0.9236443 -0.04940309
v -0.4755757 0.9177936 -0.0525418
v -0.4859142 0.9073321 -0.04324747
v -0.4839941 0.9002182 -0.03543264
v -0.4827284 0.9082622 -0.05347645
v -0.4883159 0.8989871 -0.04589614
v -0.4862373 0.8976187 -0.05238309
v -0.4872339 0.8932972 -0.04228471
v -0.4852158 0.8898933 -0.04955868
v -0.4790119 0.8900202 -0.05556666
v -0.4814752 0.8962596 -0.05740247
v -0.479693 0.8860876 -0.04519259
v -0.4755796 0.8875393 -0.05390403
v -0.4765878 0.8836031 -0.04366568
v -0.4786164 0.8887443 -0.04000258
v -0.4753289 0.8885509 -0.03453319
v -0.4775415 0.8914043 -0.03481284
v -0.465546 0.8967981 -0.0313411
v -0.4525309 0.8962249 -0.03411895
v -0.4635401 0.8920334 -0.03097201
v -0.4509126 0.8991155 -0.0289437
v -0.4524534 0.8991788 -0.03399857
v -0.4366233 0.9046439 -0.03743085
v -0.4474119 0.8946849 -0.04402626
v -0.4478199 0.8978015 -0.04495211
v -0.4522569 0.8953726 -0.05399233
v -0.4541995 0.8972161 -0.0553134
v -0.4493315 0.9058139 -0.05730508
v -0.4563814 0.9167073 -0.05781983
v -0.4580111 0.9004542 -0.05928484
v -0.4335746 0.916378 -0.05149812
v -0.4408588 0.9258176 -0.05266559
v -0.4207915 0.9403994 -0.04352401
v -0.4344982 0.9402557 -0.04053407
v -0.4514151 0.9307814 -0.04513439
v -0.4102618 0.9332966 -0.04239572
v -0.4078977 0.9229597 -0.03119233
v -0.3894464 0.9507351 -0.03254974
v -0.4192356 0.9134627 -0.03773209
v -0.4172232 0.912647 -0.03253753
v -0.4243138 0.9114937 -0.03989582
v -0.4185352 0.9102533 -0.03529068
v -0.4229663 0.90834 -0.03727044
v -0.4305659 0.9037195 -0.02382807
v -0.4302775 0.9056618 -0.03696721
v -0.4319983 0.9083218 -0.03898331
v -0.4361 0.9040187 -0.0355675
v -0.4399457 0.9012312 -0.02540041
v -0.4426583 0.9021758 -0.02716354
v -0.4460116 0.9008616 -0.02443367
v -0.4504524 0.8998886 -0.02065047
v -0.4462157 0.8993114 -0.02223615
v -0.4496923 0.8987004 -0.01985578
v -0.4501244 0.8979432 -0.01427595
v -0.4532515 0.8997867 -0.01394717
v -0.4186587 0.9093871 -0.01913775
v -0.418653 0.911875 -0.01838963
v -0.4191686 0.9112902 -0.01190665
v -0.413268 0.9143204 -0.01105405
v -0.4191502 0.9089572 -0.01209177
v -0.4187354 0.9111624 -0.0053368
v -0.3937838 0.9250931 -0.003818408
v -0.4022843 0.9163669 0.01030025
v -0.467222 0.9103927 -0.06056275
v -0.4685356 0.8950864 -0.05902704
v -0.4651959 0.892107 -0.05745215
v -0.4732461 0.8850706 -0.05342876
v -0.462053 0.8893567 -0.0568281
v -0.4614329 0.8858043 -0.04256294
v -0.4760206 0.9027249 -0.06010338
v -0.465008 0.8983117 -0.004111695
v -0.4793799 0.8966414 0.0006595407
v -0.4867362 0.9048364 0.004038161
v -0.4951861 0.8987095 3.407012e-05
v -0.5006263 0.8946889 -0.00640433
v -0.4337887 0.9426287 0.01713301
v -0.4412991 0.9280785 0.02927304
v -0.447392 0.9248237 0.03070172
v -0.4535806 0.9091517 0.03122782
v -0.46311 0.9017624 0.0360635
v -0.4504725 0.8996385 0.02513409
v -0.4498681 0.8997438 0.01411525
v -0.4607549 0.893409 0.03185783
v -0.4492281 0.8962979 0.02424089
v -0.4597691 0.8903876 0.0305149
v -0.449129 0.8962181 0.01311217
v -0.4623363 0.8863375 0.01751772
v -0.4564376 0.8962022 0.005429641
v -0.4717947 0.8859338 0.03074743
v -0.4733128 0.8883306 0.03168209
v -0.4817262 0.8909154 0.03373311
v -0.4799352 0.8873108 0.02978296
v -0.472994 0.8946619 0.03709015
v -0.4841721 0.8959685 0.03481398
v -0.4533188 0.8987143 0.009584208
v -0.4302306 0.9378859 0.02593588
v -0.4217508 0.9366562 0.02832987
v -0.4182158 0.9428365 0.02430818
v -0.4378859 0.8934982 0.02883184
v -0.4377877 0.8912112 0.02536463
v -0.434038 0.8996387 0.01805319
v -0.4239367 0.907254 0.01358177
v -0.4235111 0.891802 0.02128218
v -0.4315153 0.8845974 0.02952772
v -0.420997 0.8835823 0.03403775
v -0.4247652 0.9092397 0.04965663
v -0.4136884 0.901623 0.04731033
v -0.43512 0.8867659 0.05774771
v -0.4348341 0.8994758 0.05052456
v -0.429847 0.8996586 0.05320361
v -0.4253134 0.896318 0.05261448
v -0.4382731 0.8868559 0.05573587
v -0.432013 0.8847808 0.05710975
v -0.4371897 0.8756574 0.05584149
v -0.4384412 0.8754402 0.05576767
v -0.4392552 0.8763402 0.05538836
v -0.4394929 0.8750696 0.0541536
v -0.4395079 0.8847177 0.05194529
v -0.4360347 0.8900858 0.04180943
v -0.4372184 0.8953737 0.04577519
v -0.4383969 0.8818008 0.04866945
v -0.4391618 0.8749336 0.0528365
v -0.43529 0.8798159 0.04803148
v -0.4383279 0.8739663 0.05302645
v -0.4370972 0.874248 0.05328964
v -0.437276 0.8743371 0.05464023
v -0.438822 0.873461 0.05451872
v -0.4309021 0.8818641 0.05383419
v -0.4321394 0.8797265 0.05004332
v -0.426513 0.8869306 0.04389963
v -0.4241874 0.8905517 0.03895066
v -0.4314977 0.8867472 0.04122058
v -0.4216268 0.8950915 0.04365319
v -0.4241289 0.8910326 0.048649
v -0.4264917 0.8998497 0.03820396
v -0.4227315 0.9007406 0.04770498
v -0.427218 0.9043007 0.04823505
v -0.4323174 0.9039188 0.04560001
v -0.4348193 0.8994661 0.04075666
v -0.4337759 0.8937307 0.03684598
v -0.4292272 0.8902598 0.0361748
v -0.4994705 0.897389 -0.02127395
v -0.4965018 0.8917078 -0.01927659
v -0.4932893 0.9004675 -0.02115016
v -0.502549 0.9030645 -0.01943076
v -0.5080556 0.8885324 -0.01911504
v -0.5109087 0.891837 -0.01792741
v -0.5129696 0.8817048 -0.01574352
v -0.5120594 0.8930714 -0.01458939
v -0.5038258 0.9051882 -0.01433869
v -0.5028377 0.9030509 -0.009188994
v -0.5110997 0.8918265 -0.01119516
v -0.5130315 0.8817037 -0.01352215
v -0.5133126 0.8811705 -0.01464248
v -0.5121173 0.8801359 -0.01580314
v -0.5121829 0.8801327 -0.01341908
v -0.5126252 0.8788994 -0.0146263
v -0.5109876 0.8790982 -0.01457974
v -0.5043147 0.8839787 -0.01438384
v -0.5108783 0.8797361 -0.01346423
v -0.5108155 0.8797398 -0.0156856
v -0.5052743 0.8852237 -0.01777807
v -0.4955132 0.8895733 -0.01412689
v -0.4904998 0.8943494 -0.01913946
v -0.4894567 0.8920678 -0.013952
v -0.4907894 0.8943329 -0.008825012
v -0.4967908 0.8916942 -0.009034827
v -0.5054654 0.8852132 -0.01104582
v -0.5083182 0.8885177 -0.009858472
v -0.4998694 0.8973697 -0.007191634
v -0.4936913 0.9004488 -0.006956834
v -0.488748 0.9022218 -0.01391707
v -0.4966463 0.9065084 -0.008972365
v -0.4975239 0.9088485 -0.014155
v -0.4963567 0.9065249 -0.01928681
v -0.4896662 0.8991141 0.02515198
v -0.4957074 0.8881912 0.0327658
v -0.4964848 0.8874734 0.02917822
v -0.4881975 0.8938701 0.02122511
v -0.4880581 0.9004641 0.03041155
v -0.4824255 0.9043038 0.02782819
v -0.4841571 0.9027573 0.02256407
v -0.4827239 0.8971383 0.01857361
v -0.4750428 0.8980508 0.02259899
v -0.4795312 0.890912 0.01799413
v -0.4760583 0.8879791 0.02153231
v -0.4814295 0.8853009 0.02415713
v -0.484845 0.8880861 0.02060333
v -0.4947807 0.884477 0.02624904
v -0.4918376 0.8811248 0.0254924
v -0.489315 0.8794607 0.02769787
v -0.4957171 0.8751954 0.02935765
v -0.4953213 0.8744016 0.03029373
v -0.494628 0.8748828 0.03126927
v -0.4885376 0.8801785 0.03128545
v -0.4798219 0.8866484 0.02941671
v -0.4902417 0.8831749 0.03421463
v -0.4812909 0.891892 0.03334357
v -0.4744732 0.889462 0.02686997
v -0.4757599 0.8951449 0.03078718
v -0.4846431 0.8976763 0.03396535
v -0.4790991 0.9013076 0.0314399
v -0.4931848 0.8865271 0.03497127
v -0.4964249 0.876755 0.03259971
v -0.4972653 0.8763717 0.03172297
v -0.4957077 0.8752193 0.03203414
v -0.4967562 0.8741483 0.03107053
v -0.4968763 0.8755532 0.02998255
v -0.4975165 0.8770681 0.03068837
v -0.4859974 0.9011111 -0.0455844
v -0.4927995 0.889466 -0.0496254
v -0.4920057 0.8901792 -0.05321071
v -0.4845452 0.8958717 -0.04164617
v -0.4843709 0.9024532 -0.05083886
v -0.4787465 0.9062952 -0.04823704
v -0.4804991 0.9047575 -0.04297803
v -0.4790798 0.8991419 -0.03897565
v -0.4758928 0.892917 -0.03837658
v -0.4713848 0.9000507 -0.04297093
v -0.470799 0.8914574 -0.04723027
v -0.4724032 0.8899799 -0.04189744
v -0.4720699 0.8971332 -0.05115883
v -0.4754028 0.903297 -0.05183172
v -0.4809394 0.8996609 -0.05437562
v -0.4775892 0.8938803 -0.05373397
v -0.4894749 0.8885131 -0.05540426
v -0.4927266 0.878741 -0.05303525
v -0.4865372 0.8851623 -0.054632
v -0.4920122 0.8772064 -0.05246514
v -0.4909345 0.8768734 -0.05169544
v -0.4848442 0.8821687 -0.0516926
v -0.4761375 0.8886384 -0.04979546
v -0.4777669 0.8872968 -0.044541
v -0.485638 0.8814558 -0.04810757
v -0.4811955 0.8900883 -0.04100424
v -0.4881688 0.8831218 -0.04591402
v -0.4920318 0.877188 -0.04978865
v -0.4916315 0.8763899 -0.05072217
v -0.4931882 0.8775451 -0.05041838
v -0.4930627 0.8761386 -0.05150465
v -0.4935689 0.8783614 -0.05216135
v -0.4938239 0.8790558 -0.05112846
v -0.4911094 0.8864732 -0.04668628
f 1 6 2
f 2 5 1
f 1 4 3
f 3 7 1
f 4 1 5
f 6 1 7
f 8 7 10
f 7 8 9
f 9 6 7
f 7 3 10
f 10 3 11
f 12 10 11
f 10 12 8
f 13 8 12
f 14 13 12
f 11 15 12
f 12 15 14
f 15 11 18
f 16 14 15
f 16 15 17
f 18 17 15
f 17 18 19
f 19 18 21
f 20 21 18
f 18 11 20
f 19 21 23
f 22 21 20
f 21 22 24
f 24 23 21
f 26 24 22
f 23 24 25
f 24 27 25
f 24 26 27
f 26 28 27
f 29 27 28
f 27 29 30
f 25 27 30
f 30 31 25
f 31 30 32
f 29 32 30
f 32 29 33
f 33 34 32
f 36 32 34
f 32 35 31
f 35 32 36
f 36 37 35
f 37 36 38
f 36 39 38
f 39 36 34
f 40 39 41
f 42 39 40
f 34 41 39
f 39 42 38
f 42 37 38
f 37 42 43
f 44 43 42
f 44 42 40
f 44 48 45
f 45 47 44
f 48 44 46
f 44 40 46
f 43 44 47
f 52 48 49
f 48 50 49
f 46 50 48
f 48 51 45
f 51 48 52
f 54 52 53
f 49 53 52
f 52 54 51
f 54 53 58
f 54 57 55
f 55 51 54
f 56 54 58
f 54 56 57
f 60 58 53
f 56 58 59
f 61 59 58
f 60 61 58
f 61 60 62
f 61 62 64
f 61 63 59
f 63 61 64
f 65 67 64
f 64 62 65
f 64 66 63
f 66 64 67
f 68 67 69
f 67 68 70
f 67 65 69
f 70 66 67
f 71 70 68
f 70 71 72
f 66 70 73
f 73 70 72
f 72 5 73
f 5 2 73
f 73 74 66
f 74 73 2
f 2 75 74
f 75 76 74
f 63 74 76
f 74 63 66
f 76 75 77
f 77 78 76
f 76 59 63
f 59 76 78
f 78 77 80
f 78 56 59
f 56 78 79
f 80 79 78
f 82 80 81
f 80 77 81
f 82 83 80
f 79 80 83
f 83 84 79
f 85 84 83
f 83 82 85
f 85 82 87
f 85 86 84
f 85 88 86
f 87 88 85
f 88 90 89
f 89 86 88
f 90 88 91
f 87 91 88
f 91 92 93
f 91 87 92
f 93 90 91
f 90 93 94
f 95 94 93
f 93 97 95
f 96 93 92
f 97 93 96
f 96 100 97
f 97 98 99
f 98 97 100
f 99 95 97
f 100 96 103
f 100 101 98
f 101 100 102
f 103 102 100
f 104 103 105
f 103 104 106
f 103 92 105
f 92 103 96
f 102 103 106
f 106 104 107
f 108 106 107
f 108 102 106
f 108 110 109
f 102 108 109
f 110 108 111
f 111 108 112
f 108 107 112
f 112 113 116
f 113 112 117
f 112 114 111
f 114 112 116
f 115 112 107
f 112 115 117
f 113 117 118
f 115 118 117
f 113 118 119
f 75 119 118
f 118 120 75
f 118 115 120
f 115 81 120
f 120 81 77
f 120 77 75
f 119 75 6
f 9 119 6
f 9 113 119
f 121 116 113
f 116 122 114
f 122 116 121
f 122 121 123
f 123 124 122
f 114 122 124
f 124 123 128
f 125 124 126
f 124 125 127
f 128 126 124
f 124 127 114
f 131 128 123
f 126 128 129
f 130 129 128
f 128 131 130
f 123 132 131
f 132 133 131
f 133 130 131
f 133 137 134
f 134 135 133
f 130 133 135
f 133 132 136
f 137 133 136
f 137 136 14
f 137 14 16
f 138 137 16
f 137 138 139
f 139 134 137
f 141 139 140
f 140 139 138
f 139 141 142
f 134 139 142
f 143 142 144
f 142 143 134
f 145 144 142
f 145 142 141
f 148 145 141
f 145 147 146
f 146 144 145
f 147 145 148
f 148 141 149
f 150 148 149
f 148 150 151
f 147 148 151
f 152 151 150
f 151 152 154
f 151 154 153
f 153 147 151
f 152 157 154
f 154 155 156
f 155 154 157
f 156 153 154
f 157 152 94
f 94 95 157
f 158 157 95
f 157 158 155
f 95 99 158
f 159 155 158
f 158 160 159
f 160 158 99
f 160 161 163
f 161 160 162
f 99 162 160
f 163 159 160
f 164 163 165
f 159 163 164
f 166 165 163
f 161 166 163
f 166 169 165
f 167 166 161
f 166 167 168
f 169 166 168
f 169 168 170
f 171 169 170
f 171 172 169
f 172 165 169
f 171 174 172
f 173 172 174
f 172 173 175
f 175 165 172
f 175 176 177
f 176 175 173
f 177 165 175
f 177 178 179
f 178 177 176
f 179 164 177
f 165 177 164
f 155 159 179
f 178 155 179
f 164 179 159
f 155 178 156
f 180 156 178
f 180 178 181
f 181 178 176
f 181 182 180
f 183 182 181
f 173 181 176
f 181 173 183
f 174 183 173
f 183 174 184
f 184 185 183
f 182 183 185
f 187 182 185
f 185 186 187
f 186 185 188
f 185 184 188
f 188 189 186
f 189 188 190
f 188 191 190
f 191 188 184
f 184 193 191
f 192 190 191
f 191 194 192
f 194 191 193
f 196 194 195
f 193 195 194
f 194 196 197
f 197 192 194
f 200 197 198
f 197 199 198
f 192 197 200
f 199 197 196
f 203 192 200
f 203 200 201
f 201 200 202
f 198 202 200
f 190 203 204
f 204 203 205
f 190 192 203
f 203 201 205
f 207 205 206
f 205 208 206
f 207 204 205
f 201 208 205
f 210 209 208
f 211 208 209
f 208 201 210
f 208 211 206
f 209 212 211
f 214 211 212
f 211 214 213
f 213 206 211
f 216 215 214
f 215 213 214
f 212 216 214
f 219 217 216
f 217 215 216
f 216 212 218
f 218 220 216
f 220 219 216
f 220 222 221
f 221 223 220
f 222 220 218
f 220 223 219
f 221 224 223
f 226 223 224
f 223 225 219
f 223 226 225
f 224 129 226
f 227 225 226
f 226 228 227
f 228 226 129
f 228 135 229
f 229 227 228
f 135 228 130
f 129 130 228
f 229 143 230
f 230 231 229
f 227 229 231
f 143 229 135
f 232 231 233
f 232 227 231
f 234 233 231
f 231 230 234
f 230 235 234
f 235 236 234
f 233 234 236
f 236 235 237
f 237 238 236
f 239 236 238
f 236 239 233
f 239 240 242
f 240 239 238
f 232 239 241
f 242 241 239
f 232 233 239
f 243 242 240
f 242 243 244
f 241 242 217
f 242 244 217
f 243 246 244
f 217 244 215
f 244 245 215
f 246 245 244
f 247 246 243
f 248 246 247
f 207 245 246
f 246 248 207
f 249 248 247
f 249 189 248
f 204 207 248
f 189 204 248
f 247 250 249
f 249 186 189
f 186 249 250
f 240 251 250
f 250 243 240
f 243 250 247
f 186 250 187
f 251 187 250
f 251 240 238
f 251 252 187
f 238 237 251
f 252 251 237
f 252 235 253
f 253 182 252
f 235 252 237
f 182 187 252
f 254 253 146
f 182 253 254
f 253 235 255
f 253 255 146
f 230 144 255
f 144 146 255
f 235 230 255
f 254 153 180
f 153 254 147
f 254 180 182
f 254 146 147
f 245 213 215
f 206 213 245
f 245 207 206
f 241 217 219
f 219 225 241
f 225 232 241
f 225 227 232
f 144 230 143
f 256 126 224
f 129 224 126
f 224 221 256
f 257 125 256
f 256 258 257
f 126 256 125
f 258 256 221
f 258 260 257
f 221 261 258
f 260 258 259
f 261 259 258
f 261 262 264
f 262 261 222
f 261 264 263
f 263 265 261
f 259 261 265
f 261 221 222
f 266 259 265
f 267 266 265
f 263 267 265
f 268 269 267
f 263 268 267
f 267 269 266
f 269 268 270
f 266 269 167
f 269 270 271
f 168 269 271
f 167 269 168
f 168 271 170
f 271 199 170
f 271 270 272
f 199 271 272
f 198 272 273
f 272 198 199
f 270 273 272
f 273 270 268
f 268 274 273
f 202 273 274
f 202 198 273
f 275 274 276
f 210 274 275
f 274 268 276
f 210 202 274
f 275 276 277
f 263 277 276
f 268 263 276
f 277 262 278
f 262 277 264
f 278 275 277
f 277 263 264
f 212 278 262
f 275 278 209
f 212 209 278
f 209 210 275
f 266 167 279
f 259 266 279
f 279 167 161
f 162 279 161
f 279 162 280
f 280 259 279
f 98 280 162
f 280 98 101
f 101 260 280
f 259 280 260
f 262 218 212
f 218 262 222
f 260 101 281
f 281 257 260
f 102 281 101
f 109 282 281
f 257 281 282
f 281 102 109
f 125 257 282
f 282 127 125
f 282 109 110
f 127 282 110
f 201 202 210
f 189 190 204
f 196 170 199
f 195 171 196
f 170 196 171
f 174 171 195
f 174 195 193
f 193 184 174
f 156 180 153
f 162 99 98
f 150 283 152
f 283 94 152
f 284 285 283
f 283 150 284
f 285 90 283
f 94 283 90
f 286 89 285
f 287 286 285
f 285 284 287
f 90 285 89
f 290 288 287
f 286 287 288
f 289 287 284
f 287 289 290
f 290 291 292
f 290 293 291
f 288 290 292
f 289 293 290
f 293 294 291
f 293 138 294
f 289 140 293
f 140 138 293
f 294 16 17
f 19 294 17
f 291 294 295
f 294 19 295
f 16 294 138
f 291 295 296
f 296 295 297
f 19 297 295
f 296 297 298
f 297 19 23
f 25 297 23
f 297 25 31
f 31 298 297
f 300 296 298
f 35 299 298
f 300 298 299
f 298 31 35
f 301 292 300
f 292 296 300
f 300 302 301
f 302 300 299
f 303 301 302
f 299 43 302
f 302 43 47
f 303 302 47
f 303 304 305
f 304 303 307
f 301 303 305
f 303 47 306
f 307 303 306
f 308 304 307
f 308 307 55
f 307 306 55
f 304 308 310
f 308 55 57
f 309 308 57
f 309 310 308
f 86 310 84
f 310 309 84
f 86 311 310
f 304 310 311
f 89 286 311
f 311 286 304
f 86 89 311
f 309 56 79
f 56 309 57
f 79 84 309
f 306 51 55
f 51 306 45
f 47 45 306
f 305 304 286
f 301 305 288
f 286 288 305
f 292 301 288
f 299 35 37
f 43 299 37
f 296 292 291
f 289 284 149
f 149 140 289
f 150 149 284
f 140 149 141
f 135 134 143
f 136 13 14
f 136 132 13
f 312 13 132
f 313 312 132
f 132 123 313
f 313 121 314
f 313 314 312
f 121 313 123
f 121 113 314
f 113 9 314
f 9 312 314
f 312 9 8
f 8 13 312
f 110 114 127
f 104 115 107
f 115 104 315
f 81 115 315
f 105 315 104
f 316 81 315
f 315 105 316
f 316 82 81
f 92 316 105
f 82 316 87
f 316 92 87
f 114 110 111
f 75 2 6
f 5 72 317
f 72 318 317
f 318 72 71
f 317 318 319
f 318 320 319
f 320 318 321
f 71 321 318
f 321 324 320
f 324 321 322
f 323 322 321
f 321 71 323
f 325 320 324
f 327 325 324
f 322 326 324
f 324 326 327
f 327 330 325
f 329 328 327
f 327 328 330
f 326 329 327
f 325 330 331
f 330 333 331
f 328 332 330
f 332 333 330
f 331 333 334
f 336 334 333
f 335 333 332
f 333 335 336
f 334 336 339
f 336 337 339
f 336 338 337
f 338 336 335
f 339 340 334
f 340 339 342
f 341 339 337
f 339 341 342
f 342 33 340
f 33 342 34
f 41 342 341
f 41 34 342
f 341 343 41
f 343 341 344
f 344 341 337
f 344 337 347
f 346 344 345
f 347 345 344
f 344 346 343
f 338 347 337
f 347 338 349
f 345 347 348
f 348 347 349
f 350 349 338
f 349 350 352
f 352 351 349
f 348 349 351
f 352 350 355
f 354 352 353
f 355 353 352
f 351 352 354
f 356 357 355
f 355 353 356
f 357 355 350
f 355 357 360
f 357 358 355
f 353 355 360
f 353 355 359
f 359 355 358
f 362 361 360
f 361 367 360
f 363 362 360
f 357 363 360
f 364 353 360
f 365 364 360
f 366 365 360
f 379 366 360
f 367 368 360
f 368 377 360
f 370 369 360
f 369 378 360
f 371 370 360
f 372 371 360
f 373 372 360
f 374 373 360
f 375 374 360
f 376 375 360
f 377 376 360
f 378 379 360
f 379 380 381
f 380 379 378
f 381 382 379
f 379 382 366
f 379 366 383
f 379 356 366
f 385 378 379
f 378 356 379
f 383 384 379
f 384 385 379
f 387 386 385
f 369 385 386
f 385 369 378
f 385 384 387
f 386 387 388
f 390 388 387
f 387 389 390
f 389 387 384
f 388 390 391
f 392 390 389
f 390 392 391
f 391 392 393
f 392 394 393
f 389 394 392
f 394 389 395
f 396 394 395
f 394 396 397
f 394 397 393
f 397 398 393
f 398 397 396
f 399 398 400
f 399 401 398
f 396 400 398
f 398 401 393
f 401 402 393
f 401 403 402
f 401 399 403
f 406 403 399
f 403 406 404
f 404 405 403
f 402 403 405
f 406 407 409
f 407 406 399
f 408 404 406
f 408 406 409
f 410 409 407
f 409 410 412
f 409 411 408
f 411 409 412
f 413 412 410
f 412 413 414
f 411 412 414
f 414 413 416
f 411 414 415
f 416 415 414
f 416 413 364
f 416 359 415
f 353 359 416
f 364 353 416
f 415 418 411
f 359 417 415
f 415 417 418
f 418 419 408
f 418 420 419
f 408 411 418
f 418 417 420
f 420 423 419
f 417 422 420
f 421 423 420
f 422 421 420
f 424 419 423
f 423 425 424
f 423 421 426
f 423 426 425
f 427 425 426
f 428 427 426
f 421 428 426
f 428 429 427
f 429 428 431
f 421 430 428
f 430 431 428
f 432 429 431
f 431 434 432
f 431 430 433
f 434 431 433
f 434 435 432
f 435 434 437
f 433 436 434
f 436 437 434
f 440 438 437
f 439 437 438
f 437 439 435
f 437 436 440
f 441 442 440
f 443 441 440
f 438 440 442
f 440 436 443
f 362 441 443
f 363 443 444
f 444 443 436
f 443 363 362
f 357 444 445
f 433 445 444
f 436 433 444
f 444 357 363
f 358 357 445
f 358 445 422
f 445 433 430
f 445 430 422
f 442 441 446
f 447 442 446
f 447 438 442
f 449 438 447
f 447 448 449
f 446 448 447
f 449 439 438
f 439 449 451
f 448 450 449
f 450 451 449
f 454 439 451
f 452 451 453
f 451 452 454
f 451 450 453
f 439 454 457
f 454 456 455
f 457 454 455
f 456 454 452
f 457 435 439
f 435 457 459
f 458 459 457
f 457 455 458
f 435 459 462
f 459 460 462
f 460 459 461
f 459 458 461
f 432 435 462
f 432 462 464
f 463 462 460
f 462 463 464
f 429 432 464
f 464 427 429
f 427 464 465
f 464 466 465
f 466 464 463
f 425 465 466
f 425 466 467
f 468 467 466
f 463 468 466
f 468 463 473
f 470 468 469
f 469 468 473
f 471 468 470
f 468 471 472
f 467 468 472
f 460 473 463
f 473 460 474
f 473 474 475
f 475 469 473
f 476 475 474
f 469 475 477
f 478 475 476
f 475 478 477
f 480 478 479
f 478 487 479
f 477 478 480
f 489 478 481
f 481 478 488
f 478 482 483
f 478 489 482
f 484 478 483
f 478 484 490
f 491 478 485
f 485 478 490
f 478 486 487
f 486 478 491
f 488 478 476
f 491 492 493
f 492 491 485
f 493 494 491
f 495 491 494
f 486 491 495
f 495 499 486
f 496 499 495
f 495 497 496
f 497 495 498
f 498 495 494
f 499 487 486
f 487 499 501
f 499 496 500
f 500 501 499
f 501 479 487
f 501 500 502
f 502 503 501
f 479 501 503
f 503 502 504
f 504 505 503
f 503 505 506
f 506 479 503
f 470 469 506
f 506 469 480
f 505 470 506
f 479 506 480
f 508 470 505
f 507 505 504
f 505 507 508
f 470 508 471
f 510 471 508
f 509 508 507
f 508 509 510
f 511 510 393
f 510 509 393
f 471 510 511
f 471 511 512
f 512 511 393
f 513 512 393
f 512 513 514
f 512 472 471
f 472 512 514
f 516 514 515
f 515 514 513
f 517 514 516
f 517 472 514
f 518 517 516
f 467 472 517
f 517 518 424
f 424 467 517
f 518 516 520
f 419 424 518
f 419 518 519
f 520 519 518
f 515 520 516
f 520 515 521
f 522 519 520
f 521 522 520
f 522 523 405
f 405 404 522
f 523 522 521
f 519 522 404
f 405 523 524
f 521 515 523
f 513 523 515
f 513 524 523
f 524 513 393
f 402 524 393
f 524 402 405
f 519 408 419
f 404 408 519
f 509 525 526
f 525 509 507
f 509 526 393
f 525 527 526
f 526 527 528
f 528 393 526
f 528 388 393
f 528 527 529
f 388 528 529
f 527 496 529
f 497 529 496
f 529 497 530
f 386 529 530
f 529 386 388
f 372 530 497
f 386 530 531
f 530 372 371
f 531 530 371
f 531 356 369
f 371 356 531
f 531 369 386
f 496 527 500
f 525 500 527
f 500 525 502
f 507 502 525
f 502 507 504
f 498 372 497
f 498 494 374
f 374 373 498
f 372 498 373
f 494 493 532
f 532 375 494
f 375 374 494
f 533 532 493
f 532 533 377
f 375 532 376
f 532 377 376
f 536 533 534
f 535 534 533
f 493 535 533
f 536 377 533
f 537 368 536
f 537 536 538
f 377 536 368
f 536 534 538
f 539 537 538
f 540 539 538
f 534 540 538
f 539 540 541
f 540 534 483
f 540 482 541
f 482 540 483
f 482 453 541
f 450 541 453
f 541 450 539
f 537 539 542
f 542 539 450
f 543 542 448
f 543 367 542
f 448 542 450
f 367 537 542
f 446 543 448
f 361 543 446
f 361 367 543
f 368 537 367
f 492 490 535
f 484 535 490
f 535 493 492
f 535 484 534
f 484 483 534
f 485 490 492
f 481 452 489
f 489 452 453
f 453 482 489
f 481 488 456
f 488 544 456
f 488 476 544
f 544 476 545
f 545 546 544
f 455 544 546
f 456 544 455
f 545 458 546
f 458 455 546
f 474 461 545
f 476 474 545
f 458 545 461
f 456 452 481
f 469 477 480
f 461 474 460
f 424 425 467
f 425 427 465
f 441 361 446
f 441 362 361
f 430 421 422
f 358 422 417
f 359 358 417
f 410 547 413
f 364 413 547
f 547 410 548
f 548 365 547
f 547 365 364
f 407 548 410
f 548 407 549
f 550 548 549
f 365 548 550
f 366 550 383
f 550 551 383
f 550 549 551
f 550 366 365
f 383 551 395
f 551 396 395
f 549 396 551
f 407 400 549
f 396 549 400
f 400 407 399
f 384 395 389
f 384 383 395
f 388 391 393
f 552 553 382
f 382 381 552
f 365 382 553
f 382 365 366
f 554 351 553
f 553 351 555
f 553 552 554
f 365 553 555
f 354 364 555
f 555 351 354
f 555 364 365
f 351 554 348
f 557 556 554
f 556 348 554
f 552 557 554
f 558 557 552
f 49 556 557
f 557 559 49
f 559 557 558
f 558 560 559
f 60 559 560
f 559 60 53
f 53 49 559
f 62 560 561
f 560 62 60
f 562 561 560
f 560 558 562
f 561 562 563
f 380 563 562
f 562 381 380
f 381 562 558
f 564 561 563
f 565 564 563
f 565 563 566
f 563 380 566
f 378 566 380
f 370 566 369
f 566 378 369
f 370 565 566
f 565 567 564
f 567 565 568
f 370 371 565
f 371 568 565
f 569 567 568
f 568 371 372
f 568 373 569
f 373 568 372
f 570 569 374
f 569 570 571
f 571 572 569
f 567 569 572
f 569 373 374
f 572 571 323
f 572 323 71
f 68 572 71
f 567 572 68
f 573 571 570
f 322 323 571
f 571 573 322
f 570 376 573
f 326 322 573
f 573 377 326
f 377 573 376
f 374 375 570
f 376 570 375
f 68 69 567
f 567 65 564
f 65 567 69
f 62 564 65
f 564 62 561
f 381 558 552
f 556 49 50
f 50 345 556
f 348 556 345
f 369 356 378
f 329 326 377
f 377 368 329
f 368 356 377
f 377 356 376
f 376 356 375
f 375 356 374
f 374 356 373
f 373 356 372
f 372 356 371
f 367 329 368
f 367 356 368
f 361 356 367
f 574 367 361
f 328 367 574
f 329 367 328
f 361 575 574
f 332 574 575
f 574 332 328
f 575 576 332
f 362 576 575
f 575 361 362
f 350 335 576
f 350 576 363
f 335 332 576
f 576 362 363
f 356 365 366
f 364 365 356
f 364 354 353
f 356 353 364
f 350 363 357
f 356 363 357
f 362 363 356
f 356 361 362
f 335 350 338
f 345 50 346
f 50 46 346
f 46 343 346
f 40 41 343
f 343 46 40
f 577 334 340
f 33 577 340
f 334 577 331
f 578 331 577
f 33 29 577
f 578 577 29
f 578 319 320
f 319 578 28
f 320 325 578
f 331 578 325
f 29 28 578
f 317 319 26
f 28 26 319
f 5 317 4
f 26 4 317
f 4 26 22
f 4 22 20
f 3 4 20
f 3 20 11
f 579 585 580
f 579 580 584
f 581 582 579
f 579 586 581
f 582 583 579
f 579 583 588
f 579 584 586
f 585 579 587
f 588 587 579
f 588 589 587
f 589 588 590
f 583 590 588
f 594 590 591
f 590 592 591
f 590 593 592
f 590 583 593
f 590 594 589
f 595 589 594
f 594 598 595
f 594 597 596
f 596 598 594
f 597 594 591
f 601 595 598
f 599 598 600
f 598 599 601
f 598 596 600
f 595 601 605
f 601 602 604
f 602 601 599
f 601 603 605
f 601 604 603
f 605 585 595
f 605 603 584
f 605 584 580
f 585 605 580
f 602 606 604
f 607 604 606
f 604 607 603
f 609 607 606
f 603 607 608
f 610 608 607
f 607 609 610
f 610 611 612
f 611 610 609
f 610 612 613
f 608 610 613
f 608 613 586
f 613 581 586
f 614 581 613
f 614 613 612
f 583 614 593
f 593 614 612
f 614 583 582
f 581 614 582
f 593 612 592
f 592 612 611
f 616 611 615
f 611 609 615
f 611 616 592
f 616 615 617
f 616 597 591
f 597 616 617
f 591 592 616
f 618 617 615
f 617 618 620
f 597 617 619
f 620 619 617
f 621 620 618
f 620 621 622
f 620 622 624
f 619 620 623
f 623 620 624
f 622 627 624
f 624 625 623
f 625 624 626
f 624 627 626
f 627 622 628
f 628 629 627
f 627 629 630
f 627 630 631
f 626 627 631
f 631 630 635
f 631 632 634
f 632 631 635
f 626 631 633
f 633 631 634
f 630 637 635
f 635 638 632
f 638 635 636
f 635 637 636
f 639 632 638
f 641 639 638
f 640 641 638
f 638 636 640
f 643 641 642
f 641 640 642
f 641 643 645
f 645 644 641
f 639 641 644
f 647 646 645
f 644 645 646
f 645 643 647
f 647 648 656
f 648 647 652
f 643 649 647
f 649 650 647
f 651 647 650
f 647 651 652
f 653 646 647
f 657 653 647
f 654 657 647
f 655 654 647
f 647 656 655
f 658 653 657
f 654 658 657
f 658 654 659
f 661 658 659
f 660 662 658
f 661 660 658
f 653 658 662
f 662 644 653
f 644 662 663
f 662 660 663
f 663 665 639
f 663 639 644
f 664 663 666
f 665 663 664
f 666 663 660
f 668 664 666
f 666 660 667
f 667 668 666
f 664 668 669
f 670 669 668
f 671 670 668
f 668 667 671
f 621 671 672
f 671 621 673
f 667 672 671
f 670 671 673
f 673 675 670
f 675 673 674
f 673 618 674
f 618 673 621
f 676 670 675
f 675 677 676
f 677 675 678
f 674 678 675
f 678 602 677
f 602 678 606
f 679 606 678
f 678 674 679
f 615 679 674
f 609 679 615
f 606 679 609
f 680 676 677
f 599 677 602
f 677 599 680
f 676 680 682
f 599 681 680
f 681 682 680
f 682 684 676
f 682 681 683
f 683 685 682
f 684 682 685
f 685 686 669
f 684 685 669
f 685 683 633
f 633 686 685
f 686 664 669
f 664 686 665
f 686 633 634
f 634 665 686
f 669 670 684
f 670 676 684
f 683 625 626
f 681 625 683
f 683 626 633
f 681 599 600
f 600 687 681
f 625 681 687
f 600 596 687
f 596 619 687
f 623 687 619
f 687 623 625
f 615 674 618
f 672 622 621
f 622 672 628
f 672 688 628
f 672 667 688
f 628 688 629
f 689 629 688
f 688 661 689
f 667 661 688
f 629 689 690
f 661 691 689
f 691 690 689
f 691 655 656
f 691 654 655
f 654 691 659
f 656 692 691
f 691 661 659
f 690 691 692
f 693 692 694
f 692 693 637
f 690 692 637
f 692 652 694
f 692 656 648
f 648 652 692
f 694 652 651
f 694 651 696
f 695 694 696
f 694 695 693
f 697 695 696
f 697 696 650
f 696 651 650
f 650 698 697
f 698 699 697
f 695 697 699
f 699 698 700
f 701 699 700
f 701 695 699
f 636 701 640
f 636 693 701
f 640 701 700
f 695 701 693
f 700 642 640
f 642 700 698
f 698 650 649
f 649 642 698
f 693 636 637
f 690 630 629
f 630 690 637
f 667 660 661
f 632 639 665
f 665 634 632
f 646 653 644
f 642 649 643
f 596 597 619
f 584 608 586
f 603 608 584
f 585 589 595
f 589 585 587
f 702 708 703
f 703 706 702
f 702 704 707
f 702 705 704
f 705 702 706
f 708 702 707
f 710 708 707
f 708 709 703
f 708 712 709
f 708 710 711
f 712 708 711
f 714 712 713
f 718 713 712
f 712 714 717
f 719 712 711
f 715 709 712
f 712 716 715
f 712 717 716
f 712 719 718
f 718 719 721
f 720 719 711
f 722 719 720
f 722 721 719
f 725 722 723
f 722 726 723
f 722 725 724
f 724 721 722
f 726 722 720
f 720 711 726
f 710 726 711
f 727 723 726
f 726 710 727
f 727 710 729
f 723 727 728
f 729 728 727
f 731 729 710
f 728 729 730
f 729 731 730
f 732 734 731
f 732 731 733
f 733 731 735
f 731 710 735
f 734 730 731
f 737 735 736
f 735 710 736
f 735 737 733
f 740 737 738
f 736 738 737
f 739 733 737
f 737 740 739
f 744 740 741
f 740 742 741
f 740 743 742
f 738 743 740
f 739 740 744
f 745 739 744
f 746 745 744
f 744 747 746
f 747 744 741
f 747 749 746
f 748 749 747
f 750 748 747
f 750 747 741
f 753 750 751
f 751 750 752
f 752 750 741
f 750 753 748
f 754 757 753
f 751 754 753
f 755 748 753
f 753 756 755
f 756 753 757
f 758 757 759
f 757 758 756
f 760 759 757
f 757 754 760
f 765 760 761
f 761 760 754
f 760 762 763
f 767 762 760
f 759 760 763
f 764 760 766
f 760 764 767
f 765 766 760
f 762 767 769
f 767 764 768
f 767 768 769
f 769 768 770
f 770 771 769
f 771 762 769
f 762 771 732
f 734 732 771
f 771 772 734
f 771 770 772
f 734 772 730
f 772 728 730
f 725 728 772
f 770 725 772
f 768 773 770
f 773 725 770
f 774 724 773
f 775 774 773
f 773 724 725
f 768 775 773
f 775 768 764
f 764 776 775
f 777 775 776
f 775 777 774
f 776 779 777
f 774 777 724
f 777 778 724
f 777 779 778
f 779 776 780
f 782 779 780
f 779 781 778
f 779 782 781
f 783 782 780
f 782 783 785
f 784 781 782
f 785 784 782
f 786 785 783
f 785 786 787
f 787 714 785
f 784 785 714
f 788 787 786
f 787 788 790
f 714 787 789
f 790 789 787
f 791 789 790
f 792 791 790
f 792 790 793
f 793 790 788
f 794 793 797
f 793 794 792
f 793 788 796
f 795 793 796
f 793 795 797
f 799 797 795
f 798 797 799
f 798 794 797
f 802 799 795
f 798 799 803
f 799 802 800
f 799 800 801
f 801 803 799
f 752 803 804
f 805 804 803
f 798 803 752
f 803 801 805
f 806 804 805
f 801 806 805
f 806 801 807
f 806 807 808
f 806 808 809
f 811 806 809
f 804 806 810
f 806 811 810
f 811 809 813
f 811 812 810
f 812 811 813
f 809 814 813
f 814 815 813
f 815 812 813
f 815 814 816
f 812 815 761
f 816 817 815
f 817 761 815
f 819 818 817
f 817 818 765
f 817 816 819
f 765 761 817
f 820 818 819
f 816 820 819
f 818 820 821
f 821 820 822
f 823 822 820
f 820 816 823
f 816 825 823
f 824 823 825
f 823 824 822
f 825 816 814
f 808 824 825
f 814 808 825
f 826 822 824
f 807 826 824
f 807 824 808
f 822 826 827
f 826 828 827
f 800 829 826
f 800 826 807
f 828 826 829
f 829 831 828
f 832 830 829
f 831 829 830
f 829 802 832
f 829 800 802
f 802 833 832
f 834 832 833
f 832 834 830
f 833 837 834
f 834 831 830
f 831 834 836
f 837 835 834
f 834 835 836
f 838 840 837
f 838 837 839
f 837 833 839
f 837 840 835
f 840 841 842
f 841 840 786
f 842 835 840
f 838 786 840
f 844 842 841
f 835 842 843
f 845 843 842
f 842 844 845
f 843 845 846
f 845 844 847
f 848 846 845
f 845 847 848
f 847 827 848
f 846 848 849
f 848 828 849
f 848 827 828
f 836 849 831
f 849 836 846
f 849 828 831
f 844 783 847
f 783 827 847
f 846 835 843
f 835 846 836
f 841 783 844
f 786 783 841
f 839 796 838
f 833 796 839
f 788 786 838
f 788 838 796
f 796 833 795
f 833 802 795
f 827 821 822
f 821 827 850
f 764 850 827
f 827 783 851
f 764 827 851
f 776 764 851
f 780 851 783
f 851 780 776
f 818 821 850
f 818 850 852
f 850 764 852
f 766 818 852
f 766 852 764
f 818 766 765
f 808 814 809
f 754 810 812
f 812 761 754
f 751 804 810
f 810 754 751
f 807 801 800
f 751 752 804
f 794 798 743
f 742 743 798
f 798 752 742
f 794 743 853
f 853 792 794
f 854 853 743
f 854 855 853
f 855 792 853
f 855 854 857
f 855 860 856
f 855 856 792
f 859 855 857
f 855 859 858
f 860 855 858
f 856 860 861
f 861 860 862
f 860 858 863
f 862 860 863
f 864 865 863
f 706 864 863
f 865 866 863
f 867 705 863
f 705 706 863
f 866 862 863
f 859 867 863
f 858 859 863
f 867 704 705
f 704 867 868
f 857 868 867
f 867 859 857
f 736 704 868
f 868 738 736
f 857 738 868
f 865 869 866
f 870 866 869
f 861 866 870
f 866 861 862
f 709 715 870
f 715 861 870
f 870 869 709
f 703 869 865
f 869 703 709
f 865 864 703
f 706 703 864
f 856 861 791
f 861 715 791
f 738 857 854
f 791 792 856
f 738 854 743
f 791 717 789
f 791 715 716
f 717 791 716
f 789 717 714
f 714 871 784
f 871 781 784
f 872 781 871
f 713 872 871
f 714 713 871
f 721 872 718
f 872 713 718
f 778 872 721
f 778 781 872
f 724 778 721
f 873 759 763
f 873 763 874
f 762 874 763
f 762 875 874
f 876 874 875
f 873 874 876
f 876 877 878
f 877 876 879
f 873 876 878
f 875 879 876
f 879 745 880
f 745 879 881
f 880 877 879
f 879 875 881
f 732 881 762
f 875 762 881
f 881 732 733
f 733 739 881
f 739 745 881
f 745 746 880
f 749 880 746
f 749 877 880
f 877 882 878
f 878 882 873
f 882 759 873
f 759 882 758
f 883 758 882
f 882 877 883
f 758 883 756
f 877 749 883
f 755 756 883
f 883 749 755
f 749 748 755
f 742 752 741
f 710 707 736
f 707 704 736
f 728 725 723
f 884 886 885
f 887 884 885
f 884 889 886
f 884 887 888
f 891 884 888
f 884 890 889
f 884 891 890
f 891 892 890
f 892 891 893
f 893 891 894
f 894 891 895
f 891 896 895
f 896 891 888
f 897 896 887
f 887 896 888
f 898 896 897
f 896 898 899
f 899 895 896
f 899 898 900
f 900 901 899
f 895 899 901
f 901 900 904
f 894 895 901
f 901 902 894
f 901 903 902
f 903 901 904
f 900 905 904
f 903 904 905
f 905 900 907
f 905 908 906
f 905 906 909
f 908 905 907
f 910 905 909
f 905 910 903
f 911 910 909
f 910 911 912
f 902 910 912
f 910 902 903
f 893 912 911
f 893 902 912
f 911 913 892
f 909 913 911
f 893 911 892
f 908 913 906
f 909 906 913
f 890 892 913
f 913 908 889
f 913 889 890
f 908 886 889
f 886 908 914
f 907 914 908
f 917 915 914
f 886 914 915
f 914 907 916
f 917 914 916
f 917 918 919
f 918 917 916
f 919 920 917
f 920 915 917
f 920 919 925
f 920 922 921
f 915 920 921
f 922 920 923
f 920 924 923
f 924 920 925
f 919 898 925
f 898 924 925
f 887 924 897
f 897 924 898
f 924 887 923
f 923 887 922
f 886 922 885
f 922 886 921
f 922 887 885
f 886 915 921
f 898 919 918
f 900 898 918
f 907 900 918
f 907 918 916
f 902 893 894
f 926 928 927
f 929 926 927
f 926 931 928
f 926 929 930
f 933 926 930
f 931 926 932
f 926 933 932
f 933 934 932
f 934 933 935
f 935 933 936
f 936 933 937
f 933 938 937
f 938 933 930
f 939 938 929
f 929 938 930
f 940 938 939
f 938 940 941
f 941 937 938
f 941 940 942
f 942 943 941
f 937 941 943
f 943 942 946
f 936 937 943
f 943 944 936
f 943 945 944
f 945 943 946
f 942 947 946
f 945 946 947
f 947 942 949
f 947 950 948
f 947 948 951
f 950 947 949
f 952 947 951
f 947 952 945
f 953 952 951
f 952 944 945
f 952 953 954
f 944 952 954
f 935 954 953
f 935 944 954
f 953 955 934
f 935 953 934
f 951 955 953
f 955 950 931
f 955 931 932
f 950 955 948
f 932 934 955
f 951 948 955
f 950 928 931
f 928 950 956
f 949 956 950
f 958 956 957
f 956 949 957
f 928 956 959
f 958 959 956
f 928 959 961
f 960 959 958
f 959 960 961
f 962 928 961
f 960 962 961
f 928 962 927
f 963 929 962
f 962 960 963
f 962 929 927
f 960 964 963
f 964 929 963
f 964 960 965
f 940 964 965
f 929 964 939
f 939 964 940
f 960 966 965
f 966 940 965
f 940 966 967
f 958 967 966
f 966 960 958
f 967 958 957
f 949 967 957
f 942 940 967
f 949 942 967
f 944 935 936
f 968 970 969
f 969 972 968
f 971 970 968
f 968 973 971
f 973 968 972
f 974 973 972
f 974 975 973
f 975 971 973
f 976 975 974
f 977 975 976
f 975 977 978
f 979 975 978
f 975 979 980
f 971 975 980
f 979 981 980
f 981 971 980
f 981 979 982
f 984 981 982
f 983 971 981
f 981 986 983
f 985 981 984
f 986 981 985
f 987 986 985
f 986 987 988
f 970 986 988
f 983 986 970
f 987 989 988
f 989 970 988
f 989 987 990
f 970 989 991
f 990 991 989
f 991 990 992
f 993 991 992
f 993 969 991
f 969 970 991
f 994 993 992
f 993 994 996
f 995 969 993
f 996 995 993
f 996 997 998
f 997 996 999
f 995 996 998
f 996 1000 999
f 1000 996 994
f 979 999 1000
f 979 1000 982
f 1000 984 982
f 984 1000 1001
f 1000 1002 1001
f 1000 994 1002
f 1002 987 1001
f 987 1002 990
f 990 1002 994
f 987 984 1001
f 997 999 978
f 999 979 978
f 995 998 1003
f 1003 998 997
f 1005 1004 1003
f 1004 995 1003
f 1003 997 1005
f 1004 1005 1006
f 976 1006 1005
f 976 1005 977
f 1005 997 977
f 1007 1004 1006
f 976 1007 1006
f 972 1007 974
f 1007 976 974
f 972 1008 1007
f 1004 1007 1008
f 1008 972 1009
f 1008 1009 995
f 995 1004 1008
f 969 995 1009
f 972 969 1009
f 978 977 997
f 990 994 992
f 984 987 985
f 970 971 983
f 1011 1010 1014
f 1010 1011 1013
f 1010 1012 1015
f 1013 1012 1010
f 1014 1010 1015
f 1017 1016 1015
f 1016 1022 1015
f 1019 1017 1015
f 1018 1020 1015
f 1012 1018 1015
f 1021 1014 1015
f 1020 1019 1015
f 1022 1021 1015
f 1022 1023 1021
f 1023 1022 1024
f 1022 1025 1024
f 1025 1022 1016
f 1025 1026 1028
f 1026 1025 1027
f 1025 1017 1027
f 1017 1025 1016
f 1028 1024 1025
f 1028 1029 1031
f 1026 1029 1028
f 1031 1030 1028
f 1023 1028 1030
f 1028 1023 1024
f 1032 1031 1029
f 1031 1032 1034
f 1034 1033 1031
f 1035 1031 1033
f 1031 1035 1030
f 1013 1035 1036
f 1035 1033 1036
f 1035 1013 1011
f 1023 1035 1011
f 1035 1023 1030
f 1038 1037 1036
f 1040 1036 1037
f 1036 1039 1038
f 1036 1040 1013
f 1039 1036 1033
f 1018 1012 1040
f 1012 1013 1040
f 1040 1041 1018
f 1037 1041 1040
f 1042 1043 1041
f 1041 1037 1042
f 1043 1018 1041
f 1018 1043 1020
f 1044 1020 1043
f 1043 1045 1044
f 1045 1043 1046
f 1043 1042 1046
f 1047 1045 1046
f 1046 1048 1047
f 1042 1048 1046
f 1048 1042 1049
f 1050 1048 1049
f 1048 1050 1051
f 1051 1047 1048
f 1047 1051 1053
f 1052 1053 1051
f 1050 1052 1051
f 1054 1055 1053
f 1057 1054 1053
f 1053 1055 1056
f 1053 1056 1047
f 1053 1052 1057
f 1059 1058 1057
f 1054 1057 1058
f 1052 1059 1057
f 1060 1061 1059
f 1059 1064 1060
f 1062 1059 1061
f 1059 1062 1063
f 1063 1058 1059
f 1059 1052 1064
f 1052 1065 1064
f 1065 1066 1064
f 1064 1068 1060
f 1064 1066 1067
f 1068 1064 1067
f 1070 1060 1068
f 1069 1070 1068
f 1069 1068 1067
f 1060 1070 1071
f 1072 1071 1070
f 1074 1072 1070
f 1070 1069 1073
f 1074 1070 1073
f 1078 1072 1074
f 1075 1078 1074
f 1074 1076 1075
f 1076 1074 1077
f 1077 1074 1073
f 1078 1079 1072
f 1079 1078 1081
f 1078 1075 1080
f 1080 1081 1078
f 1081 1084 1079
f 1084 1081 1082
f 1083 1082 1081
f 1081 1080 1083
f 1084 1085 1079
f 1084 1088 1085
f 1087 1086 1084
f 1088 1084 1086
f 1082 1087 1084
f 1091 1085 1088
f 1089 1091 1088
f 1088 1090 1089
f 1090 1088 1086
f 1085 1091 1092
f 1093 1092 1091
f 1091 1095 1093
f 1091 1089 1094
f 1095 1091 1094
f 1093 1095 1098
f 1097 1096 1095
f 1095 1096 1098
f 1094 1097 1095
f 1062 1098 1063
f 1062 1093 1098
f 1099 1063 1098
f 1098 1100 1099
f 1100 1098 1096
f 1100 1032 1099
f 1032 1100 1034
f 1100 1101 1034
f 1101 1100 1103
f 1102 1100 1096
f 1100 1102 1103
f 1104 1103 1105
f 1103 1104 1101
f 1103 1106 1105
f 1106 1103 1102
f 1106 1108 1107
f 1107 1110 1106
f 1108 1106 1111
f 1106 1102 1109
f 1111 1106 1109
f 1106 1110 1105
f 1111 1097 1069
f 1067 1111 1069
f 1108 1111 1112
f 1111 1067 1112
f 1097 1111 1109
f 1114 1112 1113
f 1067 1113 1112
f 1112 1114 1115
f 1115 1116 1112
f 1108 1112 1116
f 1107 1116 1117
f 1118 1117 1116
f 1116 1107 1108
f 1115 1118 1116
f 1118 1121 1117
f 1118 1115 1119
f 1119 1120 1118
f 1118 1120 1121
f 1122 1117 1121
f 1122 1121 1120
f 1124 1123 1122
f 1123 1125 1122
f 1120 1124 1122
f 1117 1122 1125
f 1123 1110 1125
f 1125 1107 1117
f 1110 1107 1125
f 1126 1123 1124
f 1120 1126 1124
f 1123 1126 1129
f 1127 1126 1128
f 1126 1127 1129
f 1126 1120 1128
f 1131 1123 1129
f 1130 1129 1127
f 1129 1130 1131
f 1123 1131 1132
f 1134 1132 1131
f 1133 1131 1130
f 1133 1134 1131
f 1133 1135 1134
f 1135 1137 1134
f 1132 1134 1136
f 1137 1136 1134
f 1049 1138 1137
f 1136 1137 1138
f 1049 1137 1050
f 1137 1135 1050
f 1138 1038 1039
f 1138 1049 1038
f 1039 1104 1138
f 1104 1136 1138
f 1136 1104 1105
f 1136 1105 1132
f 1052 1050 1135
f 1065 1135 1133
f 1065 1052 1135
f 1113 1133 1130
f 1066 1133 1113
f 1066 1065 1133
f 1132 1105 1110
f 1132 1110 1123
f 1113 1130 1114
f 1114 1130 1127
f 1139 1127 1128
f 1139 1128 1120
f 1115 1114 1139
f 1139 1119 1115
f 1119 1139 1120
f 1127 1139 1114
f 1113 1067 1066
f 1102 1096 1109
f 1096 1097 1109
f 1104 1039 1101
f 1033 1034 1101
f 1033 1101 1039
f 1032 1058 1099
f 1063 1099 1058
f 1140 1069 1097
f 1097 1094 1140
f 1089 1140 1094
f 1140 1089 1141
f 1141 1077 1140
f 1069 1140 1073
f 1077 1073 1140
f 1076 1077 1141
f 1142 1076 1141
f 1090 1141 1089
f 1141 1090 1142
f 1143 1142 1090
f 1143 1144 1142
f 1144 1076 1142
f 1144 1145 1076
f 1146 1145 1144
f 1143 1146 1144
f 1146 1143 1147
f 1148 1146 1147
f 1148 1149 1146
f 1146 1149 1145
f 1148 1151 1149
f 1149 1150 1145
f 1150 1149 1152
f 1152 1149 1151
f 1152 1080 1150
f 1080 1152 1154
f 1151 1153 1152
f 1153 1154 1152
f 1083 1154 1155
f 1156 1155 1154
f 1154 1083 1080
f 1154 1153 1156
f 1155 1156 1157
f 1159 1157 1156
f 1156 1158 1159
f 1158 1156 1153
f 1157 1159 1162
f 1159 1160 1161
f 1160 1159 1158
f 1161 1162 1159
f 1162 1163 1157
f 1162 1165 1163
f 1162 1161 1164
f 1165 1162 1164
f 1166 1165 1164
f 1165 1166 1167
f 1168 1165 1167
f 1169 1165 1168
f 1169 1163 1165
f 1163 1169 1172
f 1168 1173 1169
f 1169 1170 1171
f 1170 1169 1173
f 1169 1171 1172
f 1173 1175 1174
f 1174 1170 1173
f 1175 1173 1176
f 1173 1168 1176
f 1177 1176 1168
f 1176 1177 1178
f 1178 1175 1176
f 1179 1178 1177
f 1178 1179 1181
f 1175 1178 1180
f 1181 1180 1178
f 1181 1182 1183
f 1182 1181 1184
f 1180 1181 1183
f 1181 1185 1184
f 1185 1181 1179
f 1166 1184 1185
f 1185 1167 1166
f 1167 1185 1179
f 1184 1166 1186
f 1187 1184 1186
f 1184 1187 1182
f 1187 1189 1188
f 1182 1187 1188
f 1187 1190 1189
f 1190 1187 1186
f 1166 1190 1186
f 1191 1189 1190
f 1164 1191 1190
f 1164 1190 1166
f 1191 1164 1161
f 1161 1192 1191
f 1194 1191 1192
f 1191 1194 1193
f 1189 1191 1193
f 1194 1195 1188
f 1193 1194 1188
f 1192 1195 1194
f 1195 1196 1188
f 1196 1195 1198
f 1195 1192 1197
f 1197 1198 1195
f 1198 1200 1199
f 1171 1198 1199
f 1197 1200 1198
f 1170 1196 1198
f 1198 1171 1170
f 1197 1160 1200
f 1158 1200 1160
f 1200 1158 1201
f 1201 1199 1200
f 1201 1158 1153
f 1202 1201 1151
f 1153 1151 1201
f 1199 1201 1202
f 1203 1199 1202
f 1151 1148 1202
f 1202 1148 1204
f 1203 1202 1204
f 1203 1204 1205
f 1205 1204 1206
f 1204 1147 1206
f 1204 1148 1147
f 1206 1147 1087
f 1206 1087 1082
f 1207 1206 1082
f 1205 1206 1207
f 1082 1083 1207
f 1207 1155 1208
f 1208 1205 1207
f 1155 1207 1083
f 1157 1208 1155
f 1208 1157 1163
f 1163 1172 1208
f 1172 1205 1208
f 1172 1203 1205
f 1172 1171 1203
f 1171 1199 1203
f 1160 1197 1192
f 1188 1196 1209
f 1196 1170 1209
f 1170 1174 1209
f 1174 1188 1209
f 1189 1193 1188
f 1192 1161 1160
f 1188 1180 1183
f 1183 1182 1188
f 1180 1188 1175
f 1175 1188 1174
f 1177 1167 1179
f 1168 1167 1177
f 1150 1080 1075
f 1075 1145 1150
f 1147 1143 1087
f 1145 1075 1076
f 1087 1143 1086
f 1143 1090 1086
f 1092 1093 1062
f 1085 1092 1210
f 1092 1061 1210
f 1061 1092 1062
f 1061 1071 1210
f 1072 1210 1071
f 1210 1072 1079
f 1079 1085 1210
f 1071 1061 1060
f 1058 1032 1054
f 1055 1211 1056
f 1211 1047 1056
f 1211 1055 1026
f 1047 1211 1045
f 1027 1211 1026
f 1027 1045 1211
f 1032 1055 1054
f 1029 1026 1055
f 1055 1032 1029
f 1042 1038 1049
f 1045 1027 1044
f 1027 1019 1044
f 1020 1044 1019
f 1038 1042 1037
f 1019 1027 1017
f 1023 1014 1021
f 1014 1023 1011
f 1212 1215 1213
f 1212 1213 1218
f 1212 1214 1216
f 1214 1212 1217
f 1215 1212 1219
f 1220 1212 1216
f 1212 1218 1217
f 1219 1212 1221
f 1212 1220 1221
f 1224 1221 1220
f 1221 1222 1219
f 1222 1221 1223
f 1221 1224 1223
f 1228 1224 1220
f 1223 1224 1227
f 1225 1226 1224
f 1224 1228 1225
f 1226 1227 1224
f 1220 1216 1228
f 1229 1225 1228
f 1228 1214 1229
f 1214 1228 1216
f 1230 1225 1229
f 1231 1230 1229
f 1229 1232 1231
f 1232 1229 1214
f 1233 1231 1232
f 1218 1232 1217
f 1214 1217 1232
f 1232 1218 1233
f 1233 1235 1234
f 1234 1236 1233
f 1235 1233 1218
f 1231 1233 1236
f 1231 1236 1237
f 1238 1237 1236
f 1236 1234 1238
f 1238 1239 1241
f 1239 1238 1240
f 1234 1240 1238
f 1237 1238 1241
f 1242 1241 1239
f 1241 1242 1243
f 1244 1241 1243
f 1237 1241 1244
f 1244 1245 1237
f 1245 1244 1246
f 1246 1244 1247
f 1244 1243 1247
f 1248 1250 1247
f 1247 1249 1248
f 1247 1243 1249
f 1246 1247 1250
f 1253 1250 1251
f 1251 1250 1252
f 1250 1248 1252
f 1250 1253 1246
f 1253 1254 1255
f 1253 1256 1254
f 1256 1253 1251
f 1253 1245 1246
f 1245 1253 1255
f 1256 1257 1258
f 1257 1256 1259
f 1258 1254 1256
f 1251 1259 1256
f 1257 1259 1262
f 1259 1260 1262
f 1259 1261 1260
f 1259 1251 1261
f 1264 1262 1263
f 1263 1262 1266
f 1262 1264 1257
f 1262 1260 1265
f 1262 1265 1266
f 1266 1269 1267
f 1263 1266 1267
f 1265 1268 1266
f 1269 1266 1268
f 1267 1269 1270
f 1268 1271 1269
f 1270 1269 1271
f 1271 1272 1273
f 1271 1268 1272
f 1271 1273 1274
f 1275 1271 1274
f 1271 1275 1276
f 1271 1276 1270
f 1277 1270 1276
f 1275 1277 1276
f 1278 1277 1280
f 1277 1278 1279
f 1279 1281 1277
f 1277 1275 1280
f 1270 1277 1281
f 1282 1281 1284
f 1282 1283 1281
f 1283 1270 1281
f 1281 1279 1284
f 1285 1284 1286
f 1284 1285 1287
f 1284 1288 1286
f 1287 1282 1284
f 1288 1284 1279
f 1291 1288 1289
f 1288 1278 1289
f 1288 1279 1278
f 1290 1286 1288
f 1288 1291 1290
f 1291 1293 1292
f 1292 1290 1291
f 1293 1291 1289
f 1275 1293 1280
f 1274 1293 1275
f 1293 1273 1294
f 1294 1298 1293
f 1293 1274 1273
f 1292 1293 1295
f 1295 1293 1296
f 1297 1296 1293
f 1293 1298 1297
f 1280 1293 1278
f 1278 1293 1289
f 1298 1299 1297
f 1272 1299 1298
f 1294 1272 1298
f 1300 1297 1299
f 1299 1301 1300
f 1299 1302 1301
f 1272 1302 1299
f 1302 1303 1304
f 1303 1302 1305
f 1304 1301 1302
f 1272 1305 1302
f 1268 1265 1305
f 1268 1305 1272
f 1265 1306 1305
f 1306 1303 1305
f 1260 1306 1265
f 1260 1307 1306
f 1308 1306 1307
f 1306 1308 1303
f 1290 1309 1308
f 1286 1290 1308
f 1307 1286 1308
f 1309 1303 1308
f 1309 1290 1310
f 1310 1311 1309
f 1303 1309 1304
f 1311 1304 1309
f 1311 1310 1312
f 1313 1311 1312
f 1304 1311 1313
f 1313 1312 1314
f 1301 1313 1314
f 1301 1304 1313
f 1312 1296 1314
f 1314 1300 1301
f 1314 1296 1300
f 1310 1295 1312
f 1296 1312 1295
f 1290 1292 1310
f 1295 1310 1292
f 1307 1260 1315
f 1315 1285 1307
f 1286 1307 1285
f 1261 1315 1260
f 1261 1316 1315
f 1285 1315 1316
f 1316 1261 1252
f 1316 1287 1285
f 1252 1317 1316
f 1287 1316 1317
f 1249 1317 1248
f 1317 1249 1318
f 1318 1287 1317
f 1317 1252 1248
f 1249 1319 1318
f 1287 1318 1282
f 1318 1283 1282
f 1283 1318 1319
f 1319 1249 1322
f 1320 1283 1319
f 1321 1320 1319
f 1319 1322 1321
f 1323 1322 1242
f 1322 1323 1321
f 1322 1243 1242
f 1243 1322 1249
f 1323 1324 1325
f 1324 1323 1326
f 1325 1321 1323
f 1242 1326 1323
f 1327 1326 1240
f 1328 1326 1327
f 1326 1328 1324
f 1326 1242 1239
f 1240 1326 1239
f 1327 1227 1328
f 1226 1328 1227
f 1328 1226 1329
f 1329 1324 1328
f 1324 1329 1331
f 1330 1331 1329
f 1329 1225 1330
f 1225 1329 1226
f 1331 1325 1324
f 1325 1331 1258
f 1254 1258 1331
f 1254 1331 1330
f 1330 1255 1254
f 1330 1230 1255
f 1230 1330 1225
f 1227 1327 1332
f 1327 1333 1332
f 1333 1327 1240
f 1332 1333 1334
f 1235 1333 1234
f 1240 1234 1333
f 1333 1235 1334
f 1334 1222 1332
f 1213 1334 1235
f 1215 1222 1334
f 1334 1213 1215
f 1222 1223 1332
f 1227 1332 1223
f 1325 1257 1264
f 1321 1325 1264
f 1257 1325 1258
f 1321 1264 1320
f 1283 1320 1267
f 1320 1263 1267
f 1264 1263 1320
f 1300 1296 1297
f 1272 1294 1273
f 1283 1267 1270
f 1251 1252 1261
f 1230 1245 1255
f 1245 1230 1231
f 1231 1237 1245
f 1235 1218 1213
f 1215 1219 1222
f 1336 1340 1335
f 1337 1336 1335
f 1335 1338 1337
f 1338 1335 1339
f 1335 1340 1339
f 1340 1341 1339
f 1340 1342 1341
f 1343 1340 1336
f 1342 1340 1343
f 1343 1345 1344
f 1344 1342 1343
f 1345 1343 1336
f 1347 1345 1346
f 1346 1345 1349
f 1345 1348 1344
f 1347 1348 1345
f 1349 1345 1336
f 1337 1350 1349
f 1350 1346 1349
f 1337 1349 1336
f 1346 1350 1352
f 1354 1351 1350
f 1350 1351 1353
f 1350 1353 1352
f 1350 1337 1354
f 1354 1356 1355
f 1354 1355 1351
f 1356 1354 1357
f 1338 1357 1354
f 1354 1337 1338
f 1357 1338 1339
f 1356 1357 1339
f 1358 1356 1339
f 1358 1355 1356
f 1355 1358 1361
f 1359 1358 1339
f 1360 1358 1359
f 1358 1360 1361
f 1362 1361 1360
f 1361 1351 1355
f 1351 1361 1362
f 1363 1364 1362
f 1360 1363 1362
f 1351 1362 1353
f 1353 1362 1364
f 1363 1365 1364
f 1353 1364 1365
f 1365 1363 1366
f 1367 1353 1365
f 1366 1367 1365
f 1368 1367 1366
f 1368 1372 1367
f 1369 1367 1370
f 1367 1369 1353
f 1371 1370 1367
f 1372 1371 1367
f 1374 1372 1368
f 1373 1375 1372
f 1372 1374 1373
f 1371 1372 1375
f 1376 1377 1375
f 1375 1378 1376
f 1371 1375 1377
f 1375 1373 1378
f 1380 1376 1378
f 1379 1378 1373
f 1378 1379 1380
f 1381 1380 1379
f 1380 1381 1382
f 1382 1383 1380
f 1376 1380 1383
f 1383 1384 1386
f 1385 1384 1383
f 1383 1386 1376
f 1383 1382 1385
f 1384 1388 1386
f 1376 1386 1377
f 1386 1387 1377
f 1387 1386 1388
f 1388 1384 1391
f 1388 1389 1387
f 1389 1388 1390
f 1391 1390 1388
f 1390 1391 1392
f 1391 1393 1392
f 1391 1394 1393
f 1391 1395 1394
f 1395 1391 1384
f 1396 1399 1395
f 1395 1398 1396
f 1397 1395 1399
f 1395 1397 1394
f 1398 1395 1384
f 1396 1402 1399
f 1397 1399 1400
f 1400 1399 1401
f 1402 1401 1399
f 1401 1402 1403
f 1402 1404 1403
f 1404 1402 1405
f 1402 1396 1405
f 1396 1406 1405
f 1405 1407 1404
f 1407 1405 1406
f 1406 1381 1407
f 1408 1407 1381
f 1407 1408 1404
f 1409 1408 1414
f 1409 1410 1408
f 1410 1411 1408
f 1404 1408 1413
f 1412 1408 1411
f 1408 1412 1413
f 1408 1381 1415
f 1414 1408 1415
f 1416 1414 1415
f 1416 1415 1417
f 1415 1381 1417
f 1418 1416 1417
f 1381 1418 1417
f 1416 1418 1420
f 1418 1381 1419
f 1419 1420 1418
f 1420 1419 1421
f 1422 1420 1421
f 1416 1420 1422
f 1422 1421 1424
f 1423 1425 1422
f 1424 1423 1422
f 1422 1425 1416
f 1425 1426 1416
f 1423 1426 1425
f 1426 1414 1416
f 1426 1423 1427
f 1426 1427 1409
f 1414 1426 1409
f 1427 1428 1430
f 1428 1427 1423
f 1429 1409 1427
f 1427 1430 1429
f 1431 1430 1428
f 1432 1430 1431
f 1432 1429 1430
f 1433 1432 1431
f 1433 1434 1432
f 1429 1432 1434
f 1433 1435 1434
f 1434 1410 1429
f 1436 1434 1435
f 1436 1410 1434
f 1436 1437 1439
f 1436 1435 1437
f 1436 1438 1410
f 1439 1438 1436
f 1442 1439 1440
f 1441 1440 1439
f 1437 1441 1439
f 1438 1439 1442
f 1442 1444 1438
f 1443 1442 1440
f 1442 1443 1444
f 1443 1446 1444
f 1445 1438 1444
f 1444 1446 1445
f 1448 1446 1447
f 1449 1447 1446
f 1446 1448 1445
f 1443 1449 1446
f 1450 1451 1449
f 1449 1443 1450
f 1453 1449 1451
f 1447 1449 1452
f 1449 1453 1452
f 1453 1454 1455
f 1451 1454 1453
f 1456 1452 1453
f 1456 1453 1455
f 1452 1456 1447
f 1456 1455 1413
f 1456 1413 1412
f 1412 1447 1456
f 1454 1404 1455
f 1404 1413 1455
f 1404 1454 1457
f 1454 1451 1457
f 1458 1457 1451
f 1459 1457 1458
f 1459 1460 1457
f 1403 1457 1460
f 1457 1403 1404
f 1460 1459 1348
f 1348 1347 1460
f 1460 1347 1461
f 1403 1460 1461
f 1461 1346 1462
f 1461 1462 1400
f 1401 1461 1400
f 1403 1461 1401
f 1461 1347 1346
f 1397 1462 1463
f 1463 1462 1346
f 1462 1397 1400
f 1394 1463 1393
f 1346 1393 1463
f 1394 1397 1463
f 1464 1348 1459
f 1459 1465 1464
f 1458 1465 1459
f 1458 1466 1465
f 1440 1465 1466
f 1465 1440 1441
f 1465 1441 1464
f 1466 1458 1450
f 1443 1466 1450
f 1466 1443 1440
f 1464 1441 1467
f 1467 1468 1464
f 1464 1468 1344
f 1348 1464 1344
f 1472 1469 1468
f 1470 1468 1469
f 1468 1470 1471
f 1471 1344 1468
f 1468 1467 1472
f 1472 1467 1437
f 1472 1474 1473
f 1472 1473 1475
f 1472 1437 1474
f 1469 1472 1475
f 1477 1475 1476
f 1473 1476 1475
f 1469 1475 1477
f 1476 1478 1477
f 1477 1478 1480
f 1479 1477 1480
f 1477 1479 1481
f 1481 1469 1477
f 1481 1479 1363
f 1363 1482 1481
f 1482 1483 1481
f 1469 1481 1470
f 1470 1481 1483
f 1483 1482 1484
f 1485 1483 1484
f 1341 1483 1485
f 1483 1341 1342
f 1471 1483 1342
f 1483 1471 1470
f 1485 1484 1339
f 1341 1485 1339
f 1484 1359 1339
f 1484 1360 1359
f 1360 1484 1482
f 1482 1363 1360
f 1480 1368 1479
f 1368 1480 1374
f 1480 1486 1374
f 1480 1478 1486
f 1486 1488 1487
f 1486 1487 1489
f 1486 1478 1488
f 1486 1489 1374
f 1489 1490 1491
f 1487 1490 1489
f 1492 1489 1491
f 1489 1492 1374
f 1491 1493 1492
f 1492 1493 1373
f 1492 1373 1374
f 1494 1495 1493
f 1493 1491 1494
f 1493 1495 1373
f 1494 1496 1495
f 1496 1419 1495
f 1419 1373 1495
f 1497 1496 1494
f 1496 1497 1498
f 1496 1499 1419
f 1496 1498 1499
f 1499 1501 1500
f 1500 1419 1499
f 1502 1501 1499
f 1498 1502 1499
f 1503 1502 1504
f 1503 1505 1502
f 1498 1504 1502
f 1501 1502 1505
f 1505 1506 1501
f 1503 1506 1505
f 1507 1508 1506
f 1506 1503 1507
f 1508 1501 1506
f 1508 1507 1476
f 1508 1476 1473
f 1473 1509 1508
f 1509 1501 1508
f 1473 1510 1509
f 1511 1509 1510
f 1509 1511 1500
f 1501 1509 1500
f 1512 1513 1511
f 1433 1512 1511
f 1511 1513 1500
f 1510 1433 1511
f 1424 1513 1514
f 1513 1424 1421
f 1512 1514 1513
f 1421 1500 1513
f 1514 1423 1424
f 1512 1428 1514
f 1514 1428 1423
f 1428 1512 1431
f 1512 1433 1431
f 1474 1510 1473
f 1510 1474 1515
f 1433 1510 1515
f 1474 1435 1515
f 1435 1433 1515
f 1507 1487 1488
f 1478 1507 1488
f 1478 1476 1507
f 1487 1507 1503
f 1503 1504 1490
f 1497 1490 1504
f 1504 1498 1497
f 1487 1503 1490
f 1500 1421 1419
f 1494 1516 1497
f 1490 1497 1516
f 1491 1490 1516
f 1516 1494 1491
f 1366 1363 1479
f 1479 1368 1366
f 1474 1437 1435
f 1342 1344 1471
f 1467 1441 1437
f 1458 1451 1450
f 1447 1412 1448
f 1411 1448 1412
f 1448 1411 1445
f 1438 1445 1411
f 1411 1410 1438
f 1410 1409 1429
f 1381 1379 1419
f 1419 1379 1373
f 1398 1382 1406
f 1381 1406 1382
f 1406 1396 1398
f 1385 1398 1384
f 1382 1398 1385
f 1392 1393 1352
f 1393 1346 1352
f 1392 1352 1390
f 1390 1353 1389
f 1353 1390 1352
f 1369 1387 1389
f 1389 1353 1369
f 1377 1387 1370
f 1387 1369 1370
f 1371 1377 1370
f 1517 1519 1518
f 1518 1520 1517
f 1521 1519 1517
f 1522 1517 1520
f 1517 1522 1521
f 1520 1523 1522
f 1524 1521 1522
f 1524 1522 1523
f 1525 1521 1524
f 1523 1526 1524
f 1526 1525 1524
f 1525 1526 1527
f 1523 1529 1526
f 1526 1528 1527
f 1526 1529 1528
f 1530 1528 1529
f 1530 1529 1531
f 1529 1523 1531
f 1531 1533 1530
f 1523 1532 1531
f 1533 1531 1532
f 1534 1530 1533
f 1535 1534 1533
f 1532 1535 1533
f 1535 1532 1536
f 1537 1535 1536
f 1535 1537 1538
f 1539 1535 1538
f 1535 1539 1540
f 1534 1535 1540
f 1541 1540 1543
f 1540 1541 1534
f 1542 1540 1539
f 1543 1540 1542
f 1544 1541 1543
f 1542 1544 1543
f 1541 1544 1519
f 1519 1544 1518
f 1545 1518 1544
f 1544 1542 1545
f 1518 1545 1547
f 1546 1547 1545
f 1546 1545 1542
f 1518 1547 1548
f 1546 1548 1547
f 1550 1518 1548
f 1548 1549 1550
f 1549 1548 1551
f 1548 1546 1551
f 1551 1537 1549
f 1537 1551 1546
f 1520 1518 1550
f 1550 1549 1520
f 1549 1552 1520
f 1532 1549 1536
f 1537 1536 1549
f 1549 1532 1552
f 1523 1520 1552
f 1532 1523 1552
f 1546 1538 1537
f 1546 1539 1538
f 1539 1546 1542
f 1519 1553 1541
f 1553 1534 1541
f 1555 1553 1554
f 1553 1519 1554
f 1556 1553 1555
f 1557 1553 1556
f 1553 1557 1558
f 1534 1553 1558
f 1557 1530 1558
f 1530 1534 1558
f 1528 1530 1557
f 1556 1528 1557
f 1525 1556 1555
f 1525 1527 1556
f 1528 1556 1527
f 1521 1555 1554
f 1521 1525 1555
f 1519 1521 1554
f 1559 1561 1560
f 1560 1565 1559
f 1561 1559 1562
f 1559 1563 1562
f 1563 1559 1564
f 1565 1564 1559
f 1565 1560 1569
f 1564 1565 1566
f 1565 1567 1566
f 1567 1565 1568
f 1568 1565 1570
f 1570 1565 1569
f 1571 1568 1570
f 1572 1571 1570
f 1572 1570 1569
f 1560 1572 1569
f 1572 1560 1575
f 1571 1572 1573
f 1573 1572 1574
f 1575 1574 1572
f 1575 1560 1577
f 1574 1575 1576
f 1577 1576 1575
f 1560 1561 1577
f 1578 1577 1561
f 1577 1578 1579
f 1577 1579 1580
f 1581 1577 1580
f 1576 1577 1581
f 1581 1582 1576
f 1580 1582 1581
f 1582 1580 1583
f 1583 1584 1582
f 1584 1585 1582
f 1586 1582 1585
f 1582 1586 1587
f 1582 1587 1576
f 1586 1588 1587
f 1588 1576 1587
f 1588 1586 1589
f 1576 1588 1574
f 1590 1588 1589
f 1588 1590 1591
f 1588 1591 1573
f 1573 1574 1588
f 1591 1590 1592
f 1591 1592 1593
f 1571 1591 1593
f 1591 1571 1573
f 1592 1568 1593
f 1571 1593 1568
f 1594 1592 1590
f 1592 1594 1567
f 1568 1592 1567
f 1594 1564 1566
f 1567 1594 1566
f 1594 1590 1589
f 1564 1594 1595
f 1589 1595 1594
f 1586 1596 1595
f 1595 1589 1586
f 1596 1564 1595
f 1596 1598 1563
f 1564 1596 1563
f 1598 1596 1597
f 1596 1584 1597
f 1584 1596 1585
f 1596 1586 1585
f 1599 1563 1598
f 1598 1600 1599
f 1600 1598 1597
f 1600 1579 1578
f 1600 1580 1579
f 1600 1597 1584
f 1580 1600 1583
f 1584 1583 1600
f 1600 1578 1599
f 1599 1561 1562
f 1562 1563 1599
f 1561 1599 1578
f 1601 1603 1602
f 1602 1607 1601
f 1603 1601 1604
f 1601 1605 1604
f 1605 1601 1606
f 1607 1606 1601
f 1607 1602 1611
f 1606 1607 1608
f 1607 1609 1608
f 1609 1607 1610
f 1610 1607 1612
f 1612 1607 1611
f 1613 1610 1612
f 1614 1613 1612
f 1614 1612 1611
f 1602 1614 1611
f 1614 1602 1617
f 1613 1614 1615
f 1616 1615 1614
f 1617 1616 1614
f 1616 1617 1619
f 1617 1602 1618
f 1618 1619 1617
f 1619 1618 1621
f 1621 1620 1619
f 1620 1622 1619
f 1623 1619 1622
f 1619 1623 1616
f 1623 1627 1624
f 1625 1623 1624
f 1623 1625 1626
f 1623 1626 1615
f 1615 1616 1623
f 1627 1623 1622
f 1627 1620 1628
f 1620 1627 1622
f 1629 1627 1628
f 1627 1629 1630
f 1630 1624 1627
f 1629 1606 1630
f 1606 1631 1630
f 1624 1630 1631
f 1625 1624 1631
f 1631 1606 1608
f 1609 1631 1608
f 1631 1632 1625
f 1632 1631 1609
f 1626 1625 1632
f 1610 1632 1609
f 1626 1632 1633
f 1632 1610 1633
f 1613 1626 1633
f 1613 1633 1610
f 1629 1634 1605
f 1634 1629 1635
f 1606 1629 1605
f 1629 1636 1635
f 1636 1629 1628
f 1638 1636 1620
f 1636 1628 1620
f 1637 1635 1636
f 1636 1638 1637
f 1639 1637 1638
f 1620 1639 1638
f 1618 1640 1639
f 1621 1618 1639
f 1637 1639 1640
f 1639 1620 1621
f 1618 1641 1640
f 1637 1640 1641
f 1603 1642 1641
f 1641 1618 1603
f 1637 1641 1642
f 1642 1603 1604
f 1604 1605 1642
f 1642 1605 1634
f 1634 1637 1642
f 1637 1634 1635
f 1626 1613 1615
f 1602 1603 1618
f 1645 1643 1644
f 1647 1644 1643
f 1643 1645 1646
f 1646 1648 1643
f 1643 1649 1647
f 1649 1643 1648
f 1649 1650 1651
f 1650 1649 1652
f 1653 1649 1651
f 1648 1652 1649
f 1649 1653 1647
f 1653 1654 1647
f 1654 1653 1655
f 1653 1656 1655
f 1653 1657 1656
f 1653 1658 1657
f 1658 1653 1651
f 1661 1659 1658
f 1659 1660 1658
f 1661 1658 1650
f 1651 1650 1658
f 1657 1658 1660
f 1650 1663 1661
f 1663 1662 1661
f 1659 1661 1662
f 1664 1665 1663
f 1663 1668 1664
f 1662 1663 1665
f 1663 1650 1666
f 1667 1663 1666
f 1667 1668 1663
f 1667 1669 1668
f 1670 1668 1669
f 1668 1670 1664
f 1671 1672 1670
f 1669 1671 1670
f 1672 1664 1670
f 1671 1674 1672
f 1664 1672 1673
f 1675 1673 1672
f 1676 1672 1674
f 1672 1677 1675
f 1672 1676 1677
f 1678 1675 1677
f 1677 1681 1678
f 1679 1677 1676
f 1677 1679 1680
f 1677 1680 1681
f 1683 1681 1682
f 1680 1682 1681
f 1678 1681 1683
f 1682 1684 1683
f 1685 1683 1684
f 1683 1685 1686
f 1683 1686 1687
f 1678 1683 1687
f 1675 1678 1687
f 1675 1687 1688
f 1687 1689 1688
f 1687 1686 1689
f 1692 1689 1686
f 1690 1691 1689
f 1689 1692 1690
f 1691 1688 1689
f 1692 1694 1693
f 1692 1693 1690
f 1695 1694 1692
f 1686 1695 1692
f 1695 1696 1694
f 1697 1696 1695
f 1695 1686 1685
f 1685 1697 1695
f 1697 1698 1696
f 1697 1702 1698
f 1697 1685 1701
f 1697 1699 1700
f 1699 1697 1701
f 1702 1697 1700
f 1702 1703 1698
f 1703 1702 1705
f 1704 1702 1700
f 1702 1704 1705
f 1706 1703 1705
f 1706 1705 1704
f 1709 1703 1706
f 1707 1706 1704
f 1708 1706 1707
f 1706 1708 1709
f 1709 1712 1703
f 1710 1709 1708
f 1709 1710 1711
f 1712 1709 1711
f 1712 1696 1698
f 1713 1696 1712
f 1712 1698 1703
f 1711 1713 1712
f 1713 1694 1696
f 1713 1717 1694
f 1713 1711 1714
f 1715 1713 1714
f 1713 1715 1716
f 1717 1713 1716
f 1717 1693 1694
f 1693 1717 1718
f 1716 1667 1717
f 1717 1667 1718
f 1718 1719 1693
f 1719 1718 1652
f 1666 1652 1718
f 1667 1666 1718
f 1652 1648 1719
f 1719 1648 1720
f 1690 1719 1720
f 1693 1719 1690
f 1720 1648 1721
f 1722 1720 1721
f 1720 1722 1691
f 1691 1690 1720
f 1721 1723 1722
f 1722 1726 1691
f 1725 1722 1723
f 1722 1725 1724
f 1726 1722 1724
f 1724 1727 1726
f 1728 1726 1727
f 1688 1726 1728
f 1688 1691 1726
f 1729 1675 1728
f 1727 1729 1728
f 1675 1688 1728
f 1665 1673 1729
f 1729 1662 1665
f 1662 1729 1730
f 1729 1727 1730
f 1675 1729 1673
f 1731 1662 1730
f 1727 1731 1730
f 1662 1731 1659
f 1731 1733 1659
f 1731 1727 1732
f 1732 1733 1731
f 1659 1733 1660
f 1733 1734 1660
f 1733 1735 1734
f 1735 1733 1736
f 1733 1732 1736
f 1725 1736 1732
f 1736 1737 1735
f 1737 1736 1725
f 1737 1738 1739
f 1725 1738 1737
f 1735 1737 1739
f 1654 1655 1739
f 1644 1654 1739
f 1655 1656 1739
f 1645 1644 1739
f 1738 1645 1739
f 1734 1735 1739
f 1656 1740 1739
f 1740 1734 1739
f 1660 1734 1740
f 1656 1660 1740
f 1738 1646 1645
f 1723 1738 1725
f 1646 1738 1723
f 1727 1724 1732
f 1724 1725 1732
f 1723 1721 1646
f 1648 1646 1721
f 1716 1715 1741
f 1667 1716 1741
f 1669 1667 1741
f 1742 1669 1741
f 1741 1743 1742
f 1743 1741 1715
f 1745 1744 1743
f 1746 1743 1744
f 1743 1714 1745
f 1743 1746 1742
f 1714 1743 1715
f 1744 1747 1746
f 1747 1748 1746
f 1748 1742 1746
f 1747 1749 1748
f 1751 1748 1749
f 1742 1748 1750
f 1752 1750 1748
f 1748 1751 1752
f 1750 1752 1671
f 1752 1674 1671
f 1752 1753 1674
f 1751 1753 1752
f 1754 1753 1755
f 1753 1754 1756
f 1755 1753 1751
f 1756 1674 1753
f 1754 1757 1756
f 1756 1757 1676
f 1674 1756 1676
f 1758 1759 1757
f 1758 1757 1754
f 1757 1679 1676
f 1757 1745 1679
f 1745 1757 1759
f 1760 1744 1759
f 1760 1759 1758
f 1744 1745 1759
f 1744 1760 1761
f 1762 1761 1760
f 1758 1762 1760
f 1764 1762 1763
f 1766 1763 1762
f 1762 1764 1765
f 1761 1762 1765
f 1762 1758 1766
f 1763 1766 1768
f 1767 1768 1766
f 1767 1766 1769
f 1766 1758 1769
f 1770 1767 1769
f 1769 1758 1754
f 1755 1769 1754
f 1769 1755 1770
f 1767 1770 1771
f 1772 1771 1770
f 1770 1755 1773
f 1772 1770 1773
f 1773 1774 1772
f 1774 1773 1775
f 1773 1749 1775
f 1749 1773 1751
f 1773 1755 1751
f 1775 1777 1774
f 1776 1775 1749
f 1777 1775 1776
f 1778 1774 1777
f 1777 1779 1778
f 1777 1765 1764
f 1779 1777 1764
f 1765 1777 1776
f 1780 1778 1779
f 1781 1780 1779
f 1779 1763 1781
f 1763 1779 1764
f 1780 1781 1783
f 1768 1781 1763
f 1782 1783 1781
f 1781 1768 1782
f 1783 1785 1780
f 1783 1782 1786
f 1785 1783 1784
f 1786 1784 1783
f 1786 1787 1788
f 1787 1786 1782
f 1788 1789 1786
f 1784 1786 1789
f 1791 1790 1789
f 1792 1789 1790
f 1789 1788 1791
f 1789 1792 1784
f 1793 1794 1792
f 1795 1793 1792
f 1794 1784 1792
f 1790 1795 1792
f 1797 1796 1795
f 1793 1795 1796
f 1795 1790 1797
f 1799 1798 1797
f 1796 1797 1798
f 1797 1800 1799
f 1800 1797 1790
f 1802 1799 1800
f 1790 1791 1800
f 1801 1800 1791
f 1800 1801 1802
f 1799 1802 1804
f 1803 1802 1801
f 1803 1805 1802
f 1804 1802 1805
f 1805 1803 1807
f 1806 1805 1808
f 1805 1806 1809
f 1807 1808 1805
f 1805 1809 1804
f 1804 1809 1810
f 1806 1810 1809
f 1812 1804 1810
f 1810 1811 1812
f 1813 1811 1810
f 1810 1806 1813
f 1814 1811 1813
f 1813 1815 1814
f 1815 1813 1806
f 1815 1817 1816
f 1814 1815 1816
f 1817 1815 1818
f 1808 1815 1806
f 1815 1808 1818
f 1808 1807 1818
f 1819 1818 1807
f 1817 1818 1819
f 1807 1820 1819
f 1821 1819 1820
f 1819 1821 1817
f 1817 1821 1823
f 1820 1822 1821
f 1822 1823 1821
f 1823 1824 1811
f 1816 1823 1811
f 1823 1822 1824
f 1816 1817 1823
f 1824 1826 1811
f 1824 1825 1826
f 1825 1824 1822
f 1811 1826 1827
f 1827 1826 1825
f 1825 1793 1827
f 1793 1796 1827
f 1796 1811 1827
f 1828 1825 1822
f 1829 1793 1825
f 1825 1828 1829
f 1793 1829 1794
f 1794 1829 1830
f 1831 1830 1829
f 1829 1828 1831
f 1832 1830 1831
f 1834 1831 1828
f 1831 1833 1832
f 1833 1831 1834
f 1834 1835 1833
f 1828 1803 1834
f 1834 1801 1835
f 1801 1834 1803
f 1791 1835 1801
f 1835 1791 1788
f 1788 1836 1835
f 1833 1835 1836
f 1833 1836 1837
f 1837 1836 1771
f 1836 1788 1787
f 1787 1771 1836
f 1837 1771 1772
f 1772 1838 1837
f 1837 1832 1833
f 1832 1837 1838
f 1838 1772 1774
f 1774 1778 1838
f 1839 1838 1778
f 1838 1839 1832
f 1778 1780 1839
f 1785 1839 1780
f 1830 1832 1839
f 1839 1785 1830
f 1830 1785 1794
f 1822 1820 1828
f 1803 1828 1820
f 1820 1807 1803
f 1811 1814 1816
f 1812 1811 1840
f 1799 1812 1840
f 1812 1799 1804
f 1798 1799 1840
f 1840 1811 1798
f 1798 1811 1796
f 1784 1794 1785
f 1771 1787 1767
f 1782 1767 1787
f 1767 1782 1768
f 1776 1761 1765
f 1761 1776 1747
f 1776 1749 1747
f 1747 1744 1761
f 1671 1669 1750
f 1669 1742 1750
f 1745 1680 1679
f 1680 1745 1714
f 1714 1710 1680
f 1711 1710 1714
f 1841 1710 1708
f 1710 1841 1682
f 1682 1680 1710
f 1708 1842 1841
f 1842 1843 1841
f 1841 1843 1684
f 1684 1682 1841
f 1843 1842 1844
f 1701 1684 1843
f 1843 1699 1701
f 1699 1843 1844
f 1842 1704 1844
f 1704 1699 1844
f 1842 1708 1707
f 1707 1704 1842
f 1699 1704 1700
f 1684 1701 1685
f 1673 1665 1664
f 1652 1666 1650
f 1660 1656 1657
f 1644 1647 1654
f 1845 1846 1849
f 1847 1846 1845
f 1848 1847 1845
f 1848 1845 1849
f 1849 1846 1850
f 1850 1851 1849
f 1851 1852 1849
f 1852 1848 1849
f 1854 1853 1852
f 1853 1848 1852
f 1852 1851 1854
f 1855 1854 1851
f 1854 1855 1856
f 1856 1857 1854
f 1853 1854 1857
f 1857 1859 1858
f 1853 1857 1858
f 1859 1857 1860
f 1857 1856 1860
f 1859 1860 1861
f 1860 1862 1861
f 1860 1863 1862
f 1863 1860 1856
f 1856 1864 1863
f 1863 1864 1865
f 1866 1863 1865
f 1866 1862 1863
f 1865 1867 1866
f 1867 1868 1866
f 1862 1866 1868
f 1869 1868 1870
f 1862 1868 1869
f 1868 1871 1870
f 1868 1867 1871
f 1872 1871 1873
f 1871 1872 1870
f 1871 1874 1873
f 1874 1871 1867
f 1875 1874 1867
f 1874 1875 1876
f 1877 1874 1876
f 1877 1873 1874
f 1877 1876 1878
f 1878 1879 1877
f 1879 1880 1877
f 1873 1877 1880
f 1882 1880 1881
f 1880 1883 1881
f 1873 1880 1882
f 1880 1879 1883
f 1881 1883 1884
f 1883 1886 1884
f 1885 1883 1879
f 1883 1885 1886
f 1886 1887 1888
f 1887 1886 1885
f 1888 1884 1886
f 1887 1889 1888
f 1888 1889 1890
f 1884 1888 1890
f 1890 1889 1891
f 1892 1890 1891
f 1890 1892 1884
f 1892 1881 1884
f 1881 1892 1893
f 1893 1892 1894
f 1892 1895 1894
f 1891 1895 1892
f 1895 1891 1896
f 1896 1897 1895
f 1897 1894 1895
f 1894 1897 1899
f 1898 1897 1900
f 1898 1899 1897
f 1900 1897 1902
f 1897 1896 1901
f 1897 1901 1902
f 1901 1889 1902
f 1903 1900 1902
f 1902 1889 1903
f 1900 1903 1904
f 1903 1889 1887
f 1887 1904 1903
f 1879 1904 1885
f 1904 1879 1905
f 1885 1904 1887
f 1898 1904 1905
f 1904 1898 1900
f 1879 1878 1905
f 1878 1898 1905
f 1896 1889 1901
f 1899 1906 1894
f 1906 1899 1907
f 1908 1899 1898
f 1899 1908 1907
f 1876 1908 1878
f 1908 1876 1909
f 1898 1878 1908
f 1909 1907 1908
f 1907 1909 1910
f 1911 1910 1909
f 1909 1875 1911
f 1875 1909 1876
f 1865 1911 1875
f 1911 1865 1912
f 1912 1913 1911
f 1911 1913 1910
f 1914 1913 1915
f 1913 1914 1916
f 1912 1915 1913
f 1913 1916 1910
f 1918 1917 1916
f 1916 1917 1910
f 1916 1919 1918
f 1919 1916 1914
f 1870 1918 1919
f 1861 1919 1920
f 1919 1914 1920
f 1861 1869 1919
f 1869 1870 1919
f 1920 1914 1922
f 1859 1920 1921
f 1861 1920 1859
f 1920 1922 1921
f 1915 1922 1914
f 1922 1915 1924
f 1921 1922 1923
f 1923 1922 1924
f 1915 1926 1924
f 1925 1923 1924
f 1924 1927 1925
f 1927 1924 1926
f 1926 1855 1927
f 1927 1851 1928
f 1851 1927 1855
f 1928 1925 1927
f 1928 1929 1925
f 1850 1929 1928
f 1851 1850 1928
f 1929 1932 1925
f 1931 1929 1930
f 1850 1930 1929
f 1929 1931 1932
f 1932 1923 1925
f 1933 1923 1932
f 1932 1934 1933
f 1934 1932 1931
f 1935 1933 1934
f 1936 1935 1934
f 1936 1934 1937
f 1934 1938 1937
f 1938 1934 1931
f 1847 1938 1939
f 1938 1847 1937
f 1938 1930 1939
f 1931 1930 1938
f 1939 1930 1850
f 1846 1939 1850
f 1846 1847 1939
f 1847 1936 1937
f 1936 1853 1935
f 1853 1936 1940
f 1940 1936 1847
f 1848 1853 1940
f 1847 1848 1940
f 1933 1935 1858
f 1935 1853 1858
f 1923 1933 1921
f 1858 1921 1933
f 1855 1926 1864
f 1912 1864 1926
f 1926 1915 1912
f 1858 1859 1921
f 1917 1918 1941
f 1872 1918 1870
f 1918 1872 1941
f 1941 1906 1917
f 1942 1906 1941
f 1882 1941 1872
f 1941 1882 1942
f 1942 1881 1893
f 1881 1942 1882
f 1893 1894 1942
f 1942 1894 1906
f 1917 1906 1907
f 1910 1917 1907
f 1864 1912 1865
f 1891 1889 1896
f 1872 1873 1882
f 1867 1865 1875
f 1861 1862 1869
f 1864 1856 1855
f 1944 1943 1947
f 1943 1944 1948
f 1945 1946 1943
f 1945 1943 1949
f 1943 1946 1947
f 1949 1943 1948
f 1950 1949 1948
f 1951 1949 1950
f 1949 1951 1952
f 1952 1945 1949
f 1945 1952 1953
f 1952 1954 1953
f 1954 1952 1955
f 1952 1956 1955
f 1956 1952 1951
f 1956 1959 1957
f 1958 1956 1957
f 1956 1958 1955
f 1951 1959 1956
f 1961 1959 1960
f 1960 1959 1950
f 1950 1959 1951
f 1962 1959 1961
f 1963 1959 1962
f 1957 1959 1963
f 1962 1964 1963
f 1958 1963 1964
f 1963 1958 1957
f 1964 1968 1958
f 1968 1964 1965
f 1964 1966 1965
f 1966 1964 1967
f 1964 1962 1967
f 1969 1954 1968
f 1955 1968 1954
f 1965 1969 1968
f 1968 1955 1958
f 1954 1969 1970
f 1972 1970 1969
f 1971 1972 1969
f 1969 1965 1971
f 1970 1972 1975
f 1972 1971 1976
f 1972 1973 1974
f 1973 1972 1976
f 1974 1975 1972
f 1976 1977 1973
f 1976 1978 1977
f 1971 1978 1976
f 1978 1971 1979
f 1981 1978 1979
f 1978 1981 1980
f 1978 1980 1977
f 1979 1947 1981
f 1946 1981 1947
f 1946 1980 1981
f 1983 1982 1980
f 1980 1982 1977
f 1946 1983 1980
f 1986 1982 1983
f 1983 1987 1984
f 1984 1985 1983
f 1985 1986 1983
f 1987 1983 1946
f 1945 1953 1987
f 1953 1988 1987
f 1987 1988 1984
f 1987 1946 1945
f 1953 1970 1988
f 1988 1975 1989
f 1975 1988 1970
f 1988 1989 1984
f 1989 1975 1990
f 1989 1990 1991
f 1989 1985 1984
f 1985 1989 1991
f 1985 1991 1993
f 1991 1992 1993
f 1991 1994 1992
f 1994 1991 1990
f 1990 1974 1994
f 1994 1974 1995
f 1995 1996 1994
f 1992 1994 1996
f 1992 1996 1997
f 1998 1997 1996
f 1996 1999 1998
f 1996 1995 1999
f 1995 2000 1999
f 1999 2000 2001
f 2002 1999 2001
f 1998 1999 2002
f 2004 2002 2001
f 2003 1998 2002
f 2002 2004 2003
f 2001 2005 2004
f 2006 2004 2005
f 2004 2006 2007
f 2007 2003 2004
f 2003 2007 2008
f 2009 2008 2007
f 2010 2007 2006
f 2007 2010 2009
f 2010 2013 2011
f 2010 2011 2012
f 2009 2010 2012
f 2013 2010 2015
f 2010 2014 2015
f 2014 2010 2006
f 2015 2016 2013
f 2014 2016 2015
f 2019 2016 2017
f 2018 2017 2016
f 2016 2014 2018
f 2020 2013 2016
f 2016 2019 2020
f 2019 2021 2020
f 2020 2021 2013
f 2023 2021 2022
f 2022 2021 2019
f 2024 2021 2023
f 2013 2021 2011
f 2012 2021 2024
f 2011 2021 2012
f 2025 2012 2024
f 2023 2025 2024
f 2026 2008 2025
f 2023 2026 2025
f 2012 2025 2009
f 2008 2009 2025
f 2027 2008 2026
f 2026 2028 2027
f 2028 2026 2029
f 2029 2026 2022
f 2026 2023 2022
f 2029 2017 2028
f 2022 2017 2029
f 2030 2027 2028
f 2031 2030 2028
f 2031 2028 2017
f 2032 2031 2018
f 2017 2018 2031
f 2031 2032 2033
f 2030 2031 2033
f 2033 2032 2034
f 2033 2035 2030
f 2036 2033 2034
f 2035 2033 2036
f 2037 1997 2036
f 2035 2036 1997
f 2036 2038 2037
f 2038 2036 2034
f 2040 2039 2038
f 2037 2038 2039
f 2038 2041 2040
f 2034 2041 2038
f 2043 2040 2041
f 2034 2042 2041
f 2005 2041 2042
f 2041 2005 2043
f 2040 2043 2044
f 2001 2043 2005
f 2043 2000 2044
f 2000 2043 2001
f 2044 2047 2045
f 2046 2044 2045
f 2044 2046 2040
f 2047 2044 2000
f 2047 1974 1973
f 1973 2045 2047
f 1974 2047 1995
f 2000 1995 2047
f 2045 1982 2046
f 1986 2046 1982
f 2039 2040 2046
f 2039 2046 1986
f 1982 2045 1977
f 2045 1973 1977
f 2005 2042 2006
f 2042 2034 2032
f 2032 2014 2042
f 2042 2014 2006
f 1993 2037 2039
f 1986 1993 2039
f 1992 2037 1993
f 2037 1992 1997
f 1997 1998 2035
f 2035 2048 2030
f 2048 2035 1998
f 2048 2027 2030
f 2048 2008 2027
f 1998 2003 2048
f 2008 2048 2003
f 2014 2032 2018
f 2017 2022 2019
f 1993 1986 1985
f 1975 1974 1990
f 1947 1979 1966
f 1965 1966 1979
f 1965 1979 1971
f 1953 1954 1970
f 1962 1944 1967
f 1944 1966 1967
f 1966 1944 1947
f 1944 1962 1961
f 1948 1961 1960
f 1961 1948 1944
f 1950 1948 1960
f 2049 2051 2050
f 2055 2049 2050
f 2051 2049 2052
f 2049 2054 2052
f 2053 2054 2049
f 2049 2055 2053
f 2057 2056 2055
f 2055 2056 2058
f 2055 2050 2057
f 2058 2053 2055
f 2058 2061 2059
f 2060 2058 2059
f 2053 2058 2060
f 2056 2061 2058
f 2064 2062 2061
f 2061 2062 2059
f 2056 2063 2061
f 2064 2061 2063
f 2062 2064 2065
f 2067 2065 2064
f 2063 2066 2064
f 2067 2064 2066
f 2065 2067 2068
f 2070 2068 2067
f 2067 2069 2070
f 2069 2067 2071
f 2066 2071 2067
f 2072 2071 2073
f 2071 2072 2069
f 2074 2073 2071
f 2071 2066 2074
f 2077 2074 2075
f 2075 2074 2076
f 2074 2066 2076
f 2073 2074 2077
f 2081 2077 2078
f 2078 2077 2075
f 2077 2081 2079
f 2079 2080 2077
f 2077 2080 2073
f 2082 2084 2081
f 2081 2083 2082
f 2083 2081 2078
f 2084 2079 2081
f 2084 2086 2085
f 2079 2084 2085
f 2084 2088 2086
f 2082 2087 2084
f 2087 2088 2084
f 2088 2087 2089
f 2090 2088 2089
f 2091 2088 2090
f 2088 2091 2086
f 2093 2091 2092
f 2094 2092 2091
f 2091 2090 2094
f 2091 2093 2086
f 2092 2094 2097
f 2095 2094 2096
f 2094 2095 2097
f 2094 2098 2096
f 2098 2094 2099
f 2094 2090 2099
f 2099 2090 2101
f 2100 2098 2099
f 2101 2100 2099
f 2089 2102 2101
f 2102 2103 2101
f 2101 2090 2089
f 2100 2101 2103
f 2103 2102 2104
f 2103 2104 2105
f 2103 2105 2100
f 2106 2105 2107
f 2105 2106 2108
f 2105 2110 2107
f 2109 2105 2108
f 2105 2109 2100
f 2110 2105 2104
f 2102 2111 2110
f 2110 2104 2102
f 2111 2107 2110
f 2087 2111 2102
f 2111 2087 2082
f 2082 2083 2111
f 2107 2111 2083
f 2098 2100 2109
f 2108 2112 2109
f 2098 2109 2112
f 2112 2096 2098
f 2112 2095 2096
f 2114 2113 2112
f 2095 2112 2113
f 2112 2108 2114
f 2114 2106 2115
f 2114 2115 2116
f 2116 2117 2114
f 2114 2117 2113
f 2106 2114 2108
f 2119 2117 2118
f 2116 2118 2117
f 2117 2119 2113
f 2120 2119 2118
f 2119 2120 2093
f 2119 2093 2092
f 2119 2095 2113
f 2095 2119 2097
f 2119 2092 2097
f 2118 2080 2120
f 2079 2120 2080
f 2120 2079 2085
f 2120 2085 2093
f 2080 2118 2121
f 2118 2116 2121
f 2073 2121 2072
f 2116 2072 2121
f 2121 2073 2080
f 2072 2116 2122
f 2115 2122 2116
f 2072 2122 2069
f 2123 2122 2115
f 2123 2124 2122
f 2124 2069 2122
f 2069 2124 2070
f 2125 2070 2124
f 2126 2125 2124
f 2124 2123 2126
f 2123 2106 2126
f 2126 2127 2125
f 2128 2127 2126
f 2128 2126 2106
f 2107 2128 2106
f 2128 2107 2131
f 2127 2128 2129
f 2128 2130 2129
f 2128 2131 2130
f 2083 2075 2131
f 2132 2131 2075
f 2133 2131 2132
f 2130 2131 2134
f 2131 2133 2134
f 2107 2083 2131
f 2135 2134 2133
f 2135 2136 2134
f 2130 2134 2136
f 2136 2135 2137
f 2137 2138 2136
f 2138 2130 2136
f 2138 2139 2129
f 2129 2130 2138
f 2139 2138 2140
f 2138 2137 2140
f 2142 2139 2140
f 2137 2141 2140
f 2141 2142 2140
f 2139 2142 2145
f 2142 2141 2143
f 2143 2144 2142
f 2144 2145 2142
f 2146 2139 2145
f 2146 2145 2147
f 2145 2144 2147
f 2148 2149 2147
f 2150 2148 2147
f 2149 2146 2147
f 2144 2150 2147
f 2150 2151 2148
f 2151 2150 2153
f 2144 2152 2150
f 2153 2150 2152
f 2143 2154 2153
f 2152 2143 2153
f 2151 2153 2154
f 2141 2155 2154
f 2143 2141 2154
f 2155 2156 2154
f 2156 2151 2154
f 2151 2156 2157
f 2156 2158 2157
f 2158 2156 2155
f 2159 2157 2158
f 2159 2158 2160
f 2155 2160 2158
f 2161 2162 2160
f 2160 2155 2161
f 2163 2160 2162
f 2160 2163 2159
f 2163 2165 2164
f 2159 2163 2164
f 2165 2163 2162
f 2162 2166 2165
f 2166 2167 2165
f 2167 2168 2165
f 2168 2164 2165
f 2169 2168 2167
f 2168 2169 2170
f 2164 2168 2171
f 2168 2170 2171
f 2171 2173 2172
f 2171 2172 2174
f 2171 2057 2173
f 2164 2171 2174
f 2057 2171 2170
f 2174 2172 2176
f 2164 2174 2177
f 2175 2174 2176
f 2177 2174 2175
f 2178 2164 2177
f 2178 2177 2179
f 2179 2177 2180
f 2175 2180 2177
f 2180 2175 2176
f 2176 2181 2180
f 2181 2182 2180
f 2180 2182 2179
f 2182 2183 2179
f 2183 2182 2184
f 2182 2186 2184
f 2182 2181 2185
f 2186 2182 2185
f 2187 2186 2188
f 2187 2189 2186
f 2188 2186 2185
f 2184 2186 2189
f 2184 2189 2190
f 2190 2189 2191
f 2192 2191 2189
f 2192 2189 2187
f 2194 2193 2192
f 2192 2193 2195
f 2192 2187 2194
f 2195 2196 2192
f 2191 2192 2196
f 2197 2191 2196
f 2196 2198 2197
f 2198 2196 2195
f 2198 2195 2201
f 2198 2199 2197
f 2199 2198 2200
f 2201 2200 2198
f 2200 2201 2204
f 2203 2202 2201
f 2201 2202 2204
f 2195 2203 2201
f 2204 2205 2206
f 2202 2205 2204
f 2206 2200 2204
f 2206 2207 2208
f 2206 2209 2207
f 2208 2200 2206
f 2205 2209 2206
f 2209 2205 2210
f 2210 2211 2209
f 2209 2178 2207
f 2178 2209 2211
f 2159 2178 2211
f 2159 2211 2213
f 2211 2210 2212
f 2212 2213 2211
f 2159 2213 2157
f 2214 2157 2213
f 2215 2214 2213
f 2213 2212 2215
f 2214 2215 2216
f 2215 2202 2216
f 2202 2215 2212
f 2216 2202 2203
f 2203 2214 2216
f 2157 2214 2217
f 2214 2194 2217
f 2214 2193 2194
f 2214 2203 2193
f 2217 2188 2218
f 2217 2218 2220
f 2194 2188 2217
f 2217 2151 2157
f 2151 2217 2148
f 2217 2219 2148
f 2219 2217 2220
f 2220 2222 2221
f 2219 2220 2221
f 2222 2220 2223
f 2220 2218 2224
f 2224 2223 2220
f 2223 2224 2225
f 2224 2226 2225
f 2226 2224 2227
f 2218 2227 2224
f 2228 2229 2227
f 2227 2181 2228
f 2227 2229 2230
f 2227 2230 2226
f 2227 2218 2181
f 2230 2233 2231
f 2231 2232 2230
f 2232 2226 2230
f 2233 2230 2229
f 2233 2228 2234
f 2233 2234 2236
f 2235 2231 2233
f 2233 2236 2235
f 2228 2233 2229
f 2238 2236 2237
f 2240 2237 2236
f 2149 2236 2238
f 2236 2149 2239
f 2239 2235 2236
f 2236 2234 2240
f 2241 2243 2240
f 2240 2242 2241
f 2242 2240 2234
f 2243 2237 2240
f 2237 2243 2244
f 2245 2244 2243
f 2243 2246 2245
f 2243 2241 2246
f 2246 2247 2249
f 2247 2246 2248
f 2248 2246 2241
f 2246 2249 2245
f 2249 2251 2250
f 2252 2249 2250
f 2249 2247 2251
f 2249 2252 2245
f 2253 2252 2254
f 2252 2253 2245
f 2252 2255 2254
f 2255 2252 2250
f 2256 2254 2255
f 2255 2258 2256
f 2251 2255 2250
f 2255 2251 2257
f 2258 2255 2257
f 2257 2259 2258
f 2260 2258 2259
f 2258 2260 2256
f 2259 2261 2260
f 2261 2262 2260
f 2260 2263 2256
f 2260 2262 2263
f 2254 2256 2263
f 2264 2254 2263
f 2263 2262 2264
f 2264 2253 2254
f 2262 2265 2264
f 2265 2253 2264
f 2253 2265 2244
f 2265 2237 2244
f 2237 2265 2238
f 2238 2265 2266
f 2265 2262 2266
f 2268 2267 2266
f 2267 2269 2266
f 2268 2266 2262
f 2266 2269 2238
f 2270 2269 2272
f 2269 2270 2146
f 2271 2272 2269
f 2269 2267 2271
f 2269 2146 2149
f 2238 2269 2149
f 2273 2272 2271
f 2272 2273 2274
f 2270 2272 2274
f 2275 2274 2273
f 2274 2275 2276
f 2129 2270 2274
f 2276 2129 2274
f 2276 2278 2277
f 2276 2277 2127
f 2278 2276 2279
f 2129 2276 2127
f 2275 2279 2276
f 2279 2275 2280
f 2281 2279 2280
f 2279 2281 2259
f 2279 2259 2282
f 2282 2278 2279
f 2282 2251 2247
f 2251 2282 2257
f 2247 2278 2282
f 2259 2257 2282
f 2280 2283 2281
f 2261 2259 2281
f 2281 2283 2261
f 2275 2283 2280
f 2283 2275 2273
f 2271 2283 2273
f 2283 2271 2267
f 2267 2268 2283
f 2261 2283 2268
f 2278 2247 2248
f 2248 2277 2278
f 2284 2277 2285
f 2277 2284 2127
f 2277 2248 2285
f 2285 2248 2241
f 2242 2285 2241
f 2285 2242 2284
f 2284 2242 2125
f 2127 2284 2125
f 2139 2146 2270
f 2270 2129 2139
f 2262 2261 2268
f 2244 2245 2253
f 2242 2287 2286
f 2286 2125 2242
f 2287 2242 2234
f 2287 2289 2286
f 2289 2287 2288
f 2291 2288 2287
f 2290 2291 2287
f 2287 2228 2290
f 2228 2287 2234
f 2176 2291 2290
f 2294 2288 2291
f 2292 2294 2291
f 2291 2293 2292
f 2293 2291 2172
f 2291 2176 2172
f 2295 2059 2294
f 2294 2296 2295
f 2062 2294 2059
f 2296 2294 2292
f 2294 2062 2288
f 2296 2054 2295
f 2297 2054 2296
f 2296 2293 2297
f 2293 2296 2292
f 2052 2054 2297
f 2052 2297 2051
f 2293 2051 2297
f 2295 2054 2298
f 2059 2295 2298
f 2298 2054 2060
f 2060 2059 2298
f 2173 2293 2172
f 2293 2173 2051
f 2228 2176 2290
f 2068 2289 2065
f 2065 2289 2288
f 2289 2068 2299
f 2299 2286 2289
f 2300 2299 2068
f 2299 2300 2301
f 2286 2299 2301
f 2125 2286 2301
f 2070 2125 2301
f 2070 2301 2300
f 2068 2070 2300
f 2288 2062 2065
f 2239 2303 2302
f 2302 2235 2239
f 2149 2219 2239
f 2239 2219 2304
f 2303 2239 2304
f 2305 2303 2304
f 2304 2219 2305
f 2303 2305 2306
f 2221 2306 2305
f 2219 2221 2305
f 2303 2306 2309
f 2306 2221 2222
f 2306 2222 2307
f 2308 2306 2307
f 2309 2306 2308
f 2309 2302 2303
f 2302 2309 2310
f 2308 2310 2309
f 2310 2308 2311
f 2311 2314 2310
f 2310 2312 2302
f 2312 2310 2313
f 2314 2313 2310
f 2314 2311 2316
f 2314 2315 2313
f 2316 2315 2314
f 2317 2316 2318
f 2316 2317 2319
f 2311 2318 2316
f 2315 2316 2319
f 2320 2315 2319
f 2317 2320 2319
f 2320 2317 2321
f 2321 2232 2320
f 2232 2322 2320
f 2315 2320 2322
f 2322 2232 2323
f 2313 2322 2323
f 2322 2313 2315
f 2232 2231 2323
f 2323 2312 2313
f 2312 2323 2231
f 2321 2324 2325
f 2324 2321 2317
f 2232 2321 2325
f 2225 2325 2324
f 2325 2225 2226
f 2226 2232 2325
f 2324 2318 2326
f 2326 2225 2324
f 2318 2324 2317
f 2223 2326 2307
f 2223 2225 2326
f 2311 2326 2318
f 2308 2326 2311
f 2326 2308 2307
f 2231 2235 2312
f 2235 2302 2312
f 2307 2222 2223
f 2176 2228 2181
f 2219 2149 2148
f 2188 2181 2218
f 2210 2202 2212
f 2202 2210 2205
f 2207 2183 2208
f 2208 2183 2328
f 2327 2208 2328
f 2208 2327 2199
f 2200 2208 2199
f 2184 2328 2183
f 2327 2328 2190
f 2328 2184 2190
f 2190 2329 2327
f 2197 2327 2329
f 2327 2197 2199
f 2191 2197 2329
f 2190 2191 2329
f 2179 2207 2178
f 2207 2179 2183
f 2203 2195 2193
f 2194 2187 2188
f 2188 2185 2181
f 2178 2159 2164
f 2050 2173 2057
f 2173 2050 2051
f 2330 2057 2170
f 2331 2330 2170
f 2170 2332 2331
f 2332 2170 2169
f 2334 2332 2333
f 2332 2169 2333
f 2332 2334 2335
f 2332 2335 2331
f 2334 2336 2335
f 2335 2336 2331
f 2337 2331 2336
f 2337 2336 2338
f 2336 2334 2338
f 2338 2339 2340
f 2339 2338 2334
f 2340 2337 2338
f 2133 2340 2135
f 2337 2340 2133
f 2341 2135 2340
f 2340 2339 2341
f 2341 2137 2135
f 2137 2341 2342
f 2341 2343 2342
f 2341 2344 2343
f 2344 2341 2339
f 2167 2343 2344
f 2339 2333 2344
f 2169 2344 2333
f 2344 2169 2167
f 2342 2343 2161
f 2166 2161 2343
f 2343 2167 2166
f 2141 2137 2342
f 2342 2161 2141
f 2333 2339 2334
f 2331 2337 2330
f 2337 2076 2330
f 2075 2337 2132
f 2337 2075 2076
f 2133 2132 2337
f 2056 2330 2063
f 2330 2056 2057
f 2076 2063 2330
f 2161 2166 2162
f 2141 2161 2155
f 2144 2143 2152
f 2106 2123 2115
f 2102 2089 2087
f 2086 2093 2085
f 2075 2083 2078
f 2066 2063 2076
f 2060 2054 2053
f 2345 2347 2346
f 2349 2345 2346
f 2348 2347 2345
f 2349 2348 2345
f 2348 2349 2351
f 2346 2350 2349
f 2352 2349 2350
f 2352 2351 2349
f 2354 2352 2350
f 2352 2353 2351
f 2352 2357 2353
f 2355 2352 2354
f 2352 2355 2356
f 2352 2356 2357
f 2359 2357 2356
f 2357 2358 2353
f 2358 2357 2360
f 2357 2359 2360
f 2360 2361 2358
f 2363 2360 2359
f 2361 2360 2362
f 2360 2363 2362
f 2363 2364 2362
f 2363 2365 2364
f 2368 2363 2359
f 2365 2363 2366
f 2367 2366 2363
f 2363 2368 2367
f 2355 2370 2368
f 2355 2368 2359
f 2370 2369 2368
f 2367 2368 2369
f 2354 2346 2370
f 2370 2355 2354
f 2346 2371 2370
f 2369 2370 2371
f 2347 2372 2371
f 2371 2372 2369
f 2346 2347 2371
f 2374 2373 2372
f 2373 2369 2372
f 2347 2374 2372
f 2374 2347 2375
f 2376 2374 2375
f 2377 2374 2376
f 2373 2374 2377
f 2365 2373 2377
f 2376 2365 2377
f 2375 2361 2376
f 2361 2364 2376
f 2365 2376 2364
f 2361 2375 2378
f 2375 2347 2378
f 2378 2348 2358
f 2347 2348 2378
f 2358 2361 2378
f 2373 2365 2366
f 2367 2373 2366
f 2373 2367 2369
f 2364 2361 2362
f 2356 2355 2359
f 2348 2353 2358
f 2346 2354 2350
f 2353 2348 2351
f 2379 2381 2380
f 2379 2380 2383
f 2381 2379 2382
f 2379 2385 2382
f 2383 2384 2379
f 2385 2379 2384
f 2385 2387 2386
f 2382 2385 2386
f 2384 2387 2385
f 2388 2387 2389
f 2388 2386 2387
f 2387 2384 2389
f 2391 2389 2390
f 2389 2384 2390
f 2389 2391 2392
f 2392 2388 2389
f 2391 2393 2392
f 2393 2388 2392
f 2394 2396 2393
f 2391 2394 2393
f 2396 2395 2393
f 2388 2393 2395
f 2398 2396 2397
f 2397 2396 2399
f 2396 2398 2400
f 2396 2394 2399
f 2395 2396 2400
f 2386 2395 2400
f 2400 2382 2386
f 2382 2400 2398
f 2399 2401 2397
f 2402 2401 2399
f 2394 2402 2399
f 2405 2402 2403
f 2403 2402 2404
f 2401 2402 2405
f 2391 2402 2394
f 2402 2390 2404
f 2402 2391 2390
f 2406 2405 2403
f 2406 2407 2405
f 2407 2401 2405
f 2409 2408 2407
f 2408 2401 2407
f 2409 2407 2406
f 2381 2409 2380
f 2409 2381 2410
f 2380 2409 2412
f 2409 2410 2411
f 2409 2411 2408
f 2409 2406 2412
f 2403 2380 2412
f 2403 2412 2406
f 2398 2408 2411
f 2411 2382 2398
f 2382 2411 2410
f 2382 2410 2381
f 2401 2408 2397
f 2408 2398 2397
f 2403 2404 2383
f 2384 2383 2404
f 2404 2390 2384
f 2380 2403 2383
f 2386 2388 2395
f 2413 2415 2414
f 2416 2413 2414
f 2415 2413 2420
f 2413 2416 2417
f 2418 2413 2417
f 2413 2418 2419
f 2419 2420 2413
f 2420 2419 2421
f 2422 2420 2421
f 2422 2415 2420
f 2423 2424 2422
f 2421 2423 2422
f 2424 2415 2422
f 2425 2415 2424
f 2424 2426 2425
f 2424 2427 2426
f 2424 2423 2427
f 2423 2428 2427
f 2428 2426 2427
f 2428 2429 2430
f 2429 2428 2431
f 2426 2428 2430
f 2428 2423 2431
f 2429 2431 2432
f 2423 2432 2431
f 2433 2429 2432
f 2432 2423 2421
f 2421 2433 2432
f 2434 2433 2435
f 2429 2433 2434
f 2433 2421 2419
f 2419 2435 2433
f 2435 2418 2436
f 2436 2437 2435
f 2435 2419 2418
f 2434 2435 2437
f 2436 2438 2437
f 2438 2434 2437
f 2434 2438 2440
f 2438 2441 2439
f 2439 2440 2438
f 2436 2441 2438
f 2441 2442 2443
f 2436 2442 2441
f 2443 2439 2441
f 2415 2443 2414
f 2443 2415 2444
f 2443 2416 2414
f 2416 2443 2442
f 2443 2444 2439
f 2415 2425 2444
f 2445 2439 2444
f 2444 2425 2445
f 2440 2445 2446
f 2430 2446 2445
f 2426 2445 2425
f 2430 2445 2426
f 2445 2440 2439
f 2429 2440 2446
f 2446 2430 2429
f 2436 2416 2442
f 2440 2429 2434
f 2436 2417 2416
f 2418 2417 2436
f 2447 2449 2448
f 2447 2448 2451
f 2450 2449 2447
f 2450 2447 2452
f 2452 2447 2451
f 2454 2450 2452
f 2453 2452 2451
f 2453 2454 2452
f 2450 2454 2455
f 2453 2456 2454
f 2454 2457 2455
f 2457 2454 2456
f 2456 2458 2457
f 2459 2457 2458
f 2457 2461 2455
f 2457 2459 2460
f 2461 2457 2460
f 2460 2462 2461
f 2463 2461 2462
f 2461 2463 2464
f 2455 2461 2464
f 2449 2450 2464
f 2464 2450 2455
f 2463 2449 2464
f 2462 2465 2463
f 2465 2449 2463
f 2449 2465 2466
f 2465 2467 2466
f 2467 2465 2468
f 2465 2462 2468
f 2462 2469 2468
f 2469 2467 2468
f 2469 2459 2470
f 2459 2469 2471
f 2467 2469 2470
f 2469 2462 2471
f 2462 2460 2471
f 2459 2471 2460
f 2472 2470 2473
f 2470 2472 2467
f 2473 2470 2459
f 2473 2474 2472
f 2458 2473 2459
f 2474 2473 2458
f 2458 2475 2474
f 2475 2476 2474
f 2476 2472 2474
f 2476 2477 2448
f 2476 2478 2477
f 2448 2479 2476
f 2476 2475 2478
f 2472 2476 2479
f 2479 2466 2472
f 2449 2466 2479
f 2448 2449 2479
f 2475 2453 2478
f 2478 2453 2477
f 2451 2448 2477
f 2453 2451 2477
f 2453 2475 2480
f 2475 2458 2480
f 2453 2480 2456
f 2458 2456 2480
f 2467 2472 2466
f 2481 2484 2482
f 2483 2481 2482
f 2486 2481 2483
f 2485 2484 2481
f 2485 2481 2486
f 2486 2483 2487
f 2489 2486 2487
f 2486 2488 2485
f 2489 2488 2486
f 2490 2489 2491
f 2489 2490 2492
f 2487 2491 2489
f 2492 2488 2489
f 2493 2492 2490
f 2494 2492 2493
f 2494 2495 2492
f 2492 2495 2488
f 2496 2495 2494
f 2495 2496 2498
f 2488 2495 2497
f 2498 2497 2495
f 2501 2498 2496
f 2498 2500 2499
f 2497 2498 2499
f 2498 2501 2500
f 2503 2501 2502
f 2502 2501 2496
f 2501 2503 2504
f 2504 2500 2501
f 2506 2500 2504
f 2504 2503 2505
f 2505 2506 2504
f 2509 2506 2505
f 2507 2510 2506
f 2507 2506 2508
f 2508 2506 2509
f 2500 2506 2510
f 2512 2511 2510
f 2500 2510 2511
f 2510 2507 2512
f 2511 2512 2513
f 2514 2513 2512
f 2507 2514 2512
f 2514 2507 2515
f 2515 2517 2514
f 2513 2514 2516
f 2517 2516 2514
f 2517 2515 2518
f 2521 2517 2518
f 2516 2517 2519
f 2520 2519 2517
f 2517 2521 2520
f 2522 2523 2521
f 2521 2518 2522
f 2524 2521 2523
f 2521 2524 2525
f 2525 2520 2521
f 2525 2526 2528
f 2526 2525 2527
f 2525 2529 2527
f 2520 2525 2528
f 2524 2529 2525
f 2529 2530 2531
f 2524 2530 2529
f 2531 2532 2529
f 2532 2527 2529
f 2527 2532 2535
f 2532 2533 2535
f 2534 2533 2532
f 2531 2534 2532
f 2535 2536 2526
f 2535 2537 2536
f 2526 2527 2535
f 2533 2537 2535
f 2537 2539 2538
f 2541 2537 2538
f 2539 2537 2533
f 2537 2541 2540
f 2537 2540 2536
f 2541 2543 2542
f 2542 2540 2541
f 2538 2543 2541
f 2544 2542 2543
f 2543 2545 2544
f 2546 2545 2543
f 2546 2543 2547
f 2543 2538 2547
f 2548 2546 2547
f 2547 2549 2548
f 2549 2547 2538
f 2550 2549 2538
f 2551 2549 2550
f 2551 2552 2549
f 2549 2552 2548
f 2553 2548 2552
f 2552 2554 2553
f 2554 2552 2551
f 2556 2554 2551
f 2554 2555 2557
f 2555 2554 2556
f 2557 2553 2554
f 2559 2557 2558
f 2558 2557 2560
f 2553 2557 2559
f 2557 2555 2560
f 2563 2558 2560
f 2560 2555 2561
f 2562 2560 2561
f 2560 2562 2563
f 2558 2563 2566
f 2564 2563 2562
f 2563 2564 2565
f 2565 2566 2563
f 2567 2558 2566
f 2568 2567 2566
f 2569 2568 2566
f 2566 2565 2569
f 2568 2569 2573
f 2570 2573 2569
f 2569 2571 2570
f 2569 2572 2571
f 2569 2565 2572
f 2573 2574 2568
f 2574 2573 2575
f 2576 2575 2573
f 2573 2570 2576
f 2578 2575 2576
f 2570 2577 2576
f 2577 2578 2576
f 2581 2579 2578
f 2578 2579 2580
f 2580 2575 2578
f 2578 2577 2581
f 2581 2583 2582
f 2579 2581 2582
f 2577 2583 2581
f 2587 2583 2577
f 2584 2585 2583
f 2584 2583 2588
f 2585 2586 2583
f 2586 2582 2583
f 2587 2588 2583
f 2590 2589 2588
f 2584 2588 2589
f 2588 2590 2596
f 2590 2588 2591
f 2588 2592 2590
f 2588 2595 2584
f 2588 2584 2594
f 2588 2587 2591
f 2592 2588 2593
f 2588 2594 2593
f 2595 2588 2597
f 2597 2588 2596
f 2598 2597 2596
f 2597 2598 2599
f 2597 2600 2595
f 2600 2597 2599
f 2600 2603 2601
f 2601 2595 2600
f 2602 2600 2604
f 2603 2600 2602
f 2604 2600 2599
f 2605 2606 2604
f 2604 2598 2605
f 2598 2604 2599
f 2606 2602 2604
f 2606 2607 2602
f 2608 2607 2606
f 2606 2605 2609
f 2609 2608 2606
f 2605 2611 2609
f 2610 2609 2611
f 2610 2612 2609
f 2608 2609 2612
f 2592 2613 2612
f 2614 2612 2613
f 2612 2614 2608
f 2592 2612 2610
f 2614 2615 2608
f 2616 2615 2614
f 2593 2616 2614
f 2593 2614 2592
f 2592 2614 2613
f 2616 2617 2615
f 2618 2617 2616
f 2616 2594 2618
f 2594 2616 2593
f 2618 2619 2617
f 2621 2619 2618
f 2620 2618 2594
f 2620 2621 2618
f 2621 2622 2623
f 2622 2621 2624
f 2623 2619 2621
f 2624 2621 2620
f 2624 2625 2622
f 2620 2625 2624
f 2626 2625 2628
f 2625 2626 2631
f 2629 2627 2625
f 2627 2628 2625
f 2625 2620 2628
f 2628 2630 2625
f 2625 2629 2622
f 2630 2629 2625
f 2625 2632 2629
f 2632 2625 2631
f 2634 2632 2633
f 2631 2633 2632
f 2632 2634 2635
f 2635 2629 2632
f 2636 2638 2635
f 2635 2637 2636
f 2634 2637 2635
f 2638 2629 2635
f 2638 2622 2629
f 2622 2638 2639
f 2641 2639 2638
f 2629 2638 2640
f 2638 2642 2640
f 2629 2643 2638
f 2644 2641 2638
f 2638 2641 2642
f 2641 2638 2636
f 2638 2643 2644
f 2644 2646 2645
f 2644 2645 2647
f 2643 2646 2644
f 2641 2644 2647
f 2647 2645 2648
f 2649 2647 2648
f 2647 2649 2650
f 2650 2641 2647
f 2649 2651 2650
f 2650 2651 2652
f 2641 2650 2652
f 2653 2659 2652
f 2654 2653 2652
f 2651 2654 2652
f 2652 2659 2641
f 2652 2655 2641
f 2652 2641 2636
f 2652 2656 2655
f 2658 2656 2652
f 2636 2657 2652
f 2652 2657 2658
f 2659 2660 2661
f 2660 2659 2662
f 2661 2641 2659
f 2659 2663 2662
f 2663 2659 2653
f 2665 2663 2664
f 2653 2664 2663
f 2665 2660 2663
f 2663 2660 2662
f 2666 2660 2665
f 2665 2668 2666
f 2667 2665 2664
f 2668 2665 2667
f 2668 2667 2671
f 2668 2669 2670
f 2669 2668 2671
f 2670 2666 2668
f 2671 2667 2672
f 2672 2645 2671
f 2669 2671 2645
f 2645 2672 2648
f 2648 2672 2649
f 2667 2673 2672
f 2649 2672 2673
f 2673 2667 2664
f 2664 2654 2673
f 2654 2651 2673
f 2651 2649 2673
f 2674 2670 2669
f 2670 2674 2676
f 2666 2670 2675
f 2676 2675 2670
f 2619 2676 2617
f 2675 2676 2619
f 2617 2676 2677
f 2677 2676 2674
f 2617 2677 2615
f 2615 2677 2607
f 2677 2674 2603
f 2607 2677 2603
f 2678 2675 2623
f 2619 2623 2675
f 2675 2678 2666
f 2623 2639 2678
f 2660 2666 2678
f 2661 2678 2639
f 2678 2661 2660
f 2674 2669 2646
f 2601 2674 2679
f 2674 2646 2679
f 2674 2601 2603
f 2679 2680 2601
f 2680 2679 2630
f 2679 2643 2630
f 2646 2643 2679
f 2630 2628 2680
f 2584 2680 2628
f 2595 2601 2680
f 2680 2584 2595
f 2669 2645 2646
f 2664 2653 2654
f 2639 2641 2661
f 2658 2681 2682
f 2681 2658 2657
f 2682 2656 2658
f 2683 2682 2681
f 2682 2683 2686
f 2684 2682 2686
f 2682 2684 2685
f 2656 2682 2685
f 2687 2686 2683
f 2690 2686 2687
f 2688 2686 2690
f 2686 2688 2689
f 2686 2689 2684
f 2691 2690 2692
f 2691 2688 2690
f 2690 2693 2692
f 2693 2690 2687
f 2692 2693 2694
f 2694 2693 2695
f 2687 2695 2693
f 2695 2687 2696
f 2696 2699 2695
f 2695 2697 2698
f 2695 2699 2697
f 2700 2695 2698
f 2700 2694 2695
f 2700 2701 2694
f 2701 2700 2702
f 2703 2702 2700
f 2700 2698 2703
f 2698 2704 2703
f 2704 2706 2703
f 2705 2702 2703
f 2705 2703 2706
f 2707 2706 2708
f 2706 2707 2710
f 2709 2708 2706
f 2706 2710 2705
f 2706 2704 2709
f 2710 2712 2711
f 2711 2705 2710
f 2712 2710 2707
f 2707 2713 2712
f 2712 2713 2714
f 2711 2712 2715
f 2714 2715 2712
f 2716 2718 2715
f 2715 2717 2716
f 2717 2715 2714
f 2715 2718 2711
f 2718 2721 2719
f 2718 2719 2711
f 2720 2721 2718
f 2718 2716 2720
f 2723 2719 2721
f 2721 2720 2722
f 2722 2723 2721
f 2719 2723 2726
f 2725 2724 2723
f 2724 2726 2723
f 2725 2723 2722
f 2726 2727 2728
f 2726 2724 2727
f 2726 2705 2719
f 2705 2726 2728
f 2702 2705 2728
f 2728 2729 2702
f 2727 2729 2728
f 2727 2730 2729
f 2729 2730 2701
f 2729 2701 2702
f 2730 2727 2731
f 2732 2730 2731
f 2730 2733 2701
f 2732 2733 2730
f 2733 2694 2701
f 2694 2733 2736
f 2733 2732 2734
f 2733 2734 2735
f 2733 2735 2736
f 2694 2736 2692
f 2735 2737 2736
f 2736 2737 2738
f 2692 2736 2738
f 2692 2738 2691
f 2738 2739 2691
f 2737 2739 2738
f 2739 2741 2740
f 2739 2740 2743
f 2741 2739 2737
f 2691 2739 2742
f 2743 2742 2739
f 2740 2746 2743
f 2743 2745 2744
f 2744 2742 2743
f 2745 2743 2746
f 2746 2740 2747
f 2747 2748 2746
f 2745 2746 2749
f 2746 2748 2749
f 2509 2749 2751
f 2749 2509 2750
f 2749 2750 2745
f 2748 2751 2749
f 2751 2748 2754
f 2508 2751 2752
f 2751 2753 2752
f 2753 2751 2754
f 2751 2508 2509
f 2754 2755 2753
f 2755 2754 2756
f 2757 2756 2754
f 2754 2748 2757
f 2757 2758 2756
f 2759 2758 2757
f 2757 2760 2759
f 2760 2757 2748
f 2762 2759 2760
f 2761 2760 2747
f 2760 2761 2762
f 2748 2747 2760
f 2763 2764 2762
f 2762 2765 2763
f 2759 2762 2764
f 2765 2762 2761
f 2766 2763 2765
f 2761 2768 2765
f 2765 2767 2766
f 2767 2765 2768
f 2770 2769 2768
f 2768 2769 2771
f 2768 2741 2770
f 2768 2761 2741
f 2767 2768 2771
f 2767 2771 2772
f 2774 2772 2771
f 2771 2769 2773
f 2771 2773 2774
f 2775 2776 2774
f 2774 2777 2775
f 2772 2774 2776
f 2777 2774 2773
f 2778 2779 2777
f 2777 2780 2778
f 2779 2775 2777
f 2773 2780 2777
f 2780 2773 2781
f 2781 2782 2780
f 2780 2782 2783
f 2783 2778 2780
f 2784 2785 2783
f 2782 2784 2783
f 2785 2786 2783
f 2786 2778 2783
f 2785 2787 2786
f 2778 2786 2789
f 2787 2790 2786
f 2786 2788 2789
f 2788 2786 2790
f 2791 2790 2792
f 2790 2791 2788
f 2787 2792 2790
f 2792 2793 2794
f 2793 2792 2795
f 2794 2791 2792
f 2792 2787 2795
f 2797 2793 2795
f 2796 2795 2787
f 2796 2797 2795
f 2798 2797 2799
f 2797 2798 2793
f 2797 2717 2799
f 2800 2717 2797
f 2796 2800 2797
f 2801 2717 2800
f 2802 2801 2800
f 2803 2802 2800
f 2800 2796 2803
f 2803 2804 2806
f 2796 2804 2803
f 2802 2803 2805
f 2805 2803 2806
f 2806 2807 2725
f 2806 2725 2808
f 2807 2806 2804
f 2805 2806 2808
f 2808 2809 2805
f 2808 2725 2722
f 2809 2808 2722
f 2802 2809 2801
f 2809 2716 2801
f 2809 2802 2805
f 2720 2809 2722
f 2716 2809 2720
f 2807 2784 2724
f 2807 2724 2725
f 2807 2785 2784
f 2807 2804 2785
f 2796 2787 2804
f 2804 2787 2785
f 2717 2801 2716
f 2717 2811 2799
f 2799 2810 2798
f 2810 2799 2811
f 2811 2717 2714
f 2714 2813 2811
f 2811 2812 2810
f 2812 2811 2813
f 2814 2815 2813
f 2813 2812 2814
f 2813 2819 2812
f 2813 2714 2713
f 2813 2713 2817
f 2813 2816 2713
f 2816 2813 2815
f 2813 2817 2818
f 2819 2813 2818
f 2822 2820 2819
f 2821 2819 2820
f 2819 2818 2822
f 2819 2821 2823
f 2823 2812 2819
f 2825 2812 2823
f 2812 2823 2827
f 2824 2823 2821
f 2824 2825 2823
f 2823 2824 2826
f 2826 2827 2823
f 2814 2828 2827
f 2829 2827 2828
f 2829 2826 2827
f 2826 2820 2827
f 2827 2814 2812
f 2827 2822 2814
f 2822 2827 2820
f 2828 2832 2829
f 2832 2830 2829
f 2829 2830 2831
f 2826 2829 2831
f 2833 2832 2834
f 2832 2833 2835
f 2832 2828 2834
f 2835 2836 2832
f 2830 2832 2836
f 2830 2836 2837
f 2836 2838 2837
f 2835 2838 2836
f 2839 2838 2840
f 2838 2839 2841
f 2840 2838 2835
f 2841 2842 2838
f 2838 2842 2843
f 2844 2838 2843
f 2837 2838 2844
f 2843 2847 2844
f 2837 2844 2845
f 2844 2846 2845
f 2846 2844 2847
f 2849 2846 2847
f 2842 2848 2847
f 2847 2848 2849
f 2847 2843 2842
f 2849 2850 2851
f 2853 2850 2849
f 2851 2852 2849
f 2852 2846 2849
f 2853 2849 2848
f 2854 2853 2855
f 2854 2850 2853
f 2856 2855 2853
f 2853 2859 2856
f 2848 2857 2853
f 2858 2853 2857
f 2853 2858 2859
f 2859 2858 2861
f 2859 2860 2856
f 2860 2859 2862
f 2859 2861 2862
f 2863 2862 2861
f 2862 2863 2865
f 2864 2860 2862
f 2864 2862 2865
f 2865 2863 2866
f 2865 2866 2867
f 2867 2868 2865
f 2865 2868 2864
f 2868 2869 2871
f 2869 2868 2870
f 2870 2868 2873
f 2868 2871 2864
f 2872 2868 2867
f 2868 2872 2873
f 2873 2874 2878
f 2874 2873 2877
f 2875 2873 2872
f 2873 2875 2876
f 2876 2877 2873
f 2873 2878 2870
f 2878 2869 2870
f 2869 2878 2880
f 2879 2880 2878
f 2878 2874 2879
f 2880 2879 2881
f 2881 2882 2880
f 2883 2880 2882
f 2880 2883 2869
f 2883 2884 2885
f 2882 2884 2883
f 2883 2871 2869
f 2871 2883 2885
f 2856 2871 2885
f 2855 2856 2885
f 2885 2884 2855
f 2884 2882 2886
f 2884 2886 2854
f 2855 2884 2854
f 2882 2851 2886
f 2886 2851 2854
f 2851 2882 2852
f 2882 2881 2852
f 2881 2845 2846
f 2845 2881 2879
f 2846 2852 2881
f 2879 2874 2887
f 2887 2837 2879
f 2845 2879 2837
f 2888 2837 2887
f 2889 2888 2887
f 2874 2889 2887
f 2888 2889 2891
f 2890 2891 2889
f 2892 2890 2889
f 2889 2874 2892
f 2877 2892 2874
f 2892 2877 2893
f 2892 2893 2894
f 2890 2892 2894
f 2895 2896 2894
f 2893 2895 2894
f 2897 2894 2896
f 2898 2894 2897
f 2890 2894 2898
f 2897 2899 2898
f 2899 2900 2898
f 2890 2898 2900
f 2900 2902 2901
f 2901 2890 2900
f 2902 2900 2903
f 2900 2899 2903
f 2903 2904 2902
f 2904 2903 2905
f 2905 2903 2906
f 2903 2899 2906
f 2897 2906 2899
f 2897 2907 2906
f 2906 2907 2908
f 2908 2905 2906
f 2904 2908 2758
f 2908 2904 2905
f 2758 2908 2756
f 2907 2756 2908
f 2907 2897 2909
f 2910 2907 2909
f 2755 2907 2910
f 2756 2907 2755
f 2912 2910 2909
f 2753 2910 2911
f 2910 2753 2755
f 2910 2912 2911
f 2912 2913 2915
f 2913 2912 2896
f 2909 2896 2912
f 2914 2911 2912
f 2912 2915 2914
f 2917 2914 2915
f 2915 2916 2917
f 2913 2916 2915
f 2917 2921 2914
f 2918 2920 2917
f 2918 2917 2919
f 2919 2917 2916
f 2921 2917 2920
f 2920 2922 2921
f 2921 2911 2914
f 2911 2921 2753
f 2921 2752 2753
f 2752 2921 2922
f 2922 2508 2752
f 2922 2924 2923
f 2508 2922 2923
f 2924 2922 2925
f 2922 2920 2925
f 2522 2925 2927
f 2925 2522 2924
f 2926 2925 2920
f 2925 2926 2927
f 2927 2523 2522
f 2523 2927 2929
f 2928 2927 2926
f 2927 2928 2929
f 2929 2930 2523
f 2928 2930 2929
f 2530 2524 2930
f 2931 2530 2930
f 2524 2523 2930
f 2930 2928 2931
f 2928 2932 2931
f 2932 2933 2931
f 2530 2931 2933
f 2933 2932 2934
f 2933 2934 2935
f 2933 2531 2530
f 2531 2933 2935
f 2934 2936 2935
f 2936 2937 2935
f 2935 2534 2531
f 2534 2935 2937
f 2937 2938 2940
f 2938 2937 2941
f 2937 2939 2534
f 2939 2937 2940
f 2936 2941 2937
f 2936 2942 2941
f 2943 2941 2942
f 2941 2943 2938
f 2943 2944 2938
f 2944 2943 2945
f 2946 2945 2943
f 2943 2947 2946
f 2947 2943 2942
f 2948 2947 2942
f 2947 2948 2951
f 2949 2947 2951
f 2949 2950 2947
f 2950 2946 2947
f 2952 2949 2951
f 2951 2953 2952
f 2953 2951 2948
f 2956 2953 2954
f 2954 2953 2955
f 2956 2952 2953
f 2948 2955 2953
f 2957 2952 2956
f 2956 2958 2957
f 2958 2956 2959
f 2954 2959 2956
f 2960 2959 2954
f 2959 2960 2962
f 2959 2961 2958
f 2961 2959 2919
f 2962 2919 2959
f 2960 2963 2962
f 2919 2962 2918
f 2963 2918 2962
f 2963 2960 2932
f 2963 2926 2918
f 2926 2963 2928
f 2963 2932 2928
f 2964 2958 2961
f 2965 2964 2961
f 2965 2961 2916
f 2916 2961 2919
f 2964 2965 2966
f 2913 2965 2916
f 2965 2913 2966
f 2895 2966 2913
f 2895 2967 2966
f 2968 2966 2967
f 2966 2968 2964
f 2969 2968 2970
f 2968 2969 2971
f 2967 2970 2968
f 2971 2964 2968
f 2969 2957 2971
f 2971 2957 2958
f 2964 2971 2958
f 2970 2974 2969
f 2970 2967 2972
f 2972 2973 2970
f 2974 2970 2973
f 2975 2976 2974
f 2975 2974 2973
f 2974 2977 2969
f 2976 2977 2974
f 2976 2978 2977
f 2979 2977 2978
f 2977 2979 2980
f 2977 2980 2969
f 2957 2969 2980
f 2980 2981 2957
f 2981 2980 2979
f 2979 2982 2981
f 2981 2982 2949
f 2949 2952 2981
f 2957 2981 2952
f 2950 2982 2983
f 2984 2983 2982
f 2979 2984 2982
f 2982 2950 2949
f 2984 2985 2983
f 2986 2985 2984
f 2978 2986 2984
f 2978 2984 2979
f 2986 2989 2985
f 2987 2989 2986
f 2986 2988 2987
f 2988 2986 2978
f 2989 2990 2985
f 2989 2991 2990
f 2989 2992 2991
f 2992 2989 2993
f 2987 2994 2989
f 2993 2989 2994
f 2987 2995 2994
f 2995 2996 2994
f 2994 2996 2997
f 2993 2994 2997
f 2997 2996 2998
f 3000 2997 2998
f 2999 2993 2997
f 2997 3000 2999
f 3001 2999 3000
f 3001 3000 3002
f 2998 3002 3000
f 3002 3004 3001
f 3002 2998 3003
f 3003 3005 3002
f 3005 3004 3002
f 3005 3003 3006
f 3006 3007 3005
f 3009 3005 3007
f 3005 3008 3004
f 3005 3009 3008
f 3010 3011 3009
f 3013 3010 3009
f 3009 3011 3012
f 3009 3012 3008
f 3009 3007 3013
f 3013 3014 3015
f 3014 3013 3007
f 3015 3016 3013
f 3010 3013 3016
f 3016 3015 3019
f 3018 3016 3017
f 3019 3017 3016
f 3016 3018 3010
f 3020 3019 3015
f 3019 3020 3022
f 3023 3019 3021
f 3022 3021 3019
f 3019 3023 3017
f 3023 3024 3026
f 3024 3023 3025
f 3021 3025 3023
f 3026 3017 3023
f 3017 3026 3018
f 3026 3028 3018
f 3026 3027 3028
f 3026 3029 3027
f 3029 3026 3024
f 3029 3030 3031
f 3030 3029 3032
f 3031 3027 3029
f 3024 3032 3029
f 3032 3035 3030
f 3032 3024 3033
f 3033 3034 3032
f 3035 3032 3034
f 3030 3035 3036
f 3038 3036 3035
f 3035 3037 3038
f 3034 3037 3035
f 3040 3038 3039
f 3041 3039 3038
f 3038 3040 3036
f 3041 3038 3037
f 3037 3042 3041
f 3043 3041 3042
f 3039 3041 3043
f 3042 3044 3043
f 3039 3043 3044
f 3044 3047 3039
f 3044 3042 3046
f 3046 3045 3044
f 3047 3044 3045
f 3045 3048 3047
f 3049 3047 3048
f 3040 3047 3049
f 3047 3040 3039
f 3048 3051 3049
f 3052 3049 3050
f 3050 3049 3051
f 3049 3052 3040
f 3052 3036 3040
f 3053 3055 3052
f 3052 3054 3053
f 3054 3052 3050
f 3036 3052 3055
f 3036 3055 3030
f 3056 3055 3057
f 3055 3056 3031
f 3031 3030 3055
f 3055 3053 3057
f 3057 3058 3056
f 3058 3057 3059
f 3057 3060 3059
f 3060 3057 3053
f 3061 3059 3060
f 3054 3060 3053
f 3062 3061 3060
f 3060 3054 3062
f 3065 3062 3063
f 3064 3063 3062
f 3062 3054 3064
f 3061 3062 3065
f 3067 3061 3065
f 3063 3066 3065
f 3067 3065 3066
f 3067 3068 3069
f 3066 3068 3067
f 3069 3070 3067
f 3061 3067 3070
f 3071 3070 3073
f 3070 3071 3061
f 3070 3069 3072
f 3072 3073 3070
f 3073 3075 3074
f 3074 3071 3073
f 3075 3073 3076
f 3073 3072 3076
f 3076 3077 3075
f 3077 3076 3078
f 3076 3079 3078
f 3076 3072 3079
f 3079 3080 3078
f 3080 3079 3082
f 3072 3083 3079
f 3079 3081 3082
f 3081 3079 3083
f 3084 3085 3083
f 3069 3084 3083
f 3083 3085 3081
f 3083 3072 3069
f 3084 3087 3085
f 3081 3085 3086
f 3085 3088 3086
f 3088 3085 3087
f 3089 3086 3088
f 3089 3088 3090
f 3087 3090 3088
f 3090 3094 3089
f 3090 3087 3091
f 3092 3090 3091
f 3092 3093 3090
f 3090 3093 3094
f 3093 3095 3094
f 3095 3096 3094
f 3094 3096 3098
f 3094 3098 3097
f 3089 3094 3097
f 3098 3099 3097
f 3099 3098 2833
f 3098 2835 2833
f 2835 3098 3100
f 3096 3100 3098
f 3102 3100 3101
f 3100 3096 3101
f 3100 2840 2835
f 2840 3100 3102
f 3102 2839 2840
f 3104 2839 3102
f 3101 3103 3102
f 3103 3104 3102
f 3105 3104 3107
f 3105 3106 3104
f 3106 2839 3104
f 3104 3108 3107
f 3108 3104 3103
f 3109 3108 3103
f 3108 3109 3112
f 3110 3108 3111
f 3108 3110 3107
f 3112 3111 3108
f 3111 3112 3113
f 3113 3112 3115
f 3114 3115 3112
f 3112 3109 3114
f 3115 3116 3117
f 3116 3115 3118
f 3115 3117 3113
f 3114 3118 3115
f 3118 3120 3116
f 3095 3118 3114
f 3093 3118 3095
f 3118 3093 3119
f 3119 3120 3118
f 3121 3120 3122
f 3123 3120 3121
f 3120 3125 3122
f 3123 3116 3120
f 3092 3120 3119
f 3120 3092 3124
f 3125 3120 3124
f 3125 3127 3126
f 3125 3126 3122
f 3125 3128 3127
f 3128 3125 3124
f 3129 3127 3128
f 3130 3129 3128
f 3131 3130 3128
f 3092 3128 3124
f 3128 3092 3091
f 3131 3128 3087
f 3091 3087 3128
f 3132 3130 3131
f 3068 3132 3131
f 3084 3131 3087
f 3068 3131 3084
f 3066 3132 3068
f 3132 3066 3134
f 3132 3133 3130
f 3134 3133 3132
f 3133 3134 3135
f 3136 3135 3134
f 3134 3063 3136
f 3063 3134 3066
f 3138 3136 3137
f 3136 3064 3137
f 3136 3138 3135
f 3064 3136 3063
f 3139 3138 3140
f 3138 3139 3141
f 3137 3140 3138
f 3141 3135 3138
f 3142 3141 3139
f 3141 3142 3143
f 3143 3144 3141
f 3135 3141 3144
f 3133 3144 3145
f 3146 3145 3144
f 3144 3143 3146
f 3144 3133 3135
f 3145 3146 3148
f 3146 3147 3149
f 3147 3146 3143
f 3149 3148 3146
f 3150 3151 3149
f 3150 3149 3147
f 3148 3149 3152
f 3151 3152 3149
f 3148 3152 3153
f 3152 3154 3153
f 3152 3155 3154
f 3155 3152 3151
f 3156 3154 3155
f 3159 3156 3155
f 3157 3155 3151
f 3155 3157 3158
f 3155 3158 3159
f 3156 3159 3160
f 2998 3159 3158
f 3159 2998 2996
f 2996 3160 3159
f 3160 3162 3156
f 3160 2996 2995
f 3161 3162 3160
f 2995 3161 3160
f 3163 3156 3162
f 3162 3165 3163
f 3161 3164 3162
f 3164 3165 3162
f 3164 3166 3165
f 3165 3166 3167
f 3165 3167 3163
f 3166 3168 3167
f 3169 3167 3168
f 3167 3169 3170
f 3167 3170 3163
f 3172 3171 3170
f 3173 3170 3171
f 3172 3170 3169
f 3170 3173 3163
f 3153 3173 3127
f 3153 3154 3173
f 3173 3171 3127
f 3174 3163 3173
f 3154 3174 3173
f 3156 3163 3174
f 3154 3156 3174
f 3171 3172 3126
f 3175 3126 3172
f 3169 3175 3172
f 3169 3176 3175
f 3176 3122 3175
f 3126 3175 3122
f 3176 3169 3180
f 3178 3176 3177
f 3177 3176 3179
f 3178 3122 3176
f 3179 3176 3180
f 3168 3180 3169
f 3168 3181 3180
f 3183 3180 3181
f 3183 3182 3180
f 3182 3179 3180
f 3184 3183 3181
f 3186 3183 3184
f 3186 3185 3183
f 3185 3182 3183
f 3186 3187 3185
f 3187 3186 3188
f 3189 3186 3184
f 3186 3189 3188
f 3189 2975 3190
f 3190 3188 3189
f 2975 3189 3191
f 3184 3191 3189
f 3191 3194 2975
f 3194 3191 3192
f 3193 3192 3191
f 3191 3184 3193
f 2976 2975 3194
f 3164 3194 3192
f 3195 2976 3194
f 3194 3164 3195
f 3196 2988 3195
f 3195 3161 3196
f 3161 3195 3164
f 2976 3195 2988
f 2988 3196 2987
f 2995 2987 3196
f 2995 3196 3161
f 3184 3197 3193
f 3197 3192 3193
f 3181 3197 3184
f 3197 3181 3168
f 3168 3166 3197
f 3192 3197 3166
f 3164 3192 3166
f 3188 3190 2875
f 3190 2876 2875
f 2876 3190 2973
f 3190 2975 2973
f 2875 3187 3188
f 2875 2872 3187
f 2872 3198 3187
f 3198 3185 3187
f 2867 3199 3198
f 3199 3200 3198
f 3198 3200 3185
f 2872 2867 3198
f 3199 3202 3200
f 3182 3185 3200
f 3200 3201 3182
f 3201 3200 3202
f 3202 3199 3204
f 3202 3205 3203
f 3203 3201 3202
f 3205 3202 3204
f 3206 3205 3207
f 3205 3206 3208
f 3208 3203 3205
f 3204 3207 3205
f 3206 3209 3208
f 3209 3210 3208
f 3203 3208 3210
f 3211 3213 3210
f 3210 3209 3211
f 3212 3210 3213
f 3210 3212 3203
f 3214 3213 3215
f 3213 3214 3216
f 3213 3211 3215
f 3216 3212 3213
f 3214 3219 3216
f 3217 3216 3219
f 3216 3217 3218
f 3212 3216 3218
f 3221 3220 3219
f 3222 3219 3220
f 3219 3214 3221
f 3219 3222 3217
f 3220 3223 3222
f 3222 3123 3121
f 3222 3121 3217
f 3223 3123 3222
f 3223 3220 3224
f 3225 3223 3224
f 3226 3123 3223
f 3223 3225 3226
f 3116 3123 3226
f 3226 3117 3116
f 3226 3227 3117
f 3227 3226 3225
f 3117 3227 3229
f 3225 3228 3227
f 3227 3228 3230
f 3230 3229 3227
f 3231 3230 3232
f 3231 3229 3230
f 3232 3230 3228
f 3228 3233 3232
f 3234 3232 3233
f 3235 3232 3234
f 3232 3235 3231
f 3236 3231 3235
f 3235 3237 3236
f 3237 3235 3238
f 3234 3238 3235
f 3238 3240 3237
f 3240 3238 3239
f 3234 3239 3238
f 3241 3240 3242
f 3240 3241 3237
f 3240 3243 3242
f 3243 3240 3244
f 3239 3244 3240
f 3244 3239 3245
f 3245 3246 3244
f 3244 3246 3247
f 3244 3247 3243
f 3246 3248 3247
f 3248 3249 3247
f 3250 3247 3249
f 3247 3250 3243
f 3252 3243 3250
f 3249 3251 3250
f 3253 3250 3251
f 3250 3253 3252
f 3254 3252 3253
f 3256 3254 3253
f 3255 3253 3251
f 3253 3255 3256
f 3255 3257 3256
f 3259 3256 3257
f 3254 3256 3258
f 3256 3259 3258
f 3259 3262 3258
f 3257 3263 3259
f 3259 3260 3261
f 3260 3259 3263
f 3262 3259 3261
f 3265 3263 3264
f 3266 3264 3263
f 3263 3265 3260
f 3263 3257 3266
f 3266 3267 3268
f 3267 3266 3257
f 3268 3269 3266
f 3264 3266 3269
f 3269 3268 3270
f 3270 3272 3269
f 3269 3271 3264
f 3271 3269 3272
f 3272 3270 3273
f 3273 3275 3272
f 3272 3274 3271
f 3274 3272 3275
f 3275 3277 3274
f 3278 3276 3275
f 3277 3275 3276
f 3275 3273 3278
f 3278 3280 3279
f 3279 3281 3278
f 3280 3278 3273
f 3276 3278 3281
f 3281 3279 3282
f 3282 3283 3281
f 3284 3281 3283
f 3281 3284 3276
f 3277 3284 3285
f 3284 3277 3276
f 3286 3285 3284
f 3284 3287 3286
f 3287 3284 3283
f 3287 3290 3286
f 3288 3287 3283
f 3287 3288 3289
f 3289 3291 3287
f 3290 3287 3291
f 3291 3293 3292
f 3292 3294 3291
f 3290 3291 3294
f 3291 3289 3293
f 3294 3245 3239
f 3239 3295 3294
f 3245 3294 3292
f 3294 3295 3290
f 3239 3234 3295
f 3295 3296 3290
f 3295 3234 3296
f 3234 3233 3296
f 3298 3290 3296
f 3297 3296 3233
f 3296 3297 3298
f 3290 3298 3286
f 3299 3298 3297
f 3298 3299 3285
f 3285 3286 3298
f 3277 3299 3300
f 3299 3277 3285
f 3301 3300 3299
f 3297 3301 3299
f 3224 3302 3301
f 3300 3301 3302
f 3303 3224 3301
f 3301 3297 3303
f 3224 3303 3225
f 3228 3225 3303
f 3303 3233 3228
f 3233 3303 3297
f 3220 3221 3302
f 3302 3224 3220
f 3304 3302 3221
f 3302 3304 3300
f 3304 3271 3274
f 3271 3304 3305
f 3274 3300 3304
f 3221 3305 3304
f 3305 3264 3271
f 3305 3221 3214
f 3215 3305 3214
f 3305 3215 3265
f 3264 3305 3265
f 3300 3274 3277
f 3293 3306 3308
f 3293 3307 3306
f 3307 3293 3289
f 3308 3292 3293
f 3309 3308 3310
f 3308 3309 3292
f 3311 3310 3308
f 3311 3308 3306
f 3248 3311 3312
f 3306 3312 3311
f 3311 3248 3313
f 3310 3311 3313
f 3313 3309 3310
f 3309 3313 3246
f 3246 3313 3248
f 3312 3316 3314
f 3248 3312 3314
f 3312 3306 3315
f 3316 3312 3315
f 3317 3316 3318
f 3317 3314 3316
f 3315 3318 3316
f 3318 3315 3319
f 3319 3320 3318
f 3318 3320 3321
f 3321 3317 3318
f 3321 3323 3322
f 3322 3317 3321
f 3323 3321 3324
f 3324 3321 3320
f 3325 3323 3324
f 3324 3280 3325
f 3324 3279 3280
f 3279 3324 3320
f 3327 3325 3280
f 3326 3323 3325
f 3325 3327 3326
f 3327 3273 3270
f 3268 3327 3270
f 3327 3268 3326
f 3273 3327 3280
f 3268 3328 3326
f 3328 3323 3326
f 3323 3328 3322
f 3328 3329 3322
f 3329 3328 3330
f 3267 3330 3328
f 3328 3268 3267
f 3329 3330 3331
f 3332 3331 3330
f 3255 3332 3330
f 3330 3267 3255
f 3249 3331 3332
f 3251 3249 3332
f 3332 3255 3251
f 3333 3329 3331
f 3249 3333 3331
f 3249 3248 3333
f 3248 3334 3333
f 3329 3333 3334
f 3334 3248 3314
f 3334 3322 3329
f 3322 3334 3317
f 3314 3317 3334
f 3320 3319 3335
f 3335 3279 3320
f 3319 3307 3335
f 3336 3335 3307
f 3282 3335 3336
f 3279 3335 3282
f 3307 3289 3336
f 3282 3336 3288
f 3288 3336 3289
f 3319 3306 3307
f 3306 3319 3315
f 3309 3245 3292
f 3246 3245 3309
f 3283 3282 3288
f 3257 3255 3267
f 3215 3260 3265
f 3337 3262 3338
f 3262 3337 3339
f 3339 3258 3262
f 3261 3338 3262
f 3340 3339 3337
f 3339 3340 3341
f 3258 3339 3254
f 3341 3254 3339
f 3340 3343 3341
f 3241 3341 3343
f 3341 3241 3342
f 3254 3341 3342
f 3343 3340 3344
f 3344 3236 3343
f 3343 3237 3241
f 3237 3343 3236
f 3340 3345 3344
f 3345 3346 3344
f 3236 3344 3346
f 3346 3345 3347
f 3231 3236 3346
f 3348 3346 3347
f 3346 3348 3231
f 3113 3348 3111
f 3347 3111 3348
f 3348 3113 3229
f 3229 3231 3348
f 3111 3347 3110
f 3347 3349 3110
f 3349 3347 3345
f 3349 3351 3350
f 3350 3105 3349
f 3105 3110 3349
f 3351 3349 3345
f 3351 3337 3352
f 3352 3350 3351
f 3337 3351 3340
f 3345 3340 3351
f 3207 3352 3206
f 3352 3338 3206
f 3352 3207 3353
f 3350 3352 3353
f 3338 3352 3337
f 3354 3353 3355
f 3353 3354 3350
f 3207 3355 3353
f 3355 2861 3354
f 3355 3207 3356
f 3356 2863 3355
f 2861 3355 2863
f 2863 3356 2866
f 3356 3199 2866
f 3199 3356 3204
f 3207 3204 3356
f 3105 3350 3354
f 3354 3106 3105
f 3106 3354 3357
f 2861 3357 3354
f 3357 3358 3359
f 3358 3357 2861
f 2841 3106 3357
f 3357 2842 2841
f 2842 3357 3361
f 3360 3357 3359
f 3357 3360 3361
f 3360 3362 3361
f 3362 2848 3361
f 2842 3361 2848
f 3362 3360 3363
f 3364 3362 3363
f 2857 2848 3362
f 3362 3364 2857
f 3364 3366 3365
f 3365 2857 3364
f 3366 3364 3363
f 3366 3363 3360
f 3359 3366 3360
f 3358 3366 3359
f 3365 3366 3358
f 2857 3365 2858
f 2861 3365 3358
f 3365 2861 2858
f 3242 3342 3241
f 3252 3254 3342
f 3342 3242 3252
f 3338 3261 3209
f 3209 3206 3338
f 3261 3211 3209
f 3211 3261 3260
f 3260 3215 3211
f 3243 3252 3242
f 3229 3113 3117
f 3218 3178 3177
f 3201 3218 3177
f 3217 3178 3218
f 3218 3201 3212
f 3217 3121 3178
f 3201 3203 3212
f 3177 3182 3201
f 2866 3199 2867
f 3182 3177 3179
f 3121 3122 3178
f 3171 3126 3127
f 3006 3158 3157
f 3158 3003 2998
f 3158 3006 3003
f 3151 3367 3157
f 3368 3157 3367
f 3157 3368 3006
f 3007 3006 3368
f 3007 3368 3014
f 3367 3014 3368
f 3014 3367 3369
f 3367 3151 3150
f 3150 3369 3367
f 3369 3015 3014
f 3015 3369 3020
f 3370 3020 3369
f 3369 3150 3370
f 3020 3370 3371
f 3147 3370 3150
f 3370 3147 3372
f 3372 3371 3370
f 3143 3372 3147
f 3372 3373 3371
f 3372 3143 3142
f 3373 3372 3374
f 3142 3374 3372
f 3374 3142 3375
f 3375 3376 3374
f 3374 3377 3373
f 3377 3374 3376
f 3376 3380 3377
f 3378 3373 3377
f 3377 3379 3378
f 3379 3377 3380
f 3381 3379 3380
f 3382 3381 3380
f 3380 3376 3382
f 3381 3382 3384
f 3382 3385 3383
f 3383 3384 3382
f 3385 3382 3376
f 3386 3383 3385
f 3385 3387 3386
f 3387 3385 3375
f 3376 3375 3385
f 3140 3387 3139
f 3375 3139 3387
f 3387 3140 3389
f 3387 3389 3388
f 3388 3386 3387
f 3390 3389 3140
f 3388 3389 3391
f 3389 3390 3391
f 3388 3391 3392
f 3051 3392 3391
f 3390 3051 3391
f 3395 3392 3393
f 3048 3393 3392
f 3392 3395 3394
f 3394 3388 3392
f 3392 3051 3048
f 3397 3394 3395
f 3393 3396 3395
f 3397 3395 3396
f 3394 3397 3399
f 3398 3397 3396
f 3398 3400 3397
f 3400 3399 3397
f 3399 3400 3383
f 3401 3400 3398
f 3402 3400 3401
f 3384 3383 3400
f 3400 3402 3384
f 3403 3384 3402
f 3404 3402 3401
f 3403 3402 3405
f 3402 3404 3405
f 3407 3406 3405
f 3406 3408 3405
f 3404 3407 3405
f 3405 3408 3403
f 3408 3381 3403
f 3408 3379 3381
f 3406 3379 3408
f 3410 3406 3407
f 3407 3409 3410
f 3409 3407 3411
f 3411 3407 3404
f 3412 3411 3404
f 3411 3412 3414
f 3413 3411 3414
f 3411 3413 3409
f 3414 3416 3413
f 3412 3415 3414
f 3416 3414 3415
f 3037 3413 3416
f 3416 3415 3046
f 3416 3046 3042
f 3042 3037 3416
f 3417 3046 3415
f 3415 3412 3417
f 3046 3417 3418
f 3398 3418 3417
f 3417 3401 3398
f 3401 3417 3412
f 3418 3045 3046
f 3045 3418 3393
f 3393 3418 3396
f 3418 3398 3396
f 3037 3409 3413
f 3401 3412 3404
f 3406 3410 3419
f 3420 3419 3410
f 3410 3421 3420
f 3421 3410 3409
f 3037 3034 3421
f 3409 3037 3421
f 3034 3420 3421
f 3419 3420 3422
f 3420 3034 3422
f 3422 3025 3419
f 3034 3033 3422
f 3025 3422 3033
f 3419 3423 3406
f 3423 3419 3025
f 3379 3406 3423
f 3423 3378 3379
f 3025 3021 3423
f 3378 3423 3021
f 3384 3403 3381
f 3383 3386 3399
f 3399 3388 3394
f 3388 3399 3386
f 3393 3048 3045
f 3140 3137 3390
f 3137 3424 3390
f 3051 3390 3424
f 3424 3137 3064
f 3054 3050 3424
f 3424 3064 3054
f 3051 3424 3050
f 3373 3378 3022
f 3021 3022 3378
f 3139 3375 3142
f 3022 3371 3373
f 3371 3022 3020
f 3129 3153 3127
f 3148 3153 3129
f 3145 3148 3129
f 3145 3129 3130
f 3133 3145 3130
f 3093 3092 3119
f 3109 3096 3114
f 3114 3096 3095
f 3110 3105 3107
f 3103 3101 3109
f 3109 3101 3096
f 3106 2841 2839
f 3425 3097 3099
f 3425 3099 3427
f 2833 3426 3099
f 3099 3426 3427
f 3427 3428 3429
f 3427 3426 3428
f 3431 3427 3429
f 3432 3427 3430
f 3430 3427 3431
f 3425 3427 3432
f 3430 3435 3432
f 3432 3434 3433
f 3433 3425 3432
f 3434 3432 3435
f 3435 3430 3438
f 3435 3436 3437
f 3436 3435 3438
f 3437 3434 3435
f 3438 3439 3440
f 3439 3438 3430
f 3440 3436 3438
f 3442 3440 3441
f 3440 3443 3441
f 3436 3440 3442
f 3443 3440 3439
f 3444 3443 3448
f 3443 3445 3444
f 3443 3444 3446
f 3445 3443 3439
f 3443 3441 3447
f 3446 3441 3443
f 3447 3448 3443
f 3449 3448 3452
f 3448 3449 3444
f 3455 3448 3447
f 3450 3447 3448
f 3448 3451 3450
f 3451 3448 3452
f 3452 3448 3453
f 3453 3448 3454
f 3448 3455 3454
f 3454 3455 3446
f 3456 3446 3455
f 3455 3457 3456
f 3457 3455 3458
f 3447 3458 3455
f 3458 3459 3457
f 3447 3460 3458
f 3447 3441 3458
f 3460 3459 3458
f 3459 3458 3461
f 3441 3461 3458
f 3442 3441 3461
f 3456 3461 3441
f 3461 3462 3442
f 3462 3461 3463
f 3461 3463 3459
f 3464 3463 3461
f 3461 3456 3464
f 3463 3464 3465
f 3465 3464 3466
f 3464 3456 3457
f 3464 3457 3466
f 3465 3466 3467
f 3466 3457 3459
f 3467 3466 3468
f 3468 3466 3459
f 3469 3468 3470
f 3468 3469 3473
f 3468 3471 3470
f 3471 3468 3459
f 3468 3472 3473
f 3472 3468 3463
f 3473 3467 3468
f 3468 3459 3463
f 3474 3472 3473
f 3473 3472 3476
f 3473 3475 3474
f 3469 3475 3473
f 3467 3473 3476
f 3477 3467 3476
f 3476 3472 3477
f 3467 3477 3465
f 3472 3465 3477
f 3475 3478 3474
f 3479 3478 3475
f 3469 3479 3475
f 3469 3480 3479
f 3481 3479 3480
f 3481 3482 3479
f 3478 3479 3482
f 3482 3481 3484
f 3482 3484 3483
f 3485 3482 3483
f 3482 3485 3478
f 3478 3485 3486
f 3489 3486 3485
f 3485 3488 3487
f 3485 3487 3489
f 3488 3485 3483
f 3492 3490 3489
f 3491 3489 3490
f 3489 3491 3486
f 3492 3489 3487
f 3493 3492 3487
f 3492 3493 3494
f 3494 3495 3492
f 3490 3492 3495
f 3495 3497 3496
f 3496 3490 3495
f 3497 3495 3498
f 3498 3495 3494
f 3498 3499 3497
f 3499 3498 3500
f 3500 3498 3501
f 3501 3498 3494
f 3502 3501 3503
f 3501 3502 3500
f 3504 3503 3501
f 3501 3493 3504
f 3493 3501 3494
f 3504 3493 3505
f 3507 3504 3505
f 3507 3506 3504
f 3503 3504 3506
f 3508 3506 3507
f 3510 3508 3507
f 3505 3509 3507
f 3509 3510 3507
f 3510 3509 3512
f 3510 3511 3508
f 3511 3510 3512
f 3513 3511 3512
f 3514 3513 3512
f 3512 3509 3514
f 3516 3515 3514
f 3513 3514 3515
f 3514 3517 3516
f 3514 3509 3517
f 3517 3518 3516
f 3517 3519 3518
f 3509 3505 3517
f 3505 3519 3517
f 3493 3487 3519
f 3519 3487 3488
f 3505 3493 3519
f 3519 3488 3518
f 3516 3518 3520
f 3520 3518 3521
f 3518 3522 3521
f 3518 3488 3522
f 3488 3523 3522
f 3524 3522 3523
f 3522 3524 3521
f 3525 3526 3524
f 3523 3525 3524
f 3524 3527 3521
f 3527 3524 3526
f 3529 3528 3527
f 3528 3521 3527
f 3526 3529 3527
f 3528 3529 3530
f 3531 3530 3529
f 3529 3526 3532
f 3532 3531 3529
f 3535 3532 3526
f 3531 3532 3534
f 3532 3535 3533
f 3533 3534 3532
f 3535 3481 3533
f 3525 3535 3526
f 3484 3535 3525
f 3535 3484 3481
f 3471 3531 3534
f 3536 3471 3534
f 3534 3533 3536
f 3480 3470 3536
f 3533 3480 3536
f 3471 3536 3470
f 3480 3533 3481
f 3531 3471 3460
f 3531 3460 3537
f 3530 3531 3537
f 3538 3537 3539
f 3537 3538 3530
f 3540 3539 3537
f 3460 3540 3537
f 3540 3450 3539
f 3460 3447 3540
f 3447 3450 3540
f 3538 3539 3541
f 3450 3541 3539
f 3538 3541 3542
f 3541 3544 3542
f 3543 3541 3451
f 3541 3543 3544
f 3541 3450 3451
f 3511 3513 3544
f 3544 3545 3511
f 3542 3544 3513
f 3545 3544 3543
f 3547 3511 3545
f 3546 3548 3545
f 3545 3543 3546
f 3547 3545 3548
f 3549 3503 3548
f 3506 3548 3503
f 3546 3549 3548
f 3548 3506 3547
f 3549 3551 3550
f 3553 3549 3550
f 3551 3549 3552
f 3546 3552 3549
f 3503 3549 3502
f 3549 3553 3502
f 3553 3550 3554
f 3553 3500 3502
f 3500 3553 3499
f 3554 3499 3553
f 3554 3556 3555
f 3554 3555 3557
f 3556 3554 3550
f 3499 3554 3557
f 3557 3555 3558
f 3560 3557 3558
f 3497 3499 3557
f 3557 3559 3497
f 3557 3560 3559
f 3558 3561 3560
f 3562 3560 3561
f 3560 3563 3559
f 3563 3560 3562
f 3565 3563 3564
f 3563 3562 3564
f 3559 3563 3565
f 3564 3566 3565
f 3566 3567 3565
f 3567 3559 3565
f 3567 3566 3568
f 3559 3567 3497
f 3497 3567 3496
f 3568 3496 3567
f 3569 3568 3566
f 3568 3569 3571
f 3496 3568 3570
f 3570 3568 3571
f 3569 3572 3571
f 3571 3491 3570
f 3572 3491 3571
f 3573 3575 3572
f 3573 3572 3569
f 3574 3572 3575
f 3491 3572 3574
f 3575 3573 3576
f 3575 3472 3574
f 3576 3462 3575
f 3463 3575 3462
f 3575 3463 3472
f 3576 3577 3578
f 3577 3576 3573
f 3462 3576 3579
f 3579 3576 3578
f 3579 3581 3580
f 3579 3580 3582
f 3579 3442 3462
f 3581 3579 3578
f 3579 3436 3442
f 3436 3579 3582
f 3437 3436 3582
f 3437 3582 3583
f 3582 3580 3583
f 3584 3583 3588
f 3583 3584 3587
f 3583 3585 3588
f 3585 3583 3586
f 3583 3580 3586
f 3587 3589 3583
f 3589 3437 3583
f 3590 3589 3587
f 3591 3589 3590
f 3589 3591 3437
f 3086 3591 3592
f 3590 3592 3591
f 3434 3437 3591
f 3591 3086 3434
f 3082 3081 3592
f 3592 3590 3082
f 3081 3086 3592
f 3080 3590 3587
f 3082 3590 3080
f 3588 3596 3593
f 3593 3594 3588
f 3588 3594 3595
f 3595 3584 3588
f 3585 3596 3588
f 3593 3596 3598
f 3586 3597 3596
f 3597 3598 3596
f 3596 3585 3586
f 3598 3601 3599
f 3600 3598 3599
f 3600 3593 3598
f 3602 3601 3598
f 3597 3602 3598
f 3604 3601 3602
f 3603 3604 3602
f 3602 3597 3603
f 3604 3603 3605
f 3605 3608 3604
f 3604 3608 3606
f 3607 3604 3606
f 3601 3604 3607
f 3609 3606 3608
f 3608 3610 3609
f 3610 3608 3611
f 3608 3605 3611
f 3611 2993 3610
f 2991 3611 3605
f 2993 3611 2992
f 3611 2991 2992
f 3612 3610 3613
f 3610 3612 3609
f 3614 3613 3610
f 3610 2993 3614
f 3614 3615 3613
f 3614 2999 3615
f 2999 3614 2993
f 3001 3615 2999
f 3615 3001 3616
f 3615 3616 3617
f 3613 3615 3617
f 3617 3600 3612
f 3618 3600 3617
f 3617 3612 3613
f 3617 3616 3618
f 3600 3618 3620
f 3616 3619 3618
f 3619 3620 3618
f 3621 3593 3620
f 3622 3621 3620
f 3620 3619 3622
f 3593 3600 3620
f 3622 3619 3623
f 3623 3624 3622
f 3621 3622 3624
f 3625 3621 3624
f 3623 3625 3624
f 3621 3625 3594
f 3595 3625 3626
f 3625 3595 3594
f 3626 3625 3623
f 3627 3626 3623
f 3627 3595 3626
f 3619 3627 3623
f 3619 3616 3627
f 3595 3627 3616
f 3593 3621 3594
f 3616 3004 3628
f 3616 3628 3595
f 3004 3616 3001
f 3628 3629 3595
f 3629 3628 3077
f 3008 3628 3004
f 3628 3008 3012
f 3012 3077 3628
f 3077 3080 3629
f 3587 3629 3080
f 3629 3584 3595
f 3584 3629 3587
f 3612 3630 3609
f 3630 3612 3600
f 3606 3609 3630
f 3630 3631 3606
f 3631 3630 3600
f 3631 3599 3601
f 3631 3600 3599
f 3606 3631 3607
f 3607 3631 3601
f 3605 3632 2991
f 3632 3605 3603
f 2991 3632 2990
f 3632 3633 2990
f 3580 3633 3632
f 3634 3580 3632
f 3603 3634 3632
f 3597 3586 3634
f 3580 3634 3586
f 3634 3603 3597
f 3581 3633 3580
f 3581 3635 3633
f 3635 2990 3633
f 3635 3581 3636
f 3636 3638 3635
f 2990 3635 3637
f 3637 3635 3638
f 3638 3639 3637
f 3639 3638 3640
f 3640 3638 3641
f 3638 3642 3641
f 3642 3638 3643
f 3638 3636 3643
f 3645 3644 3643
f 3646 3643 3644
f 3643 3577 3645
f 3643 3646 3642
f 3577 3643 3636
f 3646 3647 3648
f 3647 3646 3650
f 3646 3648 3649
f 3649 3642 3646
f 3644 3650 3646
f 3651 3652 3650
f 3650 3644 3651
f 3650 3652 3647
f 3652 3651 3653
f 3653 3655 3652
f 3652 3654 3647
f 3652 3655 3654
f 3657 2940 3655
f 3656 3655 2940
f 3655 3656 3654
f 3657 3655 3653
f 3657 2550 2539
f 3657 2539 2939
f 2940 3657 2939
f 3653 3658 3657
f 3658 2550 3657
f 3659 3658 3653
f 2556 3658 3659
f 2556 2551 3658
f 3658 2551 2550
f 3660 3659 3662
f 2556 3659 3660
f 3653 3661 3659
f 3661 3662 3659
f 3662 3663 3566
f 3566 3564 3662
f 3564 3660 3662
f 3663 3662 3661
f 3663 3569 3566
f 3569 3663 3645
f 3651 3663 3661
f 3663 3651 3644
f 3644 3645 3663
f 3661 3653 3651
f 3660 3564 2561
f 2555 3660 2561
f 2555 2556 3660
f 2944 3664 3656
f 2940 2944 3656
f 3664 3654 3656
f 3664 2944 2945
f 3665 3664 2945
f 3664 3665 3667
f 3667 3666 3664
f 3654 3664 3666
f 3667 3665 3669
f 3668 3666 3667
f 3668 3667 3670
f 3669 3670 3667
f 3670 3648 3668
f 3648 3670 3649
f 3641 3649 3670
f 3669 3641 3670
f 3669 3665 3640
f 3641 3669 3640
f 3648 3666 3668
f 3647 3654 3666
f 3666 3648 3647
f 2945 2946 3665
f 3665 2946 3639
f 3665 3639 3640
f 3649 3641 3642
f 3573 3645 3577
f 3645 3573 3569
f 2946 2950 3639
f 2983 3639 2950
f 3637 3639 2983
f 2985 3637 2983
f 3637 2985 2990
f 3636 3578 3577
f 3578 3636 3581
f 3472 3474 3574
f 3574 3486 3491
f 3486 3574 3474
f 3490 3496 3570
f 3490 3570 3491
f 3562 2561 3564
f 2561 3562 2562
f 3562 3561 2562
f 2562 3561 2564
f 3561 3558 3671
f 3561 3671 2564
f 3555 3671 3558
f 3671 3555 3672
f 3671 3672 3673
f 3673 3674 3671
f 3671 3674 2564
f 3674 3673 3675
f 3676 3674 3675
f 3674 3676 2564
f 2571 3676 3677
f 3676 2571 2572
f 3675 3677 3676
f 3676 2565 2564
f 2565 3676 2572
f 3677 2590 2571
f 3677 3675 3678
f 2590 3677 3678
f 3675 3679 3678
f 3678 2589 2590
f 2589 3678 3679
f 3680 2589 3679
f 3679 3681 3680
f 3673 3681 3679
f 3679 3675 3673
f 3681 2626 3680
f 2626 3681 3683
f 3681 3673 3682
f 3682 3683 3681
f 3683 2631 2626
f 3683 3682 3684
f 3684 3685 3683
f 2631 3683 3685
f 2633 2631 3685
f 2633 3685 3686
f 3687 3686 3685
f 3684 3687 3685
f 3688 3687 3684
f 3687 3688 3689
f 3690 3687 3689
f 3687 3690 3686
f 3691 3686 3690
f 3691 3690 3693
f 3689 3692 3690
f 3693 3690 3692
f 3693 3692 3694
f 3693 3694 3695
f 3696 3693 3695
f 2699 3693 3696
f 3693 2699 3691
f 3698 3696 3697
f 3697 3696 3699
f 3698 2697 3696
f 3696 2697 2699
f 3699 3696 3695
f 3697 3699 3700
f 3699 3701 3700
f 3701 3699 3702
f 3699 3695 3702
f 3702 3695 3694
f 3702 3694 3703
f 3702 3704 3701
f 3704 3702 3703
f 3705 3701 3704
f 3705 3704 3706
f 3704 3703 3706
f 3705 3706 3688
f 3689 3688 3706
f 3703 3689 3706
f 3700 3701 3705
f 3705 3708 3707
f 3707 3700 3705
f 3708 3705 3688
f 3672 3708 3682
f 3672 3707 3708
f 3708 3684 3682
f 3684 3708 3688
f 3555 3709 3707
f 3707 3672 3555
f 3709 3700 3707
f 3555 3556 3709
f 3709 3710 3700
f 3710 3709 3556
f 3556 3711 3710
f 3712 3710 3711
f 3697 3700 3710
f 3710 3712 3697
f 3712 3698 3697
f 3698 3712 2704
f 3713 2709 3712
f 2709 2704 3712
f 3713 3712 3714
f 3714 3712 3711
f 3715 3714 3551
f 3714 3715 3716
f 3711 3551 3714
f 3716 3713 3714
f 3717 3716 3715
f 3716 3717 3718
f 3718 3719 3716
f 3713 3716 3719
f 3719 3721 3720
f 3720 3713 3719
f 3721 3719 3722
f 3719 3718 3722
f 3431 3722 3718
f 3431 3429 3722
f 3428 3722 3429
f 3722 3428 3721
f 3723 3720 3721
f 3721 3724 3723
f 3724 3721 3428
f 2815 3723 3724
f 3428 3725 3724
f 2814 3724 3725
f 3724 2814 2815
f 3725 3428 3426
f 2834 3725 3426
f 2828 2814 3725
f 3725 2834 2828
f 3723 2708 3720
f 2816 2708 3723
f 3723 2815 2816
f 2708 2709 3720
f 3713 3720 2709
f 3718 3445 3431
f 3445 3718 3717
f 3717 3444 3445
f 3444 3717 3449
f 3715 3449 3717
f 3449 3715 3726
f 3551 3726 3715
f 3552 3727 3726
f 3726 3551 3552
f 3726 3452 3449
f 3452 3726 3727
f 3727 3451 3452
f 3543 3451 3727
f 3727 3546 3543
f 3727 3552 3546
f 3711 3556 3550
f 3551 3711 3550
f 3703 3692 3689
f 3703 3694 3692
f 2704 2698 3698
f 2697 3698 2698
f 3691 2696 3728
f 2699 2696 3691
f 3686 3691 3728
f 3729 3728 2696
f 3729 2634 3728
f 3728 2633 3686
f 2633 3728 2634
f 2681 2637 3729
f 2634 3729 2637
f 2683 2681 3729
f 3729 2687 2683
f 2687 3729 2696
f 3672 3682 3673
f 2589 3680 2584
f 3680 2626 2628
f 2628 2584 3680
f 3508 3547 3506
f 3511 3547 3508
f 3730 3542 3515
f 3730 3538 3542
f 3513 3515 3542
f 3528 3730 3520
f 3516 3520 3730
f 3530 3730 3528
f 3530 3538 3730
f 3515 3516 3730
f 3521 3528 3520
f 3525 3523 3484
f 3523 3488 3483
f 3523 3483 3484
f 3486 3474 3478
f 3480 3469 3470
f 3465 3472 3463
f 3459 3460 3471
f 3441 3446 3456
f 3731 3454 3732
f 3454 3731 3453
f 3446 3732 3454
f 3732 3446 3444
f 3444 3449 3732
f 3732 3449 3731
f 3449 3733 3731
f 3731 3733 3734
f 3734 3453 3731
f 3733 3736 3734
f 3453 3734 3735
f 3734 3736 3735
f 3733 3452 3736
f 3452 3735 3736
f 3453 3735 3452
f 3452 3733 3449
f 3439 3431 3445
f 3431 3439 3430
f 3089 3434 3086
f 3433 3434 3089
f 3097 3425 3433
f 3089 3097 3433
f 3426 2833 2834
f 3068 3084 3069
f 3078 3080 3077
f 3077 3012 3075
f 3011 3074 3075
f 3011 3075 3012
f 3737 3074 3011
f 3737 3738 3074
f 3071 3074 3738
f 3737 3058 3738
f 3059 3738 3058
f 3738 3059 3071
f 3018 3737 3010
f 3018 3028 3737
f 3010 3737 3011
f 3058 3737 3028
f 3059 3061 3071
f 3028 3056 3058
f 3027 3031 3056
f 3056 3028 3027
f 3033 3024 3025
f 2988 2978 2976
f 2973 2972 2876
f 2893 2972 2967
f 2877 2876 2972
f 2972 2893 2877
f 2967 2895 2893
f 2960 2934 2932
f 2954 2955 2960
f 2934 2960 2955
f 2955 2936 2934
f 2936 2955 2948
f 2948 2942 2936
f 2944 2940 2938
f 2539 2534 2939
f 2926 2920 2918
f 2515 2923 2924
f 2518 2924 2522
f 2924 2518 2515
f 2508 2923 2507
f 2923 2515 2507
f 2896 2895 2913
f 2896 2909 2897
f 2904 2764 2902
f 2758 2764 2904
f 2902 2764 2901
f 2890 2901 2763
f 2764 2763 2901
f 3739 2888 2891
f 2891 2890 2763
f 2763 2766 2891
f 3739 2891 2766
f 2830 3739 3740
f 3740 3739 2766
f 2830 2888 3739
f 2772 3740 2767
f 2831 3740 2772
f 2766 2767 3740
f 3740 2831 2830
f 2888 2830 2837
f 2871 2856 2860
f 2864 2871 2860
f 2854 2851 2850
f 2772 3741 2831
f 2831 3741 2826
f 3741 2826 2824
f 3741 3742 2826
f 3742 3741 3743
f 2776 3743 3741
f 3741 2772 2776
f 3744 2776 3741
f 2824 3744 3741
f 3750 3745 3744
f 3747 3744 3745
f 3744 2824 3750
f 3744 3746 2824
f 2776 3744 3747
f 3746 3744 3749
f 3744 3747 3748
f 3748 3749 3744
f 2821 3750 2824
f 3750 2821 3742
f 3750 3742 3743
f 3745 3750 3743
f 3752 3746 3749
f 3751 3749 3748
f 3752 3749 3751
f 3753 3754 3752
f 3753 3752 3755
f 3746 3752 3754
f 3755 3752 3751
f 3756 3755 3757
f 3755 3756 3758
f 3755 3751 3757
f 3758 3753 3755
f 3758 3756 2789
f 2789 2788 3758
f 2788 3759 3758
f 3753 3758 3759
f 3753 3759 3760
f 2791 3760 3759
f 3759 2788 2791
f 2791 2794 3760
f 3761 3760 2794
f 3754 3753 3760
f 3760 3761 3754
f 3761 2798 2825
f 3761 2793 2798
f 3761 2825 3746
f 3746 3754 3761
f 2793 3761 2794
f 3757 2779 3756
f 2779 3757 3762
f 3757 3748 3762
f 3748 3757 3751
f 3747 3762 3748
f 2779 3762 2775
f 3747 2775 3762
f 3756 2778 2789
f 2778 3756 2779
f 3745 3763 3747
f 2776 3747 3763
f 2776 2775 3747
f 2776 3763 3764
f 3745 3764 3763
f 3743 2776 3764
f 3764 3745 3743
f 2825 2824 3746
f 2820 2826 3742
f 2820 3742 2821
f 2825 2798 2810
f 2812 2825 2810
f 2815 2814 2822
f 2822 3765 2815
f 2822 2818 3765
f 2816 2815 3765
f 3765 3766 2816
f 2818 3766 3765
f 3766 3767 2816
f 3767 3766 3768
f 2817 3768 3766
f 3766 2818 2817
f 3768 3770 3767
f 3768 2817 3769
f 3770 3768 3769
f 2713 3770 3769
f 2713 3767 3770
f 3769 2817 2713
f 3767 2713 2816
f 2713 2707 2816
f 2708 2816 2707
f 2784 2727 2724
f 2784 2782 2731
f 2727 2784 2731
f 2782 2781 2732
f 2731 2782 2732
f 2781 2734 2732
f 3771 2781 2773
f 2734 2781 3771
f 2769 2770 3771
f 2769 3771 2773
f 2770 2734 3771
f 2734 2770 2735
f 2741 2735 2770
f 2764 2758 2759
f 2740 2761 2747
f 2761 2740 2741
f 3772 2745 2750
f 3773 3772 2750
f 2750 2505 3773
f 2505 2750 2509
f 2503 3774 3773
f 2505 2503 3773
f 3772 3773 3774
f 3774 2503 3775
f 3775 3776 3774
f 3777 3774 3776
f 3774 3777 3772
f 3777 3778 2744
f 3778 3777 3779
f 2744 3772 3777
f 3776 3779 3777
f 3779 2689 3778
f 3779 3776 3780
f 3780 3781 3779
f 2689 3779 3781
f 3781 3780 3782
f 3782 3783 3781
f 3783 2684 3781
f 2684 2689 3781
f 3783 2685 2684
f 3783 2656 2685
f 3784 3785 3783
f 3783 3782 3784
f 3783 3785 2656
f 2655 3785 3787
f 2656 3785 2655
f 3785 3784 3788
f 3786 3785 3788
f 3785 3786 3787
f 3788 3789 3786
f 3789 3788 3790
f 3788 3784 3790
f 3791 3789 3790
f 3790 3792 3791
f 3792 3790 3793
f 3784 3793 3790
f 3793 3784 3782
f 3782 3795 3793
f 3794 3793 3795
f 3793 3794 3792
f 3796 3795 3797
f 3795 3796 3794
f 3780 3797 3795
f 3795 3782 3780
f 3798 3797 3775
f 3797 3798 3796
f 3776 3775 3797
f 3797 3780 3776
f 3800 3796 3798
f 3775 2502 3798
f 3799 3798 2502
f 3798 3799 3800
f 3803 3801 3800
f 3796 3800 3801
f 3802 3800 3799
f 3800 3802 3803
f 3804 3803 3802
f 3806 3803 3804
f 3801 3803 3805
f 3803 3806 3805
f 3804 3807 3806
f 3809 3806 3807
f 3808 3805 3806
f 3809 3808 3806
f 3809 2574 3811
f 2574 3809 3810
f 3811 3808 3809
f 3810 3809 3807
f 3811 2575 2580
f 2580 3812 3811
f 2575 3811 2574
f 3808 3811 3812
f 3812 3813 3808
f 3815 3813 3812
f 3812 2580 3814
f 3814 3815 3812
f 3817 3816 3815
f 3816 3818 3815
f 3817 3815 3814
f 3815 3818 3813
f 3818 3791 3792
f 3791 3818 3816
f 3792 3819 3818
f 3818 3819 3813
f 3805 3819 3801
f 3819 3805 3813
f 3794 3801 3819
f 3819 3792 3794
f 3820 3817 3814
f 3820 3821 3817
f 3822 3817 3821
f 3817 3822 3816
f 3821 3823 3822
f 3823 3825 3822
f 3824 3816 3822
f 3825 3824 3822
f 3825 2642 3826
f 3826 3824 3825
f 3825 3827 2642
f 3825 3823 3827
f 3827 3829 3828
f 2640 3827 3828
f 3823 3829 3827
f 3827 2640 2642
f 3830 3831 3829
f 3829 3832 3830
f 3831 3828 3829
f 3832 3829 3823
f 3834 3832 3833
f 3821 3833 3832
f 3832 3834 3830
f 3823 3821 3832
f 3836 3834 3835
f 3834 2586 3835
f 3836 3830 3834
f 3834 3833 2586
f 2585 3836 3835
f 3836 2627 3830
f 2628 2627 3836
f 2585 2628 3836
f 2586 2585 3835
f 3833 3820 2582
f 2582 2586 3833
f 3833 3821 3820
f 3831 3830 2627
f 2627 2629 3831
f 3831 2640 3828
f 2629 2640 3831
f 3824 3826 3789
f 3789 3826 3786
f 3826 2642 3786
f 3789 3791 3824
f 3816 3824 3791
f 2579 2582 3820
f 2579 3820 3814
f 2579 3814 2580
f 3805 3808 3813
f 2567 3810 3837
f 3810 2567 2568
f 2574 3810 2568
f 3810 3807 3837
f 3837 3838 3839
f 3838 3837 3807
f 3839 2559 3837
f 3837 2559 2567
f 3840 3839 3838
f 3839 3840 2548
f 2548 2553 3839
f 2559 3839 2553
f 3842 3841 3840
f 2546 3840 3841
f 3838 3842 3840
f 2546 2548 3840
f 3842 2494 3841
f 3842 3838 3804
f 2494 3842 3802
f 3804 3802 3842
f 3841 2493 2545
f 3841 2545 2546
f 3841 2494 2493
f 3807 3804 3838
f 3799 2494 3802
f 3801 3794 3796
f 3799 2502 2496
f 2494 3799 2496
f 2642 3787 3786
f 3787 2641 2655
f 2641 3787 2642
f 3778 2688 2742
f 2688 3778 2689
f 3778 2742 2744
f 2502 3775 2503
f 3772 2744 2745
f 2742 2688 2691
f 2735 2741 2737
f 2705 2711 2719
f 2637 2681 2657
f 2657 2636 2637
f 2629 2630 2643
f 2639 2623 2622
f 2628 2585 2584
f 2584 2628 2620
f 2594 2584 2620
f 2615 2607 2608
f 2611 2605 3843
f 2611 3843 2590
f 2610 2611 2590
f 2598 2596 3843
f 3843 2596 2590
f 3843 2605 2598
f 2592 2610 2590
f 2607 2603 2602
f 2591 2587 2570
f 2571 2591 2570
f 2590 2591 2571
f 2577 2570 2587
f 2558 2567 2559
f 2539 2550 2538
f 3844 2544 2545
f 2545 2493 3844
f 2544 3844 3846
f 2493 2490 3844
f 3844 2490 3845
f 3845 3846 3844
f 3846 3848 2544
f 3847 3846 3845
f 3846 3847 3849
f 3848 3846 3849
f 3849 2482 3850
f 3847 2482 3849
f 3851 3849 3850
f 3849 3851 3848
f 3850 3852 3851
f 3853 3851 3852
f 3851 3853 3854
f 3854 3848 3851
f 2536 3854 3853
f 3848 3854 2542
f 2540 2542 3854
f 3854 2536 2540
f 3852 3855 3853
f 3853 2526 2536
f 2526 3853 3855
f 3855 3852 3856
f 3856 3857 3855
f 3855 2528 2526
f 2528 3855 3857
f 3857 3859 3858
f 3858 2528 3857
f 3859 3857 3860
f 3857 3856 3860
f 3861 3860 3856
f 3862 3860 3861
f 3860 3862 3859
f 3864 3862 3863
f 3863 3862 2482
f 3862 3861 2482
f 3862 3864 3859
f 3864 3866 3865
f 3865 2519 3864
f 3864 3858 3859
f 3858 3864 2519
f 3866 3864 3863
f 3867 3865 3866
f 3867 3866 2482
f 3866 3863 2482
f 3868 3869 3867
f 3868 3867 2482
f 3865 3867 3869
f 3870 2513 3869
f 2516 3869 2513
f 3869 2516 3865
f 3869 3868 3870
f 3870 3868 3871
f 2499 3870 3871
f 2499 2511 3870
f 2513 3870 2511
f 2485 2497 3871
f 3871 2484 2485
f 3871 3868 2484
f 2497 2499 3871
f 2484 3868 2482
f 2519 3865 2516
f 3856 3872 3861
f 3872 2482 3861
f 3856 3873 3872
f 3873 2482 3872
f 3852 3850 3873
f 3850 2482 3873
f 3873 3856 3852
f 2528 3858 2520
f 2519 2520 3858
f 2542 2544 3848
f 3845 3874 3847
f 3874 2482 3847
f 3874 3845 2491
f 2491 3875 3874
f 3875 2482 3874
f 2487 3876 3875
f 3876 2482 3875
f 2487 3875 2491
f 3876 2483 2482
f 2487 2483 3876
f 2490 2491 3845
f 2534 2539 2533
f 2500 2511 2499
f 2497 2485 2488
f 3877 3884 3883
f 3877 3878 3884
f 3879 3877 3883
f 3879 3883 3880
f 3881 3879 3880
f 3879 3878 3877
f 3878 3879 3881
f 3878 3881 3882
f 3881 3880 3882
f 3878 3882 3884
f 3883 3884 3882
f 3880 3883 3882
f 3890 3885 3886
f 3885 3888 3886
f 3889 3887 3885
f 3888 3885 3887
f 3885 3890 3889
f 3895 3890 3891
f 3890 3892 3891
f 3892 3890 3893
f 3886 3893 3890
f 3894 3889 3890
f 3895 3894 3890
f 3896 3898 3895
f 3895 3897 3896
f 3897 3895 3891
f 3898 3894 3895
f 3898 3896 3899
f 3900 3898 3899
f 3898 3900 3892
f 3893 3898 3892
f 3894 3898 3901
f 3898 3893 3901
f 3901 3904 3894
f 3902 3901 3893
f 3901 3902 3903
f 3904 3901 3903
f 3894 3904 3889
f 3905 3904 3903
f 3905 3889 3904
f 3909 3906 3905
f 3905 3906 3908
f 3889 3905 3907
f 3905 3908 3907
f 3905 3903 3909
f 3902 3910 3909
f 3903 3902 3909
f 3912 3909 3910
f 3906 3909 3911
f 3909 3912 3911
f 3906 3912 3908
f 3910 3908 3912
f 3911 3912 3906
f 3902 3907 3910
f 3908 3910 3907
f 3907 3902 3889
f 3902 3893 3887
f 3887 3889 3902
f 3900 3913 3897
f 3897 3892 3900
f 3913 3900 3914
f 3900 3916 3914
f 3899 3915 3900
f 3915 3916 3900
f 3916 3917 3918
f 3917 3916 3915
f 3918 3914 3916
f 3918 3913 3914
f 3918 3897 3913
f 3897 3918 3917
f 3921 3917 3919
f 3915 3919 3917
f 3917 3896 3897
f 3896 3917 3920
f 3917 3921 3920
f 3923 3921 3922
f 3919 3922 3921
f 3920 3921 3925
f 3924 3921 3923
f 3925 3921 3924
f 3899 3920 3925
f 3915 3899 3925
f 3924 3915 3925
f 3924 3927 3926
f 3915 3924 3926
f 3927 3924 3928
f 3928 3924 3923
f 3923 3927 3928
f 3927 3923 3922
f 3922 3926 3927
f 3919 3915 3926
f 3926 3922 3919
f 3920 3899 3896
f 3897 3891 3892
f 3893 3886 3888
f 3887 3893 3888
f 3929 3930 3932
f 3931 3930 3929
f 3933 3931 3929
f 3934 3929 3932
f 3935 3933 3929
f 3929 3934 3935
f 3936 3935 3938
f 3935 3936 3937
f 3934 3938 3935
f 3933 3935 3937
f 3938 3941 3939
f 3939 3936 3938
f 3938 3934 3940
f 3941 3938 3940
f 3941 3942 3944
f 3940 3942 3941
f 3943 3939 3941
f 3941 3944 3943
f 3947 3944 3945
f 3946 3945 3944
f 3944 3942 3946
f 3944 3947 3943
f 3947 3945 3948
f 3949 3947 3948
f 3950 3947 3949
f 3943 3947 3950
f 3952 3950 3951
f 3949 3951 3950
f 3950 3952 3939
f 3939 3943 3950
f 3954 3952 3953
f 3951 3953 3952
f 3952 3954 3936
f 3936 3939 3952
f 3955 3956 3954
f 3953 3955 3954
f 3956 3957 3954
f 3954 3957 3936
f 3957 3937 3936
f 3958 3937 3957
f 3956 3958 3957
f 3937 3958 3933
f 3959 3933 3958
f 3958 3960 3959
f 3960 3958 3961
f 3958 3956 3961
f 3961 3964 3962
f 3963 3961 3962
f 3961 3963 3960
f 3964 3961 3956
f 3962 3964 3965
f 3964 3955 3965
f 3955 3964 3956
f 3962 3965 3966
f 3966 3965 3967
f 3967 3965 3968
f 3965 3955 3968
f 3955 3953 3968
f 3969 3967 3968
f 3968 3970 3969
f 3970 3968 3953
f 3973 3970 3971
f 3953 3971 3970
f 3972 3969 3970
f 3970 3973 3972
f 3974 3972 3973
f 3973 3949 3974
f 3971 3949 3973
f 3949 3948 3974
f 3974 3948 3976
f 3972 3974 3975
f 3975 3974 3976
f 3977 3978 3976
f 3976 3946 3977
f 3976 3945 3946
f 3978 3930 3976
f 3948 3945 3976
f 3976 3930 3931
f 3931 3979 3976
f 3979 3959 3976
f 3959 3960 3976
f 3976 3980 3975
f 3960 3963 3976
f 3976 3981 3980
f 3982 3981 3976
f 3963 3982 3976
f 3966 3981 3982
f 3982 3962 3966
f 3962 3982 3963
f 3983 3980 3981
f 3981 3966 3983
f 3967 3983 3966
f 3980 3983 3984
f 3967 3984 3983
f 3984 3975 3980
f 3975 3984 3972
f 3969 3972 3984
f 3984 3967 3969
f 3933 3959 3979
f 3979 3931 3933
f 3930 3978 3932
f 3985 3932 3978
f 3978 3977 3985
f 3942 3985 3977
f 3940 3932 3985
f 3942 3940 3985
f 3977 3946 3942
f 3953 3951 3971
f 3949 3971 3951
f 3932 3940 3934
f 3989 3987 3986
f 3988 3986 3987
f 3988 3991 3986
f 3986 3990 3989
f 3986 3992 3990
f 3992 3986 3991
f 3992 3994 3993
f 3993 3990 3992
f 3994 3992 3991
f 3991 3995 3994
f 3995 3996 3994
f 3997 3994 3996
f 3994 3997 3993
f 3997 3998 3993
f 3998 3997 4000
f 3996 3999 3997
f 3999 4000 3997
f 4000 4001 4002
f 4001 4000 4003
f 3998 4000 4002
f 4000 3999 4003
f 4003 4004 4001
f 4004 4003 4005
f 4003 4006 4005
f 3999 4006 4003
f 4005 4006 4007
f 4006 4008 4007
f 4008 4006 3996
f 3999 3996 4006
f 4008 4010 4009
f 4009 4007 4008
f 4010 4008 3995
f 3996 3995 4008
f 4011 4009 4010
f 4011 4010 4012
f 4012 4010 4013
f 4010 3995 4013
f 4013 4014 4012
f 4015 4014 4013
f 4013 3995 4015
f 4014 4015 3988
f 3991 3988 4015
f 3995 3991 4015
f 3988 4016 4014
f 4017 4014 4016
f 4014 4017 4018
f 4014 4018 4012
f 4019 4018 4017
f 4018 4019 4020
f 4020 4021 4018
f 4012 4018 4021
f 4021 4022 4011
f 4021 4020 4022
f 4011 4012 4021
f 4022 4025 4011
f 4023 4024 4022
f 4023 4022 4020
f 4024 4025 4022
f 4025 4026 4027
f 4026 4025 4024
f 4027 4009 4025
f 4009 4011 4025
f 4026 4029 4027
f 4009 4027 4028
f 4027 4030 4028
f 4030 4027 4029
f 4029 4031 4030
f 4031 4005 4030
f 4005 4028 4030
f 4005 4031 4004
f 4031 4033 4004
f 4031 4029 4032
f 4032 4033 4031
f 3987 4033 4034
f 4034 4033 4016
f 4033 4002 4001
f 4033 4035 4002
f 4035 4033 4036
f 4036 4033 3989
f 4004 4033 4001
f 4033 3987 3989
f 4016 4033 4017
f 4033 4032 4037
f 4017 4033 4019
f 4033 4037 4038
f 4039 4033 4038
f 4019 4033 4039
f 4038 4023 4039
f 4020 4039 4023
f 4039 4020 4019
f 4037 4040 4038
f 4023 4038 4040
f 4040 4024 4023
f 4040 4037 4041
f 4041 4024 4040
f 4032 4041 4037
f 4029 4026 4041
f 4041 4032 4029
f 4024 4041 4026
f 4036 3989 3990
f 3990 4042 4036
f 4035 4036 4042
f 3990 3993 4042
f 4042 3998 4035
f 3998 4042 3993
f 4002 4035 3998
f 3987 4034 3988
f 4016 3988 4034
f 4007 4009 4028
f 4028 4005 4007
f 4043 4045 4044
f 4044 4046 4043
f 4047 4045 4043
f 4046 4047 4043
f 4047 4048 4045
f 4047 4050 4048
f 4050 4047 4049
f 4047 4046 4049
f 4051 4048 4050
f 4050 4052 4051
f 4049 4044 4050
f 4052 4050 4044
f 4052 4044 4045
f 4053 4052 4055
f 4051 4052 4053
f 4045 4054 4052
f 4054 4055 4052
f 4055 4054 4056
f 4056 4057 4055
f 4058 4055 4057
f 4053 4055 4058
f 4053 4058 4061
f 4058 4057 4060
f 4058 4059 4063
f 4059 4058 4060
f 4062 4061 4058
f 4058 4063 4062
f 4064 4063 4065
f 4063 4064 4066
f 4059 4065 4063
f 4066 4062 4063
f 4066 4057 4067
f 4057 4066 4060
f 4064 4060 4066
f 4062 4066 4067
f 4056 4062 4067
f 4057 4056 4067
f 4065 4069 4064
f 4070 4068 4065
f 4069 4065 4068
f 4059 4070 4065
f 4070 4059 4071
f 4071 4072 4070
f 4068 4070 4072
f 4072 4071 4073
f 4073 4074 4072
f 4075 4072 4074
f 4072 4075 4068
f 4077 4075 4074
f 4075 4069 4068
f 4075 4077 4076
f 4069 4075 4076
f 4074 4073 4077
f 4073 4076 4077
f 4069 4076 4073
f 4071 4069 4073
f 4064 4069 4071
f 4060 4064 4071
f 4059 4060 4071
f 4062 4056 4061
f 4054 4061 4056
f 4053 4061 4078
f 4061 4054 4078
f 4048 4051 4078
f 4053 4078 4051
f 4045 4078 4054
f 4078 4045 4048
f 4044 4049 4046
f 4079 4085 4080
f 4081 4079 4080
f 4081 4082 4079
f 4083 4079 4082
f 4079 4083 4084
f 4084 4085 4079
f 4090 4085 4086
f 4085 4084 4086
f 4088 4085 4087
f 4085 4090 4087
f 4085 4088 4089
f 4080 4085 4089
f 4086 4092 4090
f 4093 4087 4090
f 4090 4091 4093
f 4091 4090 4092
f 4093 4091 4094
f 4094 4096 4093
f 4087 4093 4095
f 4095 4093 4096
f 4097 4098 4096
f 4097 4096 4094
f 4098 4099 4096
f 4095 4096 4099
f 4100 4099 4102
f 4099 4100 4101
f 4099 4101 4095
f 4098 4102 4099
f 4103 4105 4102
f 4103 4102 4098
f 4102 4104 4100
f 4104 4102 4105
f 4106 4104 4105
f 4103 4106 4105
f 4106 4103 4107
f 4106 4107 4108
f 4104 4106 4109
f 4106 4108 4109
f 4109 4110 4104
f 4110 4109 4112
f 4109 4111 4112
f 4109 4108 4111
f 4112 4113 4110
f 4113 4112 4114
f 4112 4111 4114
f 4114 4117 4113
f 4114 4116 4115
f 4117 4114 4115
f 4111 4116 4114
f 4118 4113 4117
f 4119 4118 4117
f 4115 4119 4117
f 4120 4118 4119
f 4123 4120 4119
f 4123 4119 4121
f 4121 4119 4122
f 4119 4115 4122
f 4124 4120 4123
f 4126 4124 4123
f 4125 4123 4121
f 4126 4123 4125
f 4124 4126 4127
f 4128 4127 4126
f 4126 4129 4128
f 4129 4126 4125
f 4129 4132 4128
f 4125 4130 4129
f 4130 4131 4129
f 4129 4131 4132
f 4132 4133 4135
f 4131 4133 4132
f 4132 4135 4134
f 4128 4132 4134
f 4133 4136 4135
f 4136 4137 4135
f 4134 4135 4137
f 4137 4136 4138
f 4138 4139 4137
f 4083 4137 4139
f 4134 4137 4140
f 4137 4083 4140
f 4140 4082 4141
f 4082 4140 4083
f 4142 4140 4141
f 4142 4134 4140
f 4142 4143 4127
f 4127 4128 4142
f 4128 4134 4142
f 4143 4142 4141
f 4082 4143 4141
f 4143 4082 4081
f 4081 4144 4143
f 4144 4127 4143
f 4144 4120 4124
f 4120 4144 4146
f 4127 4144 4124
f 4145 4146 4144
f 4144 4081 4145
f 4147 4148 4146
f 4146 4145 4147
f 4146 4148 4120
f 4151 4148 4149
f 4150 4149 4148
f 4148 4147 4150
f 4120 4148 4118
f 4148 4151 4118
f 4151 4110 4113
f 4110 4151 4152
f 4113 4118 4151
f 4151 4153 4152
f 4153 4151 4149
f 4153 4149 4155
f 4101 4152 4153
f 4101 4153 4154
f 4154 4153 4155
f 4156 4155 4149
f 4155 4088 4154
f 4088 4155 4156
f 4089 4156 4150
f 4156 4089 4088
f 4149 4150 4156
f 4154 4095 4101
f 4154 4087 4095
f 4087 4154 4088
f 4100 4110 4152
f 4152 4101 4100
f 4147 4089 4150
f 4080 4147 4145
f 4080 4089 4147
f 4081 4080 4145
f 4139 4084 4083
f 4084 4139 4157
f 4139 4138 4157
f 4157 4086 4084
f 4159 4157 4138
f 4157 4159 4158
f 4086 4157 4158
f 4136 4160 4159
f 4136 4159 4138
f 4161 4159 4160
f 4159 4161 4162
f 4162 4158 4159
f 4161 4094 4162
f 4162 4094 4091
f 4162 4091 4092
f 4158 4162 4092
f 4163 4161 4164
f 4161 4163 4097
f 4160 4164 4161
f 4161 4097 4094
f 4164 4165 4163
f 4165 4164 4166
f 4164 4160 4167
f 4167 4166 4164
f 4166 4167 4169
f 4168 4167 4160
f 4168 4169 4167
f 4166 4169 4170
f 4169 4168 4171
f 4171 4170 4169
f 4173 4171 4168
f 4170 4171 4172
f 4173 4172 4171
f 4172 4173 4131
f 4133 4131 4173
f 4168 4133 4173
f 4174 4172 4130
f 4131 4130 4172
f 4172 4174 4170
f 4174 4175 4116
f 4175 4174 4130
f 4111 4174 4116
f 4108 4174 4111
f 4174 4108 4176
f 4176 4170 4174
f 4176 4107 4165
f 4107 4176 4108
f 4165 4166 4176
f 4170 4176 4166
f 4122 4116 4175
f 4175 4121 4122
f 4121 4175 4125
f 4130 4125 4175
f 4133 4168 4136
f 4168 4160 4136
f 4107 4163 4165
f 4163 4107 4103
f 4163 4103 4098
f 4163 4098 4097
f 4092 4086 4158
f 4116 4122 4115
f 4110 4100 4104
f 4178 4180 4177
f 4179 4178 4177
f 4177 4181 4179
f 4185 4177 4180
f 4181 4177 4182
f 4177 4183 4182
f 4177 4184 4183
f 4177 4185 4184
f 4180 4186 4185
f 4188 4185 4186
f 4187 4184 4185
f 4185 4188 4187
f 4189 4188 4191
f 4188 4189 4187
f 4186 4190 4188
f 4188 4190 4191
f 4191 4192 4193
f 4191 4190 4192
f 4189 4191 4193
f 4186 4193 4192
f 4186 4180 4193
f 4189 4193 4180
f 4190 4186 4192
f 4178 4187 4189
f 4178 4189 4180
f 4187 4178 4194
f 4184 4187 4194
f 4178 4198 4194
f 4194 4195 4197
f 4195 4194 4198
f 4194 4196 4184
f 4196 4194 4197
f 4198 4182 4183
f 4183 4195 4198
f 4182 4198 4199
f 4198 4178 4199
f 4178 4200 4199
f 4181 4199 4200
f 4199 4181 4182
f 4179 4181 4200
f 4200 4201 4179
f 4200 4178 4201
f 4178 4179 4201
f 4202 4196 4197
f 4197 4203 4202
f 4203 4197 4195
f 4202 4203 4205
f 4203 4195 4204
f 4203 4204 4205
f 4202 4205 4206
f 4205 4196 4206
f 4196 4205 4204
f 4196 4202 4206
f 4184 4204 4183
f 4204 4184 4196
f 4195 4183 4204
f 4212 4207 4208
f 4209 4208 4207
f 4210 4209 4207
f 4207 4215 4210
f 4207 4212 4211
f 4213 4207 4211
f 4207 4213 4214
f 4215 4207 4214
f 4215 4214 4216
f 4216 4217 4215
f 4218 4215 4217
f 4218 4210 4215
f 4218 4217 4219
f 4220 4218 4219
f 4218 4220 4221
f 4210 4218 4221
f 4221 4220 4223
f 4210 4221 4222
f 4222 4221 4223
f 4217 4223 4219
f 4223 4220 4219
f 4217 4222 4223
f 4209 4210 4222
f 4216 4209 4222
f 4222 4217 4216
f 4209 4216 4224
f 4224 4216 4214
f 4228 4224 4225
f 4225 4224 4226
f 4214 4226 4224
f 4209 4224 4227
f 4224 4228 4227
f 4229 4213 4228
f 4228 4213 4227
f 4230 4229 4228
f 4225 4230 4228
f 4230 4225 4231
f 4231 4232 4230
f 4232 4229 4230
f 4232 4231 4233
f 4232 4226 4229
f 4226 4232 4233
f 4231 4226 4233
f 4226 4231 4225
f 4229 4214 4213
f 4214 4229 4226
f 4209 4227 4234
f 4234 4227 4211
f 4213 4211 4227
f 4235 4209 4234
f 4235 4234 4212
f 4211 4212 4234
f 4208 4235 4212
f 4235 4208 4236
f 4209 4235 4236
f 4208 4209 4236
f 4241 4238 4237
f 4240 4237 4238
f 4244 4237 4239
f 4239 4237 4240
f 4237 4242 4241
f 4242 4237 4243
f 4237 4244 4243
f 4245 4244 4239
f 4239 4245 4240
f 4242 4243 4238
f 4243 4239 4240
f 4240 4238 4243
f 4246 4242 4247
f 4246 4241 4242
f 4238 4247 4242
f 4247 4248 4246
f 4247 4249 4248
f 4249 4247 4241
f 4238 4241 4247
f 4241 4246 4249
f 4250 4248 4249
f 4249 4251 4250
f 4251 4249 4246
f 4248 4253 4251
f 4251 4246 4248
f 4252 4251 4253
f 4252 4250 4251
f 4253 4254 4255
f 4254 4253 4250
f 4248 4250 4253
f 4253 4255 4252
f 4258 4252 4255
f 4256 4255 4254
f 4255 4256 4257
f 4258 4255 4257
f 4259 4258 4257
f 4260 4258 4259
f 4254 4258 4256
f 4258 4260 4256
f 4258 4254 4252
f 4260 4259 4261
f 4262 4260 4261
f 4262 4257 4260
f 4260 4257 4256
f 4261 4259 4262
f 4259 4257 4262
f 4250 4252 4254
f 4264 4267 4263
f 4264 4263 4266
f 4265 4263 4267
f 4265 4266 4263
f 4265 4267 4266
f 4268 4266 4267
f 4267 4264 4268
f 4266 4268 4270
f 4269 4270 4268
f 4269 4268 4264
f 4271 4264 4270
f 4266 4270 4264
f 4271 4270 4272
f 4270 4269 4272
f 4273 4272 4269
f 4272 4273 4274
f 4272 4274 4275
f 4275 4271 4272
f 4276 4273 4275
f 4275 4277 4276
f 4271 4275 4273
f 4277 4275 4274
f 4278 4276 4277
f 4278 4277 4280
f 4274 4279 4277
f 4280 4277 4279
f 4279 4282 4280
f 4283 4280 4281
f 4281 4280 4282
f 4283 4278 4280
f 4282 4283 4284
f 4283 4282 4278
f 4285 4284 4283
f 4283 4286 4285
f 4286 4283 4281
f 4286 4281 4284
f 4286 4284 4287
f 4287 4288 4286
f 4286 4288 4285
f 4288 4287 4285
f 4284 4285 4287
f 4281 4282 4284
f 4279 4278 4282
f 4274 4276 4279
f 4278 4279 4276
f 4276 4274 4273
f 4273 4269 4271
f 4264 4271 4269
f 4289 4290 4291
f 4290 4289 4292
f 4291 4294 4289
f 4293 4292 4289
f 4293 4289 4294
f 4296 4294 4295
f 4294 4291 4295
f 4296 4297 4294
f 4293 4294 4297
f 4293 4297 4299
f 4297 4296 4298
f 4298 4299 4297
f 4293 4299 4301
f 4299 4298 4300
f 4300 4301 4299
f 4293 4301 4302
f 4301 4300 4303
f 4303 4302 4301
f 4303 4304 4302
f 4304 4303 4306
f 4303 4305 4306
f 4307 4305 4303
f 4303 4308 4307
f 4308 4303 4300
f 4310 4307 4308
f 4298 4309 4308
f 4308 4300 4298
f 4308 4309 4310
f 4307 4310 4311
f 4312 4311 4310
f 4310 4314 4312
f 4309 4313 4310
f 4310 4313 4314
f 4314 4315 4312
f 4314 4317 4315
f 4316 4317 4314
f 4313 4316 4314
f 4319 4315 4317
f 4316 4318 4317
f 4318 4319 4317
f 4315 4319 4320
f 4323 4320 4319
f 4319 4321 4323
f 4321 4319 4322
f 4319 4318 4322
f 4320 4323 4324
f 4326 4324 4323
f 4325 4323 4321
f 4323 4325 4326
f 4324 4326 4327
f 4326 4329 4327
f 4328 4326 4325
f 4326 4328 4329
f 4332 4327 4329
f 4329 4331 4330
f 4330 4332 4329
f 4328 4331 4329
f 4330 4333 4332
f 4327 4332 4333
f 4334 4335 4333
f 4333 4330 4334
f 4333 4335 4336
f 4327 4333 4336
f 4337 4338 4336
f 4336 4335 4337
f 4324 4336 4338
f 4336 4324 4327
f 4338 4337 4340
f 4320 4338 4339
f 4340 4339 4338
f 4338 4320 4324
f 4340 4342 4341
f 4341 4343 4340
f 4342 4340 4337
f 4339 4340 4343
f 4345 4344 4343
f 4344 4339 4343
f 4341 4345 4343
f 4345 4346 4344
f 4348 4346 4345
f 4347 4345 4341
f 4347 4348 4345
f 4347 4349 4348
f 4349 4353 4348
f 4348 4350 4352
f 4350 4348 4351
f 4351 4348 4353
f 4348 4352 4346
f 4349 4354 4353
f 4354 4351 4353
f 4352 4354 4355
f 4354 4352 4350
f 4351 4354 4350
f 4349 4355 4354
f 4355 4316 4356
f 4356 4352 4355
f 4316 4355 4318
f 4349 4318 4355
f 4357 4356 4316
f 4357 4358 4356
f 4352 4356 4358
f 4359 4360 4358
f 4358 4361 4359
f 4352 4358 4360
f 4358 4357 4361
f 4357 4363 4361
f 4362 4359 4361
f 4361 4363 4362
f 4291 4362 4363
f 4291 4363 4295
f 4364 4295 4363
f 4357 4364 4363
f 4313 4309 4364
f 4364 4357 4313
f 4295 4364 4296
f 4296 4364 4309
f 4291 4365 4362
f 4359 4362 4365
f 4365 4291 4290
f 4290 4305 4365
f 4359 4365 4367
f 4366 4365 4305
f 4365 4366 4367
f 4367 4368 4369
f 4368 4367 4366
f 4360 4367 4369
f 4360 4359 4367
f 4370 4369 4368
f 4369 4370 4344
f 4346 4369 4344
f 4346 4360 4369
f 4370 4368 4312
f 4339 4344 4370
f 4339 4370 4315
f 4370 4312 4315
f 4368 4366 4311
f 4368 4311 4312
f 4366 4305 4307
f 4366 4307 4311
f 4352 4360 4346
f 4316 4313 4357
f 4349 4347 4371
f 4371 4322 4349
f 4318 4349 4322
f 4373 4321 4371
f 4322 4371 4321
f 4371 4372 4373
f 4372 4371 4347
f 4373 4375 4374
f 4374 4325 4373
f 4321 4373 4325
f 4375 4373 4372
f 4376 4374 4375
f 4372 4377 4375
f 4375 4378 4376
f 4378 4375 4377
f 4379 4378 4380
f 4378 4379 4381
f 4377 4380 4378
f 4381 4376 4378
f 4381 4382 4376
f 4382 4381 4383
f 4381 4384 4383
f 4379 4384 4381
f 4389 4384 4385
f 4385 4384 4386
f 4386 4384 4387
f 4387 4384 4379
f 4383 4384 4388
f 4388 4384 4389
f 4389 4331 4390
f 4390 4388 4389
f 4331 4389 4385
f 4383 4390 4382
f 4328 4382 4390
f 4331 4328 4390
f 4390 4383 4388
f 4380 4387 4379
f 4380 4386 4387
f 4334 4385 4386
f 4386 4380 4334
f 4385 4334 4330
f 4385 4330 4331
f 4374 4376 4382
f 4382 4328 4374
f 4335 4334 4380
f 4380 4377 4335
f 4342 4335 4377
f 4377 4372 4342
f 4325 4374 4328
f 4347 4342 4372
f 4342 4347 4341
f 4335 4342 4337
f 4339 4315 4320
f 4309 4298 4296
f 4306 4292 4304
f 4305 4290 4306
f 4292 4306 4290
f 4293 4302 4304
f 4293 4304 4292
f 4391 4393 4392
f 4391 4392 4395
f 4391 4394 4393
f 4391 4398 4394
f 4391 4395 4396
f 4391 4396 4397
f 4391 4397 4399
f 4391 4399 4398
f 4400 4399 4397
f 4399 4400 4401
f 4401 4398 4399
f 4400 4403 4401
f 4398 4401 4402
f 4403 4402 4401
f 4403 4400 4406
f 4402 4403 4404
f 4403 4405 4404
f 4406 4405 4403
f 4406 4407 4409
f 4407 4406 4408
f 4406 4400 4408
f 4405 4406 4409
f 4409 4410 4405
f 4409 4411 4410
f 4411 4409 4407
f 4412 4411 4407
f 4411 4412 4414
f 4414 4413 4411
f 4413 4410 4411
f 4412 4415 4414
f 4413 4414 4416
f 4417 4414 4415
f 4414 4417 4416
f 4418 4416 4417
f 4417 4419 4418
f 4419 4417 4420
f 4415 4420 4417
f 4419 4420 4422
f 4420 4415 4421
f 4425 4420 4421
f 4420 4423 4422
f 4423 4420 4424
f 4420 4425 4424
f 4426 4424 4425
f 4425 4427 4426
f 4421 4427 4425
f 4429 4426 4427
f 4428 4429 4427
f 4427 4431 4428
f 4427 4421 4430
f 4431 4427 4430
f 4433 4432 4431
f 4434 4431 4432
f 4431 4430 4433
f 4431 4434 4428
f 4434 4435 4428
f 4434 4393 4435
f 4432 4393 4434
f 4404 4428 4435
f 4404 4435 4402
f 4402 4435 4394
f 4435 4393 4394
f 4436 4432 4433
f 4433 4430 4437
f 4437 4436 4433
f 4430 4421 4437
f 4436 4437 4412
f 4415 4412 4437
f 4437 4421 4415
f 4432 4436 4438
f 4408 4438 4436
f 4407 4436 4412
f 4436 4407 4408
f 4439 4395 4438
f 4438 4408 4439
f 4438 4392 4432
f 4392 4438 4395
f 4395 4439 4396
f 4400 4396 4439
f 4400 4439 4408
f 4393 4432 4392
f 4426 4429 4440
f 4404 4429 4428
f 4404 4405 4429
f 4405 4440 4429
f 4405 4410 4440
f 4410 4441 4440
f 4442 4440 4441
f 4440 4442 4426
f 4441 4444 4442
f 4443 4442 4444
f 4443 4426 4442
f 4444 4441 4448
f 4445 4443 4444
f 4444 4446 4445
f 4446 4444 4447
f 4448 4447 4444
f 4448 4449 4451
f 4448 4441 4449
f 4447 4448 4450
f 4450 4448 4451
f 4451 4449 4452
f 4454 4451 4452
f 4450 4451 4453
f 4454 4453 4451
f 4454 4452 4456
f 4455 4453 4454
f 4456 4455 4454
f 4452 4457 4456
f 4458 4456 4457
f 4456 4458 4460
f 4455 4456 4459
f 4460 4459 4456
f 4460 4462 4461
f 4461 4463 4460
f 4462 4460 4458
f 4459 4460 4463
f 4463 4464 4459
f 4464 4463 4465
f 4466 4465 4463
f 4463 4461 4466
f 4465 4466 4467
f 4468 4467 4466
f 4466 4469 4468
f 4469 4466 4461
f 4470 4468 4469
f 4447 4469 4446
f 4461 4446 4469
f 4469 4447 4470
f 4471 4472 4470
f 4470 4450 4471
f 4468 4470 4472
f 4450 4470 4447
f 4472 4471 4473
f 4473 4474 4472
f 4475 4472 4474
f 4468 4472 4475
f 4474 4476 4475
f 4478 4475 4476
f 4477 4468 4475
f 4475 4478 4477
f 4478 4476 4480
f 4477 4478 4479
f 4479 4478 4480
f 4482 4481 4480
f 4481 4484 4480
f 4483 4482 4480
f 4476 4483 4480
f 4484 4485 4480
f 4485 4479 4480
f 4484 4467 4485
f 4477 4485 4467
f 4485 4477 4479
f 4467 4484 4465
f 4484 4464 4465
f 4464 4484 4481
f 4483 4486 4482
f 4486 4483 4487
f 4476 4487 4483
f 4474 4488 4487
f 4455 4487 4488
f 4487 4455 4486
f 4487 4476 4474
f 4455 4488 4453
f 4453 4488 4471
f 4473 4471 4488
f 4488 4474 4473
f 4486 4481 4482
f 4481 4486 4464
f 4459 4486 4455
f 4486 4459 4464
f 4467 4468 4477
f 4471 4450 4453
f 4446 4461 4462
f 4462 4445 4446
f 4445 4462 4489
f 4458 4489 4462
f 4419 4490 4489
f 4489 4458 4419
f 4443 4489 4424
f 4423 4424 4489
f 4489 4443 4445
f 4423 4489 4490
f 4491 4423 4490
f 4419 4491 4490
f 4419 4422 4491
f 4423 4491 4422
f 4418 4458 4457
f 4458 4418 4419
f 4452 4492 4457
f 4492 4418 4457
f 4449 4492 4452
f 4449 4416 4492
f 4492 4416 4418
f 4416 4449 4413
f 4449 4441 4413
f 4424 4426 4443
f 4441 4410 4413
f 4402 4394 4398
f 4396 4400 4397
f 4494 4493 4499
f 4493 4494 4498
f 4495 4493 4496
f 4493 4495 4500
f 4493 4501 4496
f 4501 4493 4497
f 4498 4497 4493
f 4493 4500 4499
f 4497 4502 4501
f 4502 4503 4501
f 4503 4496 4501
f 4503 4504 4505
f 4504 4503 4506
f 4496 4503 4505
f 4503 4507 4506
f 4507 4503 4502
f 4508 4509 4507
f 4510 4508 4507
f 4507 4511 4506
f 4511 4507 4509
f 4510 4507 4502
f 4509 4512 4511
f 4514 4511 4512
f 4513 4506 4511
f 4511 4514 4513
f 4515 4514 4516
f 4517 4514 4515
f 4512 4516 4514
f 4513 4514 4517
f 4518 4517 4515
f 4520 4517 4518
f 4519 4513 4517
f 4517 4520 4519
f 4518 4523 4520
f 4521 4519 4520
f 4520 4522 4521
f 4522 4520 4523
f 4524 4526 4523
f 4523 4518 4524
f 4522 4523 4525
f 4525 4523 4526
f 4526 4524 4527
f 4528 4526 4527
f 4508 4525 4526
f 4526 4528 4508
f 4508 4528 4509
f 4528 4529 4509
f 4529 4528 4530
f 4527 4530 4528
f 4530 4531 4529
f 4533 4531 4530
f 4530 4527 4532
f 4532 4533 4530
f 4533 4532 4534
f 4534 4535 4533
f 4535 4531 4533
f 4531 4535 4536
f 4537 4536 4535
f 4538 4537 4535
f 4535 4534 4538
f 4538 4539 4541
f 4539 4538 4540
f 4534 4540 4538
f 4537 4538 4541
f 4539 4542 4541
f 4541 4542 4543
f 4544 4541 4543
f 4541 4544 4537
f 4544 4547 4537
f 4547 4544 4545
f 4546 4545 4544
f 4543 4546 4544
f 4536 4537 4547
f 4548 4536 4547
f 4547 4549 4548
f 4549 4547 4545
f 4549 4551 4550
f 4550 4548 4549
f 4551 4549 4552
f 4545 4552 4549
f 4552 4545 4553
f 4556 4552 4553
f 4552 4554 4551
f 4554 4552 4555
f 4552 4556 4555
f 4558 4556 4557
f 4556 4559 4557
f 4555 4556 4558
f 4546 4559 4556
f 4546 4556 4553
f 4559 4560 4561
f 4560 4559 4546
f 4561 4557 4559
f 4560 4562 4561
f 4562 4563 4561
f 4557 4561 4563
f 4563 4562 4564
f 4563 4564 4565
f 4557 4563 4565
f 4569 4566 4565
f 4566 4567 4565
f 4567 4568 4565
f 4568 4558 4565
f 4564 4569 4565
f 4558 4557 4565
f 4569 4570 4566
f 4570 4569 4571
f 4564 4571 4569
f 4571 4572 4570
f 4572 4571 4573
f 4571 4574 4573
f 4574 4571 4562
f 4571 4564 4562
f 4574 4575 4573
f 4575 4574 4542
f 4542 4574 4543
f 4543 4574 4560
f 4574 4562 4560
f 4573 4575 4572
f 4575 4576 4577
f 4542 4576 4575
f 4575 4577 4572
f 4576 4578 4577
f 4578 4550 4577
f 4577 4550 4551
f 4577 4551 4572
f 4580 4579 4578
f 4579 4550 4578
f 4578 4581 4580
f 4581 4578 4576
f 4540 4582 4581
f 4581 4539 4540
f 4582 4580 4581
f 4539 4581 4576
f 4582 4583 4584
f 4582 4585 4583
f 4580 4582 4584
f 4585 4582 4586
f 4586 4582 4540
f 4585 4586 4532
f 4532 4586 4534
f 4586 4540 4534
f 4524 4585 4527
f 4527 4585 4532
f 4585 4524 4583
f 4583 4515 4584
f 4515 4516 4584
f 4587 4584 4516
f 4584 4587 4580
f 4589 4587 4516
f 4588 4579 4587
f 4587 4589 4588
f 4587 4579 4580
f 4589 4529 4531
f 4529 4589 4512
f 4531 4588 4589
f 4516 4512 4589
f 4579 4588 4548
f 4536 4548 4588
f 4531 4536 4588
f 4524 4518 4583
f 4583 4518 4515
f 4548 4550 4579
f 4576 4542 4539
f 4554 4572 4551
f 4572 4554 4570
f 4554 4566 4570
f 4555 4558 4568
f 4568 4554 4555
f 4554 4568 4567
f 4566 4554 4567
f 4546 4543 4560
f 4545 4546 4553
f 4512 4509 4529
f 4498 4494 4525
f 4525 4510 4498
f 4525 4508 4510
f 4525 4499 4522
f 4499 4525 4494
f 4499 4521 4522
f 4519 4521 4590
f 4521 4499 4500
f 4495 4521 4500
f 4521 4495 4590
f 4504 4590 4505
f 4590 4504 4519
f 4505 4590 4495
f 4504 4513 4519
f 4506 4513 4504
f 4510 4502 4498
f 4496 4505 4495
f 4498 4502 4497
f 4592 4596 4591
f 4593 4592 4591
f 4594 4593 4591
f 4595 4594 4591
f 4595 4591 4596
f 4596 4598 4595
f 4599 4596 4597
f 4596 4600 4597
f 4598 4596 4599
f 4596 4592 4600
f 4592 4601 4600
f 4601 4597 4600
f 4597 4601 4602
f 4601 4606 4602
f 4601 4603 4604
f 4603 4601 4605
f 4606 4601 4604
f 4592 4605 4601
f 4606 4607 4608
f 4606 4609 4607
f 4609 4606 4604
f 4602 4606 4608
f 4611 4609 4610
f 4604 4610 4609
f 4612 4609 4611
f 4609 4612 4607
f 4612 4613 4608
f 4611 4613 4612
f 4607 4612 4608
f 4613 4598 4608
f 4613 4595 4598
f 4595 4613 4614
f 4613 4611 4614
f 4615 4595 4614
f 4611 4615 4614
f 4616 4594 4615
f 4616 4615 4617
f 4615 4594 4595
f 4615 4611 4617
f 4617 4611 4610
f 4610 4618 4617
f 4618 4616 4617
f 4618 4619 4616
f 4619 4618 4620
f 4621 4620 4618
f 4618 4610 4621
f 4620 4621 4622
f 4622 4621 4623
f 4621 4603 4623
f 4621 4610 4603
f 4622 4623 4624
f 4625 4624 4623
f 4623 4605 4625
f 4605 4623 4603
f 4624 4625 4628
f 4626 4625 4627
f 4625 4626 4628
f 4625 4605 4627
f 4628 4629 4624
f 4629 4628 4631
f 4630 4628 4626
f 4630 4631 4628
f 4631 4634 4629
f 4631 4632 4633
f 4632 4631 4630
f 4634 4631 4633
f 4636 4634 4635
f 4633 4635 4634
f 4634 4636 4637
f 4637 4629 4634
f 4638 4637 4636
f 4639 4637 4638
f 4637 4639 4640
f 4629 4637 4640
f 4639 4620 4640
f 4620 4622 4640
f 4622 4624 4640
f 4640 4624 4629
f 4641 4620 4639
f 4642 4639 4638
f 4639 4642 4641
f 4643 4642 4644
f 4642 4643 4641
f 4645 4644 4642
f 4638 4645 4642
f 4646 4648 4645
f 4645 4638 4646
f 4647 4644 4645
f 4648 4647 4645
f 4648 4646 4651
f 4647 4648 4649
f 4650 4649 4648
f 4651 4650 4648
f 4651 4646 4636
f 4651 4636 4652
f 4652 4653 4651
f 4650 4651 4653
f 4653 4654 4650
f 4654 4653 4655
f 4655 4653 4656
f 4653 4652 4656
f 4655 4656 4657
f 4656 4658 4657
f 4656 4652 4659
f 4658 4656 4659
f 4660 4658 4659
f 4659 4661 4660
f 4661 4659 4662
f 4652 4662 4659
f 4662 4663 4661
f 4663 4662 4635
f 4652 4635 4662
f 4661 4663 4664
f 4664 4663 4665
f 4633 4665 4663
f 4635 4633 4663
f 4667 4664 4665
f 4666 4665 4632
f 4666 4667 4665
f 4665 4633 4632
f 4649 4667 4647
f 4647 4667 4666
f 4668 4667 4649
f 4667 4668 4669
f 4669 4664 4667
f 4668 4670 4669
f 4664 4669 4673
f 4670 4671 4669
f 4672 4669 4671
f 4669 4672 4673
f 4673 4660 4661
f 4672 4660 4673
f 4673 4661 4664
f 4660 4672 4674
f 4674 4672 4675
f 4671 4675 4672
f 4677 4675 4676
f 4678 4676 4675
f 4675 4677 4679
f 4675 4671 4678
f 4675 4679 4674
f 4680 4674 4679
f 4680 4679 4677
f 4677 4682 4680
f 4657 4658 4680
f 4674 4680 4658
f 4681 4680 4682
f 4681 4657 4680
f 4683 4682 4684
f 4683 4681 4682
f 4682 4677 4684
f 4676 4685 4684
f 4685 4686 4684
f 4686 4688 4684
f 4677 4676 4684
f 4687 4683 4684
f 4688 4687 4684
f 4688 4689 4690
f 4689 4688 4686
f 4687 4688 4690
f 4690 4670 4654
f 4670 4690 4689
f 4655 4690 4654
f 4690 4691 4687
f 4690 4655 4691
f 4657 4691 4655
f 4691 4657 4681
f 4681 4687 4691
f 4686 4678 4689
f 4689 4678 4671
f 4670 4689 4671
f 4687 4681 4683
f 4678 4686 4685
f 4676 4678 4685
f 4658 4660 4674
f 4670 4668 4654
f 4668 4649 4650
f 4654 4668 4650
f 4644 4666 4692
f 4666 4644 4647
f 4692 4666 4632
f 4644 4692 4643
f 4643 4692 4693
f 4630 4692 4632
f 4692 4630 4693
f 4694 4693 4695
f 4693 4694 4643
f 4693 4630 4626
f 4695 4693 4626
f 4696 4695 4593
f 4695 4627 4593
f 4694 4695 4696
f 4627 4695 4626
f 4594 4696 4593
f 4594 4616 4696
f 4619 4696 4616
f 4696 4619 4694
f 4641 4694 4619
f 4641 4643 4694
f 4652 4636 4635
f 4646 4638 4636
f 4620 4641 4619
f 4627 4605 4592
f 4592 4593 4627
f 4610 4604 4603
f 4598 4599 4608
f 4599 4597 4608
f 4597 4602 4608
f 4697 4699 4698
f 4697 4698 4701
f 4699 4697 4700
f 4703 4700 4697
f 4702 4697 4701
f 4697 4702 4703
f 4705 4703 4704
f 4706 4704 4703
f 4703 4705 4700
f 4702 4706 4703
f 4704 4706 4707
f 4706 4708 4707
f 4709 4708 4706
f 4706 4702 4709
f 4709 4702 4701
f 4710 4709 4701
f 4708 4709 4710
f 4711 4710 4701
f 4711 4708 4710
f 4713 4712 4711
f 4708 4711 4712
f 4713 4711 4701
f 4713 4714 4715
f 4714 4713 4701
f 4712 4713 4716
f 4715 4716 4713
f 4715 4717 4716
f 4716 4717 4712
f 4717 4715 4718
f 4719 4717 4718
f 4717 4719 4721
f 4717 4720 4722
f 4721 4720 4717
f 4712 4717 4722
f 4724 4722 4723
f 4720 4723 4722
f 4725 4722 4724
f 4725 4712 4722
f 4726 4725 4724
f 4725 4726 4707
f 4707 4708 4725
f 4712 4725 4708
f 4724 4729 4726
f 4727 4707 4726
f 4728 4727 4726
f 4728 4726 4729
f 4733 4729 4730
f 4732 4730 4729
f 4729 4724 4732
f 4729 4733 4731
f 4731 4728 4729
f 4730 4734 4733
f 4736 4731 4733
f 4733 4734 4735
f 4733 4735 4736
f 4736 4738 4737
f 4737 4739 4736
f 4736 4735 4738
f 4731 4736 4739
f 4739 4737 4740
f 4742 4739 4740
f 4741 4731 4739
f 4739 4742 4741
f 4742 4743 4741
f 4743 4742 4746
f 4742 4744 4746
f 4744 4742 4745
f 4745 4742 4740
f 4743 4746 4747
f 4747 4746 4744
f 4749 4748 4747
f 4747 4748 4743
f 4747 4744 4751
f 4750 4749 4747
f 4751 4750 4747
f 4752 4750 4751
f 4752 4751 4753
f 4744 4753 4751
f 4754 4752 4753
f 4745 4753 4744
f 4753 4756 4754
f 4753 4745 4755
f 4756 4753 4755
f 4756 4755 4757
f 4758 4756 4757
f 4758 4754 4756
f 4754 4758 4759
f 4758 4761 4759
f 4760 4758 4757
f 4761 4758 4760
f 4761 4763 4762
f 4761 4762 4759
f 4763 4761 4764
f 4761 4766 4764
f 4766 4761 4765
f 4760 4765 4761
f 4766 4767 4768
f 4767 4766 4765
f 4769 4766 4768
f 4766 4769 4764
f 4763 4769 4771
f 4769 4763 4764
f 4770 4769 4772
f 4770 4771 4769
f 4768 4772 4769
f 4775 4772 4773
f 4772 4738 4773
f 4738 4772 4774
f 4772 4768 4774
f 4775 4770 4772
f 4775 4773 4776
f 4778 4775 4776
f 4775 4777 4770
f 4777 4775 4749
f 4779 4749 4775
f 4775 4778 4779
f 4779 4780 4781
f 4780 4779 4778
f 4779 4781 4782
f 4779 4782 4748
f 4749 4779 4748
f 4783 4785 4782
f 4782 4784 4783
f 4784 4782 4781
f 4785 4748 4782
f 4783 4786 4785
f 4785 4786 4787
f 4787 4748 4785
f 4787 4786 4789
f 4789 4788 4787
f 4787 4788 4790
f 4748 4787 4790
f 4790 4743 4748
f 4788 4743 4790
f 4786 4793 4789
f 4788 4789 4791
f 4789 4792 4791
f 4789 4793 4792
f 4786 4797 4793
f 4793 4794 4792
f 4794 4793 4795
f 4793 4796 4795
f 4797 4796 4793
f 4786 4783 4797
f 4784 4797 4783
f 4798 4797 4799
f 4797 4798 4796
f 4797 4784 4799
f 4801 4798 4799
f 4800 4801 4799
f 4784 4800 4799
f 4798 4801 4802
f 4803 4802 4801
f 4804 4803 4801
f 4801 4800 4804
f 4806 4805 4804
f 4803 4804 4805
f 4806 4804 4800
f 4806 4800 4807
f 4807 4808 4806
f 4808 4809 4806
f 4806 4809 4805
f 4813 4805 4809
f 4809 4811 4810
f 4812 4809 4810
f 4811 4809 4814
f 4809 4812 4813
f 4809 4808 4814
f 4816 4815 4814
f 4814 4815 4811
f 4814 4817 4816
f 4808 4817 4814
f 4808 4818 4817
f 4819 4817 4818
f 4820 4817 4819
f 4820 4816 4817
f 4820 4821 4822
f 4821 4820 4819
f 4822 4823 4820
f 4823 4824 4820
f 4816 4820 4824
f 4823 4826 4824
f 4826 4825 4824
f 4825 4816 4824
f 4827 4826 4823
f 4829 4825 4826
f 4826 4827 4828
f 4828 4829 4826
f 4830 4829 4831
f 4829 4830 4832
f 4829 4828 4831
f 4825 4829 4832
f 4832 4833 4825
f 4833 4832 4834
f 4832 4835 4834
f 4835 4832 4830
f 4838 4834 4835
f 4835 4836 4837
f 4836 4835 4830
f 4837 4838 4835
f 4834 4838 4841
f 4839 4838 4837
f 4839 4840 4838
f 4840 4841 4838
f 4834 4841 4815
f 4841 4811 4815
f 4840 4842 4841
f 4841 4842 4811
f 4843 4844 4842
f 4720 4843 4842
f 4840 4720 4842
f 4811 4842 4844
f 4844 4847 4811
f 4848 4844 4845
f 4844 4843 4845
f 4846 4847 4844
f 4844 4848 4846
f 4848 4850 4849
f 4849 4851 4848
f 4850 4848 4845
f 4846 4848 4851
f 4846 4851 4852
f 4851 4853 4852
f 4853 4851 4854
f 4851 4856 4854
f 4851 4849 4855
f 4856 4851 4855
f 4854 4856 4858
f 4857 4856 4855
f 4856 4857 4858
f 4858 4859 4860
f 4859 4858 4861
f 4854 4858 4860
f 4857 4861 4858
f 4861 4862 4863
f 4861 4857 4862
f 4859 4861 4863
f 4864 4863 4865
f 4863 4864 4859
f 4866 4865 4863
f 4862 4866 4863
f 4865 4866 4867
f 4867 4866 4869
f 4866 4868 4869
f 4866 4862 4868
f 4867 4869 4870
f 4871 4870 4869
f 4869 4872 4871
f 4872 4869 4873
f 4869 4868 4873
f 4873 4874 4872
f 4874 4873 4875
f 4873 4868 4875
f 4876 4875 4877
f 4875 4876 4874
f 4862 4877 4875
f 4862 4875 4868
f 4862 4857 4877
f 4877 4855 4849
f 4855 4877 4857
f 4877 4849 4876
f 4849 4850 4876
f 4850 4878 4876
f 4874 4876 4878
f 4878 4850 4879
f 4874 4878 4880
f 4881 4878 4879
f 4880 4878 4881
f 4881 4879 4882
f 4881 4882 4885
f 4880 4881 4883
f 4883 4881 4884
f 4885 4884 4881
f 4886 4885 4882
f 4885 4886 4887
f 4887 4888 4885
f 4884 4885 4888
f 4889 4884 4888
f 4891 4889 4888
f 4890 4891 4888
f 4888 4887 4890
f 4891 4890 4892
f 4892 4894 4891
f 4889 4891 4893
f 4894 4893 4891
f 4895 4897 4894
f 4894 4896 4895
f 4896 4894 4892
f 4897 4893 4894
f 4898 4899 4897
f 4897 4895 4898
f 4897 4899 4900
f 4893 4897 4900
f 4889 4900 4902
f 4900 4889 4893
f 4900 4901 4902
f 4901 4900 4899
f 4901 4903 4902
f 4903 4883 4902
f 4883 4889 4902
f 4903 4901 4905
f 4903 4904 4907
f 4905 4904 4903
f 4903 4906 4880
f 4906 4903 4907
f 4903 4880 4883
f 4908 4907 4910
f 4908 4906 4907
f 4909 4907 4904
f 4907 4909 4910
f 4909 4911 4910
f 4912 4910 4911
f 4912 4913 4910
f 4913 4908 4910
f 4914 4917 4913
f 4915 4914 4913
f 4913 4912 4915
f 4908 4913 4916
f 4916 4913 4917
f 4917 4918 4916
f 4918 4917 4919
f 4919 4917 4920
f 4914 4920 4917
f 4920 4914 4886
f 4879 4920 4886
f 4920 4719 4919
f 4719 4920 4879
f 4719 4918 4919
f 4921 4916 4918
f 4918 4718 4921
f 4918 4719 4718
f 4924 4916 4921
f 4923 4921 4718
f 4705 4922 4921
f 4924 4921 4922
f 4705 4921 4923
f 4925 4927 4924
f 4924 4922 4925
f 4927 4926 4924
f 4916 4924 4926
f 4925 4794 4927
f 4795 4927 4794
f 4927 4795 4928
f 4926 4927 4928
f 4929 4928 4795
f 4928 4929 4930
f 4930 4926 4928
f 4931 4926 4930
f 4932 4931 4930
f 4929 4932 4930
f 4931 4932 4908
f 4932 4929 4933
f 4934 4932 4933
f 4934 4908 4932
f 4935 4906 4934
f 4933 4935 4934
f 4908 4934 4906
f 4936 4906 4935
f 4937 4936 4935
f 4933 4937 4935
f 4933 4798 4937
f 4937 4798 4802
f 4937 4802 4938
f 4936 4937 4938
f 4939 4938 4802
f 4939 4940 4938
f 4940 4936 4938
f 4940 4813 4936
f 4940 4805 4813
f 4805 4940 4803
f 4803 4940 4939
f 4802 4803 4939
f 4936 4880 4906
f 4880 4936 4813
f 4798 4933 4929
f 4931 4916 4926
f 4908 4916 4931
f 4796 4929 4795
f 4796 4798 4929
f 4794 4925 4941
f 4942 4941 4925
f 4922 4942 4925
f 4942 4943 4945
f 4942 4944 4943
f 4942 4922 4944
f 4945 4941 4942
f 4945 4946 4791
f 4945 4791 4792
f 4792 4941 4945
f 4946 4945 4943
f 4788 4791 4946
f 4788 4946 4944
f 4943 4944 4946
f 4944 4947 4788
f 4944 4922 4947
f 4947 4704 4727
f 4704 4947 4705
f 4947 4922 4705
f 4948 4947 4727
f 4788 4947 4948
f 4948 4727 4728
f 4741 4948 4728
f 4743 4788 4948
f 4948 4741 4743
f 4941 4792 4794
f 4700 4705 4923
f 4715 4923 4718
f 4923 4715 4699
f 4700 4923 4699
f 4914 4915 4949
f 4915 4950 4949
f 4950 4915 4951
f 4912 4951 4915
f 4898 4951 4952
f 4898 4950 4951
f 4953 4952 4951
f 4912 4953 4951
f 4911 4954 4953
f 4953 4912 4911
f 4954 4952 4953
f 4901 4899 4954
f 4901 4954 4905
f 4954 4911 4909
f 4904 4954 4909
f 4954 4904 4905
f 4952 4954 4899
f 4899 4898 4952
f 4950 4955 4949
f 4950 4896 4955
f 4896 4950 4895
f 4950 4898 4895
f 4955 4887 4949
f 4896 4890 4955
f 4887 4955 4890
f 4949 4886 4914
f 4886 4949 4887
f 4890 4896 4892
f 4889 4883 4884
f 4879 4886 4882
f 4880 4812 4874
f 4812 4880 4813
f 4850 4843 4879
f 4843 4719 4879
f 4874 4812 4872
f 4872 4812 4871
f 4870 4871 4956
f 4812 4956 4871
f 4810 4870 4956
f 4812 4810 4956
f 4957 4867 4870
f 4870 4810 4957
f 4867 4957 4865
f 4958 4865 4957
f 4957 4847 4958
f 4957 4810 4847
f 4865 4958 4959
f 4958 4852 4959
f 4847 4846 4958
f 4852 4958 4846
f 4865 4959 4864
f 4959 4852 4853
f 4853 4960 4959
f 4864 4959 4960
f 4960 4859 4864
f 4854 4960 4853
f 4960 4854 4860
f 4859 4960 4860
f 4843 4850 4845
f 4810 4811 4847
f 4719 4843 4721
f 4843 4720 4721
f 4720 4840 4961
f 4961 4840 4962
f 4840 4963 4962
f 4840 4839 4963
f 4780 4962 4963
f 4963 4964 4780
f 4964 4963 4839
f 4964 4837 4965
f 4837 4964 4839
f 4966 4964 4965
f 4966 4780 4964
f 4967 4966 4969
f 4966 4967 4781
f 4968 4966 4965
f 4969 4966 4968
f 4781 4780 4966
f 4970 4969 4968
f 4972 4969 4970
f 4969 4972 4971
f 4969 4971 4967
f 4970 4974 4972
f 4972 4973 4971
f 4973 4972 4818
f 4818 4972 4819
f 4974 4821 4972
f 4972 4821 4819
f 4968 4974 4970
f 4974 4968 4975
f 4975 4821 4974
f 4821 4975 4822
f 4977 4822 4975
f 4975 4978 4976
f 4976 4977 4975
f 4975 4968 4978
f 4978 4968 4965
f 4978 4965 4836
f 4979 4978 4836
f 4978 4979 4976
f 4830 4979 4836
f 4979 4830 4831
f 4831 4828 4979
f 4828 4976 4979
f 4828 4977 4976
f 4822 4977 4827
f 4977 4828 4827
f 4971 4973 4980
f 4973 4808 4980
f 4818 4808 4973
f 4980 4967 4971
f 4808 4807 4980
f 4807 4967 4980
f 4781 4967 4807
f 4965 4837 4836
f 4778 4962 4780
f 4730 4981 4962
f 4734 4730 4962
f 4962 4981 4961
f 4778 4734 4962
f 4981 4730 4982
f 4983 4981 4982
f 4983 4961 4981
f 4732 4723 4983
f 4982 4732 4983
f 4961 4983 4723
f 4730 4732 4982
f 4723 4720 4961
f 4833 4834 4815
f 4816 4825 4833
f 4815 4816 4833
f 4823 4822 4827
f 4807 4800 4781
f 4800 4784 4781
f 4776 4734 4778
f 4987 4777 4749
f 4777 4771 4770
f 4771 4777 4984
f 4984 4777 4985
f 4986 4985 4777
f 4777 4987 4986
f 4750 4988 4987
f 4749 4750 4987
f 4987 4988 4986
f 4750 4752 4988
f 4985 4988 4989
f 4988 4985 4986
f 4988 4990 4989
f 4990 4988 4752
f 4989 4990 4759
f 4752 4754 4990
f 4759 4990 4754
f 4989 4984 4985
f 4984 4989 4762
f 4762 4989 4759
f 4762 4763 4984
f 4771 4984 4763
f 4773 4735 4776
f 4734 4776 4735
f 4774 4767 4991
f 4767 4774 4768
f 4991 4738 4774
f 4738 4991 4737
f 4991 4740 4737
f 4740 4991 4992
f 4767 4992 4991
f 4755 4992 4757
f 4745 4992 4755
f 4992 4767 4757
f 4992 4745 4740
f 4773 4738 4735
f 4757 4767 4760
f 4760 4767 4765
f 4728 4731 4741
f 4723 4732 4724
f 4727 4704 4707
f 4699 4715 4714
f 4698 4714 4701
f 4698 4699 4714
f 4993 4995 4994
f 4994 4997 4993
f 4993 4996 4995
f 4996 4993 4998
f 4997 5001 4993
f 4999 4998 4993
f 4993 5000 4999
f 4993 5001 5000
f 5002 5000 5001
f 5003 5002 5001
f 5001 4997 5003
f 5004 5003 5005
f 5003 5004 5006
f 5005 5003 4997
f 5006 5007 5003
f 5002 5003 5007
f 5007 5006 5008
f 5008 5009 5007
f 5009 5002 5007
f 5010 5009 5008
f 5011 5009 5010
f 5009 5011 5012
f 5002 5009 5012
f 5000 5012 5011
f 5000 5002 5012
f 5011 5014 5013
f 5013 4999 5011
f 5014 5011 5010
f 5000 5011 4999
f 5015 5013 5014
f 5014 5010 5008
f 5008 5015 5014
f 5018 5015 5016
f 5017 5016 5015
f 5015 5008 5017
f 5015 5018 5019
f 5013 5015 5019
f 4998 5019 4996
f 5019 4998 5013
f 4996 5019 5018
f 5020 5021 5018
f 5020 5018 5016
f 5018 5021 4996
f 5021 5022 4995
f 5021 4995 4996
f 5020 5022 5021
f 4995 5022 4994
f 5022 5023 4994
f 5020 5023 5022
f 5024 5023 5020
f 4994 5023 5005
f 5005 5023 5024
f 5025 5024 5020
f 5025 5005 5024
f 5020 5026 5025
f 5005 5025 5004
f 5025 5026 5017
f 5017 5004 5025
f 5020 5016 5026
f 5016 5017 5026
f 5004 5017 5006
f 5017 5008 5006
f 4999 5013 4998
f 5005 4997 4994
f 5027 5029 5028
f 5028 5031 5027
f 5030 5029 5027
f 5027 5032 5030
f 5027 5031 5032
f 5032 5033 5034
f 5033 5032 5031
f 5030 5032 5034
f 5034 5036 5035
f 5034 5035 5030
f 5036 5034 5037
f 5038 5037 5034
f 5034 5039 5038
f 5034 5033 5039
f 5039 5040 5042
f 5040 5039 5033
f 5039 5041 5038
f 5039 5042 5041
f 5043 5041 5042
f 5040 5043 5042
f 5044 5045 5043
f 5044 5043 5046
f 5041 5043 5045
f 5043 5040 5046
f 5046 5047 5044
f 5047 5046 5031
f 5046 5040 5031
f 5047 5028 5048
f 5048 5044 5047
f 5031 5028 5047
f 5049 5048 5028
f 5048 5049 5050
f 5051 5048 5050
f 5048 5051 5052
f 5052 5053 5048
f 5048 5053 5044
f 5053 5045 5044
f 5045 5053 5054
f 5052 5054 5053
f 5054 5052 5055
f 5055 5037 5054
f 5038 5054 5037
f 5054 5041 5045
f 5054 5038 5041
f 5036 5055 5056
f 5037 5055 5036
f 5052 5056 5055
f 5057 5056 5051
f 5057 5058 5056
f 5056 5052 5051
f 5056 5058 5036
f 5059 5035 5058
f 5058 5035 5036
f 5057 5059 5058
f 5057 5060 5059
f 5030 5059 5060
f 5059 5030 5035
f 5029 5030 5060
f 5029 5060 5057
f 5049 5029 5057
f 5057 5050 5049
f 5057 5051 5050
f 5028 5029 5049
f 5031 5040 5033
f 5061 5063 5062
f 5061 5062 5065
f 5064 5063 5061
f 5061 5068 5064
f 5066 5061 5065
f 5061 5066 5067
f 5068 5061 5067
f 5068 5067 5069
f 5070 5064 5068
f 5070 5068 5069
f 5069 5071 5070
f 5071 5072 5070
f 5070 5072 5073
f 5064 5070 5073
f 5073 5074 5064
f 5073 5075 5074
f 5073 5076 5075
f 5076 5073 5072
f 5076 5077 5075
f 5077 5076 5078
f 5076 5079 5078
f 5076 5080 5079
f 5076 5081 5080
f 5081 5076 5072
f 5081 5082 5080
f 5082 5081 5083
f 5072 5084 5081
f 5083 5081 5084
f 5084 5072 5071
f 5084 5085 5083
f 5069 5084 5071
f 5069 5085 5084
f 5085 5087 5086
f 5086 5083 5085
f 5069 5087 5085
f 5066 5086 5087
f 5069 5066 5087
f 5062 5086 5065
f 5086 5066 5065
f 5086 5062 5088
f 5088 5083 5086
f 5089 5082 5088
f 5089 5088 5062
f 5083 5088 5082
f 5082 5089 5091
f 5062 5090 5089
f 5090 5091 5089
f 5078 5091 5092
f 5091 5078 5079
f 5090 5092 5091
f 5082 5091 5079
f 5078 5092 5093
f 5090 5093 5092
f 5074 5093 5094
f 5093 5090 5094
f 5075 5093 5074
f 5093 5075 5077
f 5077 5078 5093
f 5063 5094 5062
f 5094 5063 5074
f 5062 5094 5090
f 5082 5079 5080
f 5064 5074 5063
f 5069 5067 5066
f 5095 5097 5096
f 5096 5098 5095
f 5097 5095 5099
f 5102 5095 5098
f 5100 5099 5095
f 5095 5101 5100
f 5095 5102 5101
f 5102 5104 5101
f 5103 5104 5102
f 5098 5103 5102
f 5104 5105 5107
f 5104 5106 5105
f 5104 5103 5106
f 5104 5107 5108
f 5104 5108 5100
f 5104 5100 5101
f 5107 5109 5108
f 5109 5100 5108
f 5110 5111 5109
f 5109 5107 5110
f 5097 5109 5111
f 5109 5097 5099
f 5100 5109 5099
f 5112 5111 5113
f 5112 5097 5111
f 5110 5113 5111
f 5113 5114 5112
f 5114 5113 5115
f 5115 5113 5116
f 5113 5117 5116
f 5117 5113 5110
f 5117 5119 5116
f 5119 5117 5118
f 5105 5118 5117
f 5110 5105 5117
f 5120 5121 5119
f 5119 5118 5120
f 5122 5119 5121
f 5119 5122 5123
f 5119 5123 5115
f 5116 5119 5115
f 5124 5123 5122
f 5124 5125 5123
f 5114 5123 5125
f 5123 5114 5115
f 5124 5126 5125
f 5125 5126 5114
f 5126 5124 5127
f 5114 5126 5112
f 5097 5112 5126
f 5097 5126 5127
f 5127 5096 5097
f 5096 5127 5128
f 5124 5128 5127
f 5098 5096 5128
f 5128 5120 5098
f 5124 5121 5128
f 5120 5128 5121
f 5121 5124 5122
f 5118 5103 5120
f 5103 5098 5120
f 5118 5105 5106
f 5103 5118 5106
f 5105 5110 5107
