# FoxGirl fixture, cloth-fit garment-data, Blender (x,y,z) -> Godot (x,z,-y)
# scale 0.283917636 (avatar height 5.987652 -> 1.700 m), then y += -0.281784847 (feet on y=0)
# written by tools/fixtures/foxgirl_convert.py; see CITATION.cff
v 3.961631 -0.2882306 0.06521645
v 3.975857 -0.2912921 0.06708434
v 3.975323 -0.2721651 0.06410718
v 3.960999 -0.2694268 0.06218336
v 3.977023 -0.4032022 0.07702685
v 3.961884 -0.3894538 0.07153589
v 3.961519 -0.4355717 0.0743867
v 3.976966 -0.4463992 0.08072034
v 3.977949 -0.5212492 0.08705369
v 3.960929 -0.5093267 0.07961079
v 3.960339 -0.5728859 0.08609887
v 3.979929 -0.5741218 0.09151943
v 3.939668 -0.520182 0.08729246
v 3.961097 -0.4860991 0.07791154
v 3.941297 -0.4907897 0.0836833
v 3.945046 -0.4024439 0.07640905
v 3.943066 -0.4449946 0.07993389
v 3.963232 -0.3073153 0.06678935
v 3.949526 -0.3107419 0.06840428
v 3.94711 -0.3531101 0.07232234
v 3.962095 -0.3407242 0.06882561
v 3.949975 -0.2687527 0.06205673
v 3.949821 -0.287669 0.06591858
v 3.928433 -0.2506791 0.04944596
v 3.931509 -0.268851 0.05677671
v 3.942392 -0.2683456 0.05850378
v 3.944344 -0.2508478 0.05516151
v 3.938109 -0.3461166 0.06615735
v 3.940229 -0.3083967 0.06280116
v 3.929262 -0.3071889 0.06211295
v 3.927577 -0.3447405 0.06517443
v 3.925273 -0.3974586 0.06899426
v 3.928518 -0.4393214 0.07112875
v 3.936115 -0.395296 0.06952774
v 3.924262 -0.5138625 0.07663363
v 3.925639 -0.4873912 0.07434468
v 3.919108 -0.4899609 0.0749906
v 3.917142 -0.519592 0.0774763
v 3.929542 -0.5713414 0.07815032
v 3.932941 -0.5116156 0.07558029
v 3.920906 -0.5710884 0.08100113
v 3.91387 -0.5707656 0.0818015
v 3.924333 -0.2684578 0.05217043
v 3.923364 -0.2855485 0.05452979
v 3.929178 -0.2880481 0.0601048
v 3.921046 -0.3939337 0.06437407
v 3.91717 -0.3979642 0.05966955
v 3.915162 -0.4384367 0.06218336
v 3.918771 -0.4387737 0.0675758
v 3.916244 -0.4870119 0.06990705
v 3.912691 -0.4839084 0.0632225
v 3.911132 -0.507557 0.06434596
v 3.91453 -0.5135536 0.0719152
v 3.910725 -0.5701756 0.07660552
v 3.906708 -0.5692909 0.0709743
v 3.914825 -0.264582 0.04582289
v 3.912101 -0.2831471 0.04992351
v 3.910135 -0.3043943 0.05283054
v 3.921889 -0.3064167 0.05628497
v 3.912311 -0.3878812 0.06021723
v 3.903127 -0.3988347 0.06138271
v 3.90081 -0.4422281 0.06459864
v 3.909756 -0.4325945 0.06375598
v 3.897482 -0.4881495 0.06836226
v 3.894898 -0.5176542 0.0709601
v 3.904082 -0.5125565 0.07105862
v 3.906119 -0.486071 0.06851671
v 3.89018 -0.5679849 0.07517316
v 3.898872 -0.5684624 0.07709698
v 3.917226 -0.2497944 0.04079556
v 3.910303 -0.2478005 0.02708943
v 3.906245 -0.262602 0.03331035
v 3.902313 -0.2809141 0.03710207
v 3.897285 -0.3393477 0.0424667
v 3.907762 -0.3440383 0.05711372
v 3.899504 -0.3023161 0.03999491
v 3.901723 -0.2625738 0.02315717
v 3.895544 -0.2790042 0.02444928
v 3.883312 -0.340078 0.02593786
v 3.887048 -0.3366937 0.0319061
v 3.890011 -0.3014314 0.02640122
v 3.877962 -0.3869403 0.02935027
v 3.882807 -0.3879655 0.03530459
v 3.872836 -0.4314571 0.01310223
v 3.873707 -0.4320749 0.032215
v 3.878622 -0.386561 0.01275131
v 3.869817 -0.5661312 0.04792927
v 3.881023 -0.5676198 0.05573729
v 3.886893 -0.5108854 0.05041497
v 3.874451 -0.5089473 0.04354785
v 3.862051 -0.5647269 0.04099203
v 3.909699 -0.2458201 0.01088341
v 3.904503 -0.2589928 0.01390288
v 3.898395 -0.2758166 0.01276522
v 3.892567 -0.2977799 0.01182432
v 3.885854 -0.335767 0.01251253
v 3.867022 -0.5079082 0.03736896
v 3.863455 -0.5074588 0.0136218
v 3.856434 -0.5647971 0.01468905
v 3.854243 -0.5645864 -0.002963248
v 3.861293 -0.505872 -0.002148689
v 3.860857 -0.5645444 -0.007105891
v 3.884576 -0.3351631 0.0009269911
v 3.877204 -0.3860275 -0.0004352457
v 3.891008 -0.30101 0.001418453
v 3.895179 -0.2800856 0.003651181
v 3.901737 -0.2620262 0.006207007
v 3.871109 -0.4308393 -0.001306021
v 3.888958 -0.379708 -0.007653568
v 3.883088 -0.4269071 -0.008987697
v 3.865309 -0.4778839 -0.002654062
v 3.877597 -0.4785017 -0.01127664
v 3.873594 -0.5040603 -0.01058842
v 3.914516 -0.2452023 -0.003931975
v 3.907677 -0.2595686 -0.003033376
v 3.901962 -0.275985 -0.004072515
v 3.898647 -0.2973166 -0.007007655
v 3.893676 -0.331961 -0.006052556
v 3.911216 -0.2589085 -0.01093963
v 3.905557 -0.2784707 -0.01359369
v 3.897201 -0.3366798 -0.01638829
v 3.902622 -0.3016279 -0.01742772
v 3.887764 -0.4327351 -0.02020812
v 3.892609 -0.3873897 -0.01901453
v 3.882568 -0.4809173 -0.0216967
v 3.880026 -0.5089473 -0.02331163
v 3.867401 -0.5645864 -0.01357978
v 3.873889 -0.5647409 -0.02464575
v 3.916244 -0.2582344 -0.01838253
v 3.91255 -0.2741032 -0.02199169
v 3.910078 -0.2945643 -0.02474399
v 3.905725 -0.3349382 -0.02612042
v 3.897187 -0.4374816 -0.02704713
v 3.902692 -0.3913637 -0.02661188
v 3.895052 -0.4822934 -0.02836735
v 3.8956 -0.50781 -0.02937838
v 3.922254 -0.2453991 -0.01588292
v 3.918238 -0.2780775 -0.02713145
v 3.916454 -0.3032147 -0.02859193
v 3.915598 -0.3452739 -0.0278898
v 3.921004 -0.258459 -0.02176683
v 3.928868 -0.2607483 -0.03019294
v 3.92547 -0.2784707 -0.03510784
v 3.921117 -0.2957437 -0.03642805
v 3.920091 -0.3360898 -0.03908211
v 3.915808 -0.4381556 -0.03904009
v 3.911904 -0.4334653 -0.0272578
v 3.914558 -0.3889061 -0.02706133
v 3.917002 -0.388794 -0.03766395
v 3.913646 -0.4870823 -0.03943332
v 3.912424 -0.5151404 -0.04064111
v 3.909756 -0.5051698 -0.02915351
v 3.909882 -0.4838663 -0.02836735
v 3.910668 -0.5645583 -0.0427333
v 3.905191 -0.5648533 -0.0313164
v 3.933474 -0.2453006 -0.02569909
v 3.940173 -0.3441508 -0.04033192
v 3.92981 -0.3392075 -0.03999491
v 3.929669 -0.2989877 -0.03866078
v 3.941409 -0.3039872 -0.03971411
v 3.940875 -0.3929085 -0.04158173
v 3.939864 -0.4401919 -0.04307031
v 3.92981 -0.4364001 -0.04019166
v 3.929823 -0.38951 -0.03957358
v 3.936831 -0.509537 -0.04448876
v 3.935047 -0.5630839 -0.04495211
v 3.924768 -0.5640387 -0.04009343
v 3.926298 -0.5095092 -0.040613
v 3.917297 -0.5643618 -0.04332328
v 3.94433 -0.2584871 -0.03472881
v 3.948136 -0.2445422 -0.03250999
v 3.941128 -0.278302 -0.03826755
v 3.944021 -0.5627046 -0.05002174
v 3.956449 -0.4879528 -0.05712764
v 3.949203 -0.4840208 -0.05342024
v 3.950228 -0.4631245 -0.05385548
v 3.957727 -0.4666913 -0.05603228
v 3.95204 -0.2992265 -0.04569654
v 3.962797 -0.3013471 -0.05002174
v 3.959876 -0.3428166 -0.05295689
v 3.948304 -0.34269 -0.04726945
v 3.962951 -0.2455956 -0.03590848
v 3.961308 -0.2576306 -0.03989667
v 3.955466 -0.5626064 -0.06259049
v 3.95409 -0.5131604 -0.05917809
v 3.978385 -0.5101128 -0.05009216
v 3.978385 -0.565064 -0.0532939
v 3.977992 -0.2969233 -0.0465111
v 3.976826 -0.3401904 -0.04812603
v 3.976067 -0.2745946 -0.04385676
v 3.960297 -0.2772348 -0.04566844
v 3.97764 -0.257743 -0.04003721
v 3.978932 -0.2437558 -0.03551526
v 3.976222 -0.3140981 0.06968219
v 3.984044 -0.3096465 0.06590467
v 3.984142 -0.287374 0.06381219
v 3.988833 -0.5744026 0.08821917
v 3.985294 -0.5113067 0.08241959
v 3.98594 -0.48902 0.08123991
v 3.977402 -0.4921096 0.08498932
v 3.984844 -0.3889904 0.07157819
v 3.985954 -0.4388438 0.07608595
v 3.976728 -0.3532367 0.07308068
v 3.983721 -0.342353 0.06857292
v 3.974776 -0.2536844 0.05898133
v 3.983314 -0.267545 0.06131258
v 3.990391 -0.2511146 0.0564116
v 4.002075 -0.3455127 0.06237983
v 4.000657 -0.3083686 0.06039979
v 3.992709 -0.3089864 0.06645234
v 3.993144 -0.3485322 0.07028608
v 4.00011 -0.2875146 0.05906566
v 3.993004 -0.2897893 0.06421961
v 4.000868 -0.2684859 0.05662198
v 3.991712 -0.2718 0.06164959
v 4.011456 -0.2862086 0.05795611
v 4.011119 -0.2689072 0.05399602
v 4.007019 -0.2527015 0.05124344
v 4.02182 -0.265214 0.04641258
v 4.019587 -0.2494716 0.04291585
v 4.02425 -0.2841581 0.05003594
v 4.038265 -0.4648938 0.06438798
v 4.036173 -0.4370463 0.06246415
v 4.021933 -0.4380855 0.06862914
v 4.0238 -0.4659051 0.0706512
v 4.043826 -0.5162219 0.06677544
v 4.039613 -0.4863378 0.06655058
v 4.034305 -0.5128515 0.07265935
v 4.024699 -0.515997 0.07500451
v 4.0288 -0.5712429 0.08049548
v 4.037563 -0.5705688 0.07751832
v 4.030134 -0.2634443 0.03649818
v 4.029446 -0.2486991 0.03058616
v 4.032395 -0.2828382 0.0393771
v 4.036523 -0.2631777 0.02840937
v 4.038447 -0.259765 0.01599507
v 4.032128 -0.2457781 0.01478757
v 4.045329 -0.277923 0.01680963
v 4.040596 -0.2799172 0.03009442
v 4.044205 -0.3015997 0.03148476
v 4.050693 -0.2991422 0.01782066
v 4.055369 -0.3321436 0.02071378
v 4.048966 -0.3381402 0.03319821
v 4.054372 -0.3880637 0.03527648
v 4.061633 -0.38364 0.01902844
v 4.066155 -0.4302775 0.02126146
v 4.058894 -0.4320891 0.03741098
v 4.080324 -0.5668895 0.02596597
v 4.072404 -0.5685187 0.04535953
v 4.062349 -0.3861677 -0.00234516
v 4.055889 -0.3384349 -0.0001405392
v 4.048769 -0.2985525 0.0002807945
v 4.042885 -0.2772067 0.001235893
v 4.035611 -0.2595405 0.002401375
v 4.028125 -0.2462557 -0.0005056573
v 4.066534 -0.4247726 -0.002373268
v 4.073892 -0.5075011 0.02377498
v 4.074707 -0.5037656 -0.003960083
v 4.071828 -0.4752296 -0.002527719
v 4.070957 -0.4786142 0.02286218
v 4.032198 -0.2611696 -0.004325201
v 4.036664 -0.275985 -0.004887074
v 4.045637 -0.3302059 -0.007611264
v 4.04061 -0.2948451 -0.007007655
v 4.052294 -0.3838927 -0.007077783
v 4.057659 -0.4316397 -0.008355696
v 4.074117 -0.5655554 -0.01328479
v 4.066113 -0.5035268 -0.01138907
v 4.081405 -0.5660049 -0.002878925
v 4.02807 -0.2589227 -0.01322857
v 4.020219 -0.2457361 -0.01471715
v 4.034923 -0.2782319 -0.01534916
v 4.039458 -0.3027652 -0.01845266
v 4.044992 -0.3431957 -0.02051702
v 4.050876 -0.3915042 -0.02074189
v 4.054976 -0.4321593 -0.02350838
v 4.058094 -0.4601192 -0.02457563
v 4.049724 -0.4613551 -0.03578214
v 4.048137 -0.4367374 -0.03401248
v 4.053895 -0.5109836 -0.03884334
v 4.051746 -0.4819985 -0.03683519
v 4.060453 -0.4806924 -0.02539019
v 4.063486 -0.5079363 -0.02645743
v 4.069075 -0.5654853 -0.02876057
v 4.060341 -0.5655415 -0.04207347
v 4.031819 -0.2985525 -0.02605001
v 4.028196 -0.276996 -0.02279206
v 4.036692 -0.3371011 -0.02954674
v 4.024123 -0.2601444 -0.01904264
v 4.018899 -0.2568441 -0.02151414
v 4.021553 -0.2741174 -0.02617635
v 4.028112 -0.330908 -0.03302956
v 4.024404 -0.2944095 -0.0297716
v 4.036776 -0.4325383 -0.0378465
v 4.03224 -0.3805226 -0.03583807
v 4.042772 -0.3900577 -0.03200433
v 4.047842 -0.5652184 -0.04700256
v 4.040877 -0.5639544 -0.05999236
v 4.041256 -0.5057175 -0.04298627
v 4.03613 -0.5154635 -0.05524583
v 4.038756 -0.4628295 -0.03985465
v 4.031679 -0.4636159 -0.05108899
v 4.030906 -0.438605 -0.0493057
v 4.027086 -0.395296 -0.04698837
v 4.01258 -0.2602287 -0.03048764
v 4.007861 -0.2453991 -0.02612042
v 4.000587 -0.2576726 -0.03503771
v 3.994408 -0.2456657 -0.03280498
v 3.98997 -0.5643476 -0.05798421
v 3.996767 -0.563112 -0.06364383
v 3.98976 -0.5066723 -0.05409426
v 3.995251 -0.5138906 -0.05973968
v 3.991768 -0.3029058 -0.04943205
v 4.006331 -0.3002798 -0.04349164
v 4.000503 -0.3390249 -0.04718512
v 3.990518 -0.2557911 -0.03847822
v 4.006485 -0.2764202 -0.03866078
v 3.991291 -0.2759992 -0.04514887
v 3.988145 -0.4659892 -0.05184734
v 3.987752 -0.4372709 -0.05122953
v 3.994534 -0.4429163 -0.05552662
v 3.994984 -0.4693315 -0.05666428
v 3.9932 -0.3438277 -0.05212841
v 3.98608 -0.3399377 -0.0499096
v 3.959342 -0.2513812 0.05805463
v 3.866854 -0.4797796 0.01359369
v 3.869438 -0.4805099 0.03552917
v 3.876249 -0.4816614 0.04152579
v 3.871193 -0.4601192 0.03408289
v 3.877555 -0.4612287 0.03999491
v 3.879408 -0.4330582 0.03802906
v 3.937421 -0.5715941 0.09258668
v 3.940595 -0.2860541 0.06066667
v 4.011498 -0.5726752 0.07989158
v 3.998185 -0.5741638 0.08897752
v 4.007103 -0.5109274 0.07367066
v 3.996219 -0.5175557 0.08404842
v 4.007651 -0.4876019 0.0715921
v 3.996191 -0.4884022 0.0812118
v 4.048376 -0.4842034 0.04960041
v 4.050707 -0.5119245 0.05118751
v 4.066576 -0.5090317 0.04168024
v 4.063683 -0.480538 0.03995289
v 4.034754 -0.304226 0.0412308
v 4.056465 -0.5696841 0.05558284
v 4.047337 -0.5699087 0.0715921
v 4.038082 -0.340359 0.04330908
v 4.033546 -0.5642355 -0.05850378
v 4.022803 -0.5651903 -0.0443485
v 4.02116 -0.5124722 -0.04453106
v 4.032591 -0.4853268 -0.05235299
v 4.017958 -0.48704 -0.04360407
v 4.018408 -0.4680115 -0.0446293
v 4.022424 -0.3403309 -0.04398338
v 4.009153 -0.342943 -0.04454497
v 4.018885 -0.2978784 -0.03922265
v 4.017088 -0.2780775 -0.03486934
v 4.006092 -0.4313166 -0.04416594
v 4.005109 -0.3839912 -0.04415175
v 4.014321 -0.3885271 -0.04415175
v 4.017818 -0.438563 -0.04478375
v 4.024376 -0.4862535 0.07236464
v 3.894098 -0.3906758 0.04537345
v 3.891457 -0.435698 0.04767659
v 3.889182 -0.484077 0.04905273
v 4.040343 -0.483445 -0.04089379
v 3.976054 -0.3849741 -0.04916517
v 3.976714 -0.4351364 -0.04920719
v 3.955789 -0.4368919 -0.05533015
v 3.960859 -0.394706 -0.05388359
v 3.948866 -0.5058859 -0.05496503
v 3.946226 -0.5620167 -0.05790018
v 3.889365 -0.5649515 -0.03069831
v 3.935665 -0.4362318 0.07232234
v 3.930638 -0.5713553 0.08761528
v 3.94513 -0.238869 0.05458572
v 3.931438 -0.2381527 0.04937583
v 3.920316 -0.2370434 0.04068313
v 3.913028 -0.2355826 0.02708943
v 3.911694 -0.2345997 0.01263888
v 3.915513 -0.23401 -0.001390345
v 3.923153 -0.2336026 -0.0139307
v 3.933559 -0.23342 -0.0235646
v 3.946493 -0.2335044 -0.02989795
v 3.961533 -0.2334905 -0.0334367
v 3.978076 -0.2333919 -0.03401248
v 3.990181 -0.2392199 0.05606039
v 3.974944 -0.2395149 0.05832123
v 4.005502 -0.2388829 0.05101886
v 4.01859 -0.2378296 0.04225603
v 4.030583 -0.2351897 0.0164164
v 4.027578 -0.236636 0.03054386
v 4.027072 -0.2344172 0.002232728
v 4.019278 -0.2339396 -0.01179621
v 4.007552 -0.233715 -0.02335393
v 3.993678 -0.2335887 -0.03064209
v 3.958991 -0.2393605 0.05768951
v 4.012903 -0.3072452 0.06065247
v 4.026398 -0.3057847 0.05318146
v 3.961224 -0.4655679 0.07642296
v 3.941872 -0.4710449 0.08219472
v 3.985757 -0.4688962 0.07925987
v 3.977177 -0.4724912 0.08334629
v 4.069665 -0.4545581 -0.002415287
v 4.068921 -0.458111 0.02214614
v 3.869353 -0.4594872 0.01339722
v 3.867148 -0.4567068 -0.000772256
v 4.006892 -0.4672952 0.07025797
v 3.995855 -0.4681521 0.07944243
v 4.046859 -0.4637846 0.04860358
v 4.061661 -0.4599928 0.03880132
v 3.926664 -0.4672532 0.07296825
v 3.9204 -0.4701602 0.07348811
v 3.908098 -0.4646832 0.06633991
v 3.899027 -0.4683204 0.06680355
v 3.890222 -0.4637985 0.04844884
v 3.933601 -0.4848913 0.07417604
v 3.87858 -0.4588555 -0.009352815
v 3.884773 -0.4608775 -0.02103659
v 3.896597 -0.462338 -0.02774926
v 3.910879 -0.4639529 -0.02794601
v 4.063627 -0.4801308 -0.009577394
v 3.988679 -0.4858884 -0.05231097
v 3.995377 -0.488683 -0.05774544
v 3.978048 -0.4830657 -0.0493057
v 3.927015 -0.4847087 -0.04104824
v 3.938151 -0.4838663 -0.04417986
v 3.914502 -0.4676603 -0.03888564
v 3.927604 -0.4647956 -0.04079556
v 3.937154 -0.4628999 -0.04315463
v 3.950354 -0.4367795 -0.05197368
v 3.979452 -0.4637846 -0.04881424
v 4.060987 -0.4595014 -0.008931481
v 3.934036 -0.4643743 0.07337567
v 4.005825 -0.4394054 0.06836226
v 3.996346 -0.4435483 0.07691442
v 4.044949 -0.4358386 0.04743781
v 3.921987 -0.4441522 0.07171845
v 4.018927 -0.3942568 0.06555346
v 4.0329 -0.3927259 0.05959914
v 3.985814 -0.3895523 -0.05003594
v 3.993186 -0.3921644 -0.05379955
v 4.004126 -0.3954924 0.06549753
v 3.994633 -0.4028229 0.07382512
v 4.041986 -0.3911249 0.04571046
v 3.92047 -0.3461308 0.05804043
v 4.01536 -0.3439401 0.06287129
v 4.029502 -0.3418896 0.05650983
v 3.952686 -0.3900438 -0.05226867
v 3.999983 -0.3890327 -0.04809792
v 3.918954 -0.509537 -0.04184861
v 4.009673 -0.5647832 -0.04359016
v 3.919726 -0.4845685 -0.04131513
v 4.002862 -0.563786 -0.05627106
v 4.000755 -0.5103377 -0.05459992
v 4.007412 -0.5081609 -0.04395528
v 4.007187 -0.482855 -0.04396919
v 4.006766 -0.4621696 -0.04424998
v 3.920358 -0.4646411 -0.04082367
v 3.922071 -0.4361756 -0.04030381
v 3.922128 -0.3891029 -0.04045855
v 3.946577 -0.5073043 -0.04816805
v 3.946717 -0.4850179 -0.04755024
v 3.946619 -0.4651746 -0.0477328
v 4.001051 -0.4859307 -0.05162276
v 4.000798 -0.465891 -0.05069577
v 4.000685 -0.4371866 -0.04961461
v 3.914235 -0.4644586 0.06302574
v 3.917283 -0.4667898 0.06899426
v 3.946633 -0.4332126 -0.04696054
v 3.948051 -0.3948045 -0.04815413
v 3.961308 -0.2788497 0.0638403
v 3.968836 -0.2791589 0.0647531
v 3.968414 -0.2697357 0.06295561
v 3.977191 -0.4258537 0.0793158
v 3.970071 -0.4202086 0.07572083
v 3.970001 -0.4414698 0.07732185
v 3.979298 -0.5489846 0.09003085
v 3.970492 -0.542047 0.08552309
v 3.971546 -0.5736022 0.08851416
v 3.949764 -0.5138625 0.08320575
v 3.950326 -0.4988081 0.08171717
v 3.940313 -0.5013361 0.08535444
v 3.953149 -0.3961244 0.07395146
v 3.952629 -0.4197029 0.07558029
v 3.961757 -0.414465 0.07267355
v 3.956477 -0.3090847 0.06732312
v 3.955003 -0.3258804 0.0687975
v 3.962137 -0.3220887 0.06747757
v 3.955115 -0.278597 0.06451432
v 3.955157 -0.2879637 0.06591858
v 3.930947 -0.2586697 0.05343443
v 3.93728 -0.2589928 0.05559704
v 3.935848 -0.2503702 0.05242312
v 3.939373 -0.3253046 0.06412109
v 3.933812 -0.3245886 0.0638403
v 3.932688 -0.3452038 0.06553955
v 3.930849 -0.3953522 0.06874129
v 3.92665 -0.4188464 0.0703423
v 3.931593 -0.418776 0.06986475
v 3.920429 -0.5134273 0.07743399
v 3.921411 -0.4981764 0.07612797
v 3.918308 -0.5006899 0.07600163
v 3.925807 -0.5712429 0.07864178
v 3.927577 -0.5401374 0.07638094
v 3.922675 -0.5400108 0.0787261
v 3.927843 -0.2676574 0.05420669
v 3.926607 -0.2599195 0.05118751
v 3.924276 -0.2763782 0.05342024
v 3.927324 -0.2769259 0.05590594
v 3.919923 -0.4179336 0.06635411
v 3.918308 -0.4177229 0.06311006
v 3.917115 -0.4390264 0.06437407
v 3.915583 -0.497797 0.07072161
v 3.913955 -0.4972914 0.06622776
v 3.912986 -0.5121772 0.06739325
v 3.912831 -0.5394072 0.07419023
v 3.911202 -0.5389858 0.07000529
v 3.909138 -0.5697543 0.07274367
v 3.921945 -0.2570267 0.04792927
v 3.920218 -0.2659161 0.04975486
v 3.92283 -0.2949433 0.05530204
v 3.91717 -0.2939462 0.05401022
v 3.9163 -0.3051246 0.05509138
v 3.908043 -0.3923608 0.06193039
v 3.906582 -0.4164731 0.06402286
v 3.911118 -0.4111928 0.06194458
v 3.901934 -0.4859165 0.07046864
v 3.901091 -0.4967017 0.07145185
v 3.905346 -0.4968422 0.06961206
v 3.922437 -0.2492609 0.04528941
v 3.916496 -0.2562121 0.04357596
v 3.912101 -0.2553416 0.03727072
v 3.910205 -0.2635287 0.03981235
v 3.913267 -0.2737522 0.04818224
v 3.908435 -0.2726288 0.04200306
v 3.907003 -0.2820094 0.04405351
v 3.898535 -0.3187325 0.04113257
v 3.903689 -0.3197997 0.0483225
v 3.9047 -0.3030321 0.04700256
v 3.905641 -0.2552573 0.02492655
v 3.903254 -0.2617874 0.02807236
v 3.908464 -0.2544989 0.03064209
v 3.904138 -0.2715894 0.03524837
v 3.900291 -0.2705644 0.02922393
v 3.897973 -0.2798329 0.03064209
v 3.886107 -0.3198278 0.02612042
v 3.884366 -0.3361741 0.02940649
v 3.888396 -0.3163592 0.02970119
v 3.884829 -0.3616906 0.03345089
v 3.881908 -0.3610586 0.03123208
v 3.879493 -0.3874317 0.03298754
v 3.875645 -0.4106732 0.01280752
v 3.875434 -0.410912 0.02231451
v 3.878299 -0.3869122 0.02164049
v 3.872218 -0.5351098 0.04542966
v 3.878453 -0.5361069 0.04738159
v 3.880771 -0.5091722 0.04541575
v 3.907087 -0.253221 0.01925331
v 3.903226 -0.2607059 0.01842455
v 3.901554 -0.2670396 0.01286346
v 3.899757 -0.2693847 0.01815795
v 3.889407 -0.3153902 0.01232998
v 3.888101 -0.3158535 0.0194918
v 3.891106 -0.2992685 0.01902844
v 3.8824 -0.3605672 0.01254064
v 3.881445 -0.3610024 0.02060135
v 3.884913 -0.3359353 0.02002556
v 3.864635 -0.533902 0.03979844
v 3.862009 -0.5339443 0.026977
v 3.859074 -0.5646707 0.02891502
v 3.857501 -0.5327365 -0.002822709
v 3.86118 -0.532596 -0.005392448
v 3.856869 -0.5645302 -0.005743654
v 3.880869 -0.360216 0.005589203
v 3.877147 -0.3863503 0.005350428
v 3.888087 -0.3149268 0.006319439
v 3.884618 -0.3350367 0.006080664
v 3.896485 -0.277923 0.008215157
v 3.893831 -0.287388 0.00766748
v 3.895656 -0.2856609 0.01245632
v 3.905627 -0.2538811 0.008173137
v 3.903169 -0.2600739 0.01001292
v 3.906919 -0.2526592 0.01284954
v 3.873468 -0.4100554 -0.001081442
v 3.879156 -0.4101256 -0.004816947
v 3.876333 -0.4313728 -0.00532232
v 3.863202 -0.4895677 -0.002387463
v 3.869002 -0.4897363 -0.006628341
v 3.86646 -0.5049873 -0.006291331
v 3.910949 -0.2519431 -0.002457591
v 3.908646 -0.25221 0.003538749
v 3.911974 -0.245413 0.002836621
v 3.904756 -0.2682894 -0.004114534
v 3.901554 -0.2684719 0.000758344
v 3.904841 -0.259765 0.001938022
v 3.887764 -0.3149268 0.001474668
v 3.892089 -0.3150813 -0.002317052
v 3.888958 -0.3348962 -0.002822709
v 3.908141 -0.2679663 -0.01214742
v 3.906526 -0.2683033 -0.008425824
v 3.909222 -0.2591753 -0.006937244
v 3.90015 -0.3160923 -0.01724516
v 3.898198 -0.315629 -0.01206309
v 3.90067 -0.298735 -0.01251253
v 3.885405 -0.432398 -0.01452068
v 3.887876 -0.4108978 -0.01387477
v 3.889843 -0.4116422 -0.01970246
v 3.876754 -0.5057175 -0.01682382
v 3.87851 -0.4908036 -0.01624804
v 3.881234 -0.4913092 -0.02223047
v 3.869958 -0.5646426 -0.01905655
v 3.873468 -0.5332842 -0.01793309
v 3.87615 -0.5396457 -0.02398565
v 3.91439 -0.2650314 -0.02015191
v 3.911062 -0.2672503 -0.01661316
v 3.913997 -0.2583889 -0.01544739
v 3.908351 -0.3115985 -0.02585354
v 3.9039 -0.3160923 -0.02216006
v 3.905964 -0.2983418 -0.02124726
v 3.892244 -0.4341112 -0.02465995
v 3.894294 -0.4124846 -0.02421051
v 3.899884 -0.4182144 -0.02704713
v 3.887918 -0.4814931 -0.02605001
v 3.886935 -0.4918569 -0.02651365
v 3.918111 -0.2449497 -0.009802256
v 3.916174 -0.2513954 -0.01230187
v 3.912887 -0.25162 -0.006951439
v 3.915078 -0.2767433 -0.02458954
v 3.914123 -0.2864471 -0.02597988
v 3.911188 -0.284088 -0.02383119
v 3.911174 -0.3383648 -0.02687877
v 3.912017 -0.3164995 -0.02715956
v 3.916258 -0.3218502 -0.02808627
v 3.924585 -0.2585433 -0.02557275
v 3.922858 -0.2676716 -0.02826883
v 3.919417 -0.2675168 -0.02422442
v 3.91835 -0.3170474 -0.03357724
v 3.917929 -0.3389267 -0.03336657
v 3.914516 -0.436288 -0.03293132
v 3.915373 -0.4134959 -0.03280498
v 3.916356 -0.4140294 -0.03894186
v 3.912466 -0.484456 -0.03354913
v 3.912073 -0.4942302 -0.03374588
v 3.909854 -0.4936544 -0.02810046
v 3.911357 -0.5085541 -0.03426545
v 3.909882 -0.5350678 -0.0353327
v 3.907986 -0.5279057 -0.02904137
v 3.927661 -0.2447109 -0.02076999
v 3.926551 -0.2511428 -0.02298881
v 3.922226 -0.2511428 -0.01900034
v 3.935497 -0.3397833 -0.03974222
v 3.935637 -0.3179741 -0.03936291
v 3.94117 -0.3227911 -0.04013545
v 3.935174 -0.3900438 -0.03985465
v 3.934584 -0.4150265 -0.04027599
v 3.929219 -0.4144508 -0.0396579
v 3.936031 -0.5338881 -0.044924
v 3.930511 -0.5339863 -0.04236818
v 3.93134 -0.5087228 -0.04235427
v 3.945524 -0.250988 -0.03309969
v 3.938179 -0.2511848 -0.02999618
v 3.940763 -0.2446266 -0.02933607
v 3.943108 -0.2676293 -0.03670885
v 3.934682 -0.2677979 -0.0343776
v 3.936283 -0.2586277 -0.03215878
v 3.951337 -0.4853126 -0.05649563
v 3.951675 -0.4756509 -0.0560885
v 3.956295 -0.4779822 -0.05700129
v 3.950256 -0.3180443 -0.04667947
v 3.955382 -0.3179602 -0.04995162
v 3.953486 -0.340373 -0.05086441
v 3.941634 -0.2895508 -0.03905401
v 3.947742 -0.2870228 -0.04191902
v 3.946605 -0.2994792 -0.04215751
v 3.953612 -0.2505951 -0.03602063
v 3.952756 -0.2578693 -0.03783231
v 3.966813 -0.5639405 -0.0579422
v 3.966574 -0.5343094 -0.05649563
v 3.978932 -0.5413168 -0.05137007
v 3.97698 -0.3174966 -0.04721323
v 3.969228 -0.3177072 -0.04941785
v 3.969439 -0.2982012 -0.04826628
v 3.977458 -0.2666041 -0.04218562
v 3.969453 -0.2664919 -0.04241048
v 3.969636 -0.2575743 -0.04010734
v 3.961575 -0.250609 -0.03763584
v 3.969762 -0.2507214 -0.0378184
v 3.980463 -0.3098992 0.06763202
v 3.980295 -0.2983838 0.06639613
v 3.976208 -0.3007713 0.0684886
v 3.982289 -0.5145084 0.08489109
v 3.983623 -0.542595 0.08733448
v 3.986909 -0.5353767 0.08392208
v 3.981924 -0.4996087 0.0839641
v 3.97771 -0.5024314 0.08602846
v 3.981334 -0.3962227 0.07454116
v 3.981587 -0.4204474 0.07681619
v 3.985125 -0.4145913 0.07354404
v 3.980646 -0.3264562 0.0691206
v 3.984114 -0.3258242 0.06704204
v 3.98198 -0.2514094 0.05781585
v 3.980028 -0.260018 0.06006278
v 3.986038 -0.2596668 0.05914998
v 3.997526 -0.3457095 0.06617155
v 3.99695 -0.3252484 0.06443
v 3.99313 -0.3256558 0.06839036
v 3.996009 -0.2880623 0.06162148
v 3.996234 -0.2973447 0.06240794
v 4.000166 -0.2969094 0.05954321
v 3.995953 -0.2690758 0.05896742
v 3.996121 -0.2594422 0.05636929
v 3.99115 -0.2617312 0.05923402
v 4.005418 -0.2869669 0.05868634
v 4.005516 -0.2774736 0.05749275
v 4.000278 -0.2780635 0.0579703
v 4.01338 -0.2501737 0.04739579
v 4.014532 -0.257743 0.04892639
v 4.020655 -0.256774 0.04454497
v 4.016077 -0.2663795 0.05078009
v 4.017298 -0.2757462 0.05273202
v 4.023239 -0.2745387 0.04833669
v 4.031805 -0.4654696 0.06893804
v 4.030892 -0.4529571 0.06801105
v 4.023 -0.453519 0.06992096
v 4.039318 -0.5121071 0.07084796
v 4.041705 -0.4988785 0.06683137
v 4.036355 -0.4965754 0.0703423
v 4.029895 -0.5125846 0.07414793
v 4.031622 -0.5399548 0.07646527
v 4.035273 -0.5393228 0.07482195
v 4.024699 -0.2487973 0.03722842
v 4.025233 -0.2560156 0.03939102
v 4.029446 -0.2553697 0.03405478
v 4.026286 -0.264287 0.04144147
v 4.027424 -0.2738925 0.04309841
v 4.031257 -0.2729516 0.03801487
v 4.037633 -0.2607622 0.02321339
v 4.034277 -0.2534317 0.0232273
v 4.033125 -0.2559875 0.02940649
v 4.043643 -0.2788077 0.0241824
v 4.046031 -0.2883289 0.0248144
v 4.048221 -0.287388 0.01746974
v 4.053193 -0.3363567 0.02717347
v 4.050595 -0.3164154 0.026345
v 4.046522 -0.3178898 0.03238365
v 4.058698 -0.3870666 0.02877448
v 4.055945 -0.3613113 0.02781967
v 4.051774 -0.3625191 0.03429356
v 4.063304 -0.4313447 0.03065629
v 4.061113 -0.410617 0.02968728
v 4.05697 -0.411628 0.03652629
v 4.058403 -0.3549638 0.02001165
v 4.059835 -0.3605672 0.00877703
v 4.056872 -0.3353876 0.01108017
v 4.050777 -0.2982856 0.008369608
v 4.053965 -0.3154464 0.008173137
v 4.05214 -0.3153763 -0.0006459126
v 4.044963 -0.2773753 0.008369608
v 4.041397 -0.2679944 0.008257461
v 4.042155 -0.2684859 0.0164306
v 4.037591 -0.2593718 0.008510147
v 4.034038 -0.2523784 0.008341784
v 4.035147 -0.2526032 0.01568617
v 4.063346 -0.3860695 0.005434751
v 4.065761 -0.4088616 0.007990578
v 4.064708 -0.4045082 -0.002920945
v 4.075437 -0.5057456 0.009254579
v 4.073752 -0.4893431 0.009127952
v 4.072179 -0.4903402 0.02360662
v 4.03349 -0.2597369 -0.000940903
v 4.030373 -0.2537125 -0.001994237
v 4.032016 -0.2522801 0.002190708
v 4.039571 -0.2773191 -0.002541915
v 4.036341 -0.2682193 -0.001713159
v 4.039388 -0.2680225 0.001601012
v 4.050581 -0.3355983 -0.004634388
v 4.047435 -0.3150112 -0.004198858
v 4.053853 -0.3608059 -0.004732623
v 4.04839 -0.3552167 -0.007246146
v 4.059976 -0.4092128 -0.005701634
v 4.058613 -0.38621 -0.005336516
v 4.078105 -0.565738 -0.009296599
v 4.074538 -0.5331158 -0.008762834
v 4.078414 -0.5333966 -0.004198858
v 4.030302 -0.2593718 -0.008159225
v 4.027718 -0.2518588 -0.006782792
v 4.033364 -0.2683737 -0.009437138
v 4.031454 -0.267826 -0.0145769
v 4.042225 -0.3204456 -0.01963234
v 4.042365 -0.3155727 -0.01283535
v 4.045132 -0.3364268 -0.01342533
v 4.048025 -0.3615643 -0.01348155
v 4.0569 -0.4477892 -0.02425253
v 4.053404 -0.448618 -0.0306844
v 4.05176 -0.4334511 -0.03002429
v 4.052828 -0.4929943 -0.03770597
v 4.05801 -0.492278 -0.03274876
v 4.059484 -0.5076274 -0.0334648
v 4.066225 -0.5342813 -0.02753859
v 4.062166 -0.534829 -0.03472881
v 4.031594 -0.2771084 -0.01988502
v 4.033687 -0.2867 -0.02135969
v 4.030036 -0.2865595 -0.02454752
v 4.035765 -0.2985383 -0.02286218
v 4.038307 -0.3162329 -0.02454752
v 4.034136 -0.3158817 -0.02797412
v 4.025865 -0.2587821 -0.0167395
v 4.022747 -0.2528698 -0.01650073
v 4.024671 -0.2515919 -0.01286346
v 4.02189 -0.2584028 -0.01970246
v 4.019433 -0.2511848 -0.01824199
v 4.02498 -0.2767294 -0.02453332
v 4.023281 -0.2673204 -0.02227249
v 4.026132 -0.2676435 -0.02084012
v 4.032325 -0.336483 -0.03120397
v 4.029979 -0.3154745 -0.02947661
v 4.042674 -0.434645 -0.0359647
v 4.039262 -0.4125831 -0.03498149
v 4.04523 -0.4172596 -0.03370358
v 4.043896 -0.5286078 -0.04347773
v 4.041256 -0.5354749 -0.05104697
v 4.038812 -0.5090456 -0.04906693
v 4.037675 -0.4503592 -0.03887145
v 4.034557 -0.4510052 -0.04533143
v 4.033476 -0.4355297 -0.04443254
v 4.028968 -0.4189446 -0.04882816
v 4.031861 -0.4132853 -0.04318274
v 4.01456 -0.2510022 -0.02300272
v 4.014307 -0.2449636 -0.02034866
v 4.006682 -0.2578974 -0.03258012
v 4.004196 -0.2507776 -0.03052995
v 4.010473 -0.2523221 -0.02805816
v 3.992582 -0.5095933 -0.0573383
v 3.992948 -0.5350116 -0.0595151
v 3.989521 -0.5287341 -0.05530204
v 3.996627 -0.3173563 -0.04874383
v 3.998368 -0.2985806 -0.04670757
v 4.00282 -0.3171738 -0.0455279
v 3.995517 -0.257111 -0.03734085
v 3.996487 -0.2663514 -0.04030381
v 3.99115 -0.2640905 -0.04166605
v 3.99167 -0.466523 -0.05490882
v 3.991431 -0.4540947 -0.05445938
v 3.994759 -0.4570438 -0.0563974
v 3.985476 -0.2983699 -0.04811183
v 3.987906 -0.3177916 -0.04997972
v 3.982429 -0.3174264 -0.04787334
v 3.98469 -0.2664357 -0.04287383
v 3.983117 -0.2760832 -0.04468551
v 3.992372 -0.2503702 -0.03558538
v 3.997905 -0.2506933 -0.03338076
v 3.960143 -0.2599618 0.05988022
v 3.967796 -0.2602988 0.06030155
v 3.96708 -0.2515638 0.05834933
v 4.002792 -0.259386 0.05410846
v 4.005853 -0.2681489 0.0554988
v 4.008774 -0.2606077 0.05269
v 4.03349 -0.2626301 0.03260822
v 3.918224 -0.2581924 -0.01994124
v 3.918617 -0.2524207 -0.01693597
v 3.977907 -0.2504826 -0.03767786
v 3.985392 -0.2501456 -0.03704586
v 3.984929 -0.257153 -0.03974222
v 3.86354 -0.4901154 0.00450776
v 3.864916 -0.4790917 0.004535868
v 3.858316 -0.5334807 0.003707396
v 3.86163 -0.5058157 0.004283181
v 3.868427 -0.4916602 0.03684939
v 3.871249 -0.4920676 0.04073934
v 3.872064 -0.4808611 0.03981235
v 3.87219 -0.4477191 0.03368967
v 3.874465 -0.4480561 0.03711627
v 3.875701 -0.4327913 0.03602063
v 3.947813 -0.5721417 0.08890739
v 3.949091 -0.5414011 0.08588821
v 3.937842 -0.5471729 0.09097175
v 3.934022 -0.2867983 0.0607226
v 3.935876 -0.2774878 0.05892512
v 3.930217 -0.2792571 0.05893931
v 3.955045 -0.2691179 0.06256239
v 3.954034 -0.2596248 0.05995034
v 4.004084 -0.5735321 0.08452597
v 4.003213 -0.54171 0.08125382
v 3.997553 -0.5487878 0.08726436
v 4.002062 -0.5140028 0.07850152
v 4.00164 -0.49878 0.07713929
v 3.99636 -0.4993418 0.08258795
v 4.056001 -0.4823636 0.04457308
v 4.057069 -0.4938932 0.0452471
v 4.065088 -0.4920395 0.04085149
v 4.03943 -0.3026951 0.03637184
v 4.038012 -0.2913341 0.03561349
v 4.033434 -0.292612 0.04027599
v 4.064413 -0.5692347 0.0502185
v 4.06131 -0.5377499 0.04802779
v 4.052954 -0.5385083 0.05273202
v 4.04384 -0.4849336 0.05777355
v 4.044711 -0.4961682 0.05843366
v 4.048979 -0.4955081 0.0499096
v 4.046171 -0.5118683 0.05937456
v 4.048699 -0.5389716 0.0613688
v 4.077502 -0.5676621 0.03773407
v 4.074159 -0.5353065 0.03582416
v 4.069665 -0.5363457 0.04366029
v 4.07847 -0.534239 0.009437138
v 4.043517 -0.3389267 0.03818352
v 4.041467 -0.3191819 0.03722842
v 4.036173 -0.3203054 0.04212969
v 4.034192 -0.535166 -0.05799841
v 4.027634 -0.5352503 -0.05122953
v 4.029376 -0.5098039 -0.0517491
v 4.032563 -0.4743168 -0.05228286
v 4.026033 -0.4752017 -0.04931962
v 4.025472 -0.4646551 -0.04898261
v 4.020865 -0.315966 -0.04175037
v 4.014995 -0.3166542 -0.04378663
v 4.013408 -0.2978784 -0.04163794
v 4.005979 -0.2863207 -0.04130093
v 4.012467 -0.2858994 -0.03948954
v 4.010993 -0.4368496 -0.04351975
v 4.009996 -0.4136504 -0.04354785
v 4.015796 -0.4141839 -0.04416594
v 3.949413 -0.2973447 0.0672669
v 3.945187 -0.2969514 0.06443
v 3.944639 -0.3085512 0.06553955
v 3.94315 -0.2610149 0.05725398
v 3.945903 -0.268514 0.06009088
v 3.94815 -0.2594141 0.05878486
v 4.02762 -0.546527 0.07829086
v 4.018506 -0.5408114 0.07611406
v 4.020613 -0.5718749 0.07947025
v 4.015978 -0.4868855 0.07138144
v 4.016414 -0.4981764 0.0722241
v 4.024601 -0.4975021 0.07360025
v 3.901877 -0.4216268 0.06360153
v 3.897622 -0.4160799 0.05535826
v 3.896569 -0.4373834 0.05659415
v 3.896569 -0.4989066 0.06978071
v 3.892862 -0.4958732 0.05952901
v 3.891457 -0.5111241 0.06069478
v 3.884379 -0.5369215 0.05211422
v 3.888747 -0.5379186 0.06309615
v 4.052926 -0.4113893 -0.02276395
v 4.053768 -0.4113333 -0.01449258
v 4.056142 -0.432412 -0.01522281
v 4.068303 -0.5340425 -0.01895832
v 4.071449 -0.5654853 -0.0201238
v 4.046494 -0.5081609 -0.04009343
v 4.05044 -0.5348852 -0.04193293
v 4.040877 -0.4938228 -0.04117459
v 4.046663 -0.4936964 -0.03915253
v 4.026117 -0.3111771 -0.03123208
v 4.023927 -0.3151514 -0.03642805
v 4.022115 -0.2973308 -0.03460246
v 4.023014 -0.2840738 -0.02805816
v 4.020781 -0.2859698 -0.03276268
v 4.019306 -0.2765045 -0.03085276
v 3.977626 -0.4092409 -0.04877194
v 3.968288 -0.415139 -0.05162276
v 3.968526 -0.389847 -0.05153843
v 3.950411 -0.5087929 -0.05767531
v 3.949287 -0.5336493 -0.05943078
v 3.947532 -0.5273861 -0.05565325
v 3.913884 -0.4086228 -0.02692079
v 3.907734 -0.4136924 -0.02651365
v 3.910387 -0.3891449 -0.02607812
v 3.9039 -0.50722 -0.02801614
v 3.90279 -0.493247 -0.02818479
v 3.900487 -0.5337194 -0.02928014
v 3.891794 -0.5336354 -0.03023496
v 3.88379 -0.5335369 -0.0278898
v 3.887413 -0.5064898 -0.02779156
v 3.935665 -0.4186215 0.0706654
v 3.939317 -0.4192816 0.07480804
v 3.940159 -0.3960963 0.07319311
v 3.931382 -0.5400389 0.07590339
v 3.930596 -0.5713692 0.08191393
v 3.932295 -0.5400389 0.08107126
v 3.952222 -0.2510161 0.05700129
v 3.938179 -0.2385459 0.05228286
v 3.937842 -0.2440931 0.05225476
v 3.945004 -0.2433205 0.05461383
v 3.924684 -0.2432504 0.0455702
v 3.919165 -0.2437981 0.0409077
v 3.915134 -0.2419302 0.03427936
v 3.913955 -0.2480109 0.03491136
v 3.911005 -0.2389249 0.01217552
v 3.910907 -0.2404558 0.01936545
v 3.911609 -0.2350211 0.01982909
v 3.912452 -0.2396833 0.004915182
v 3.915022 -0.2394448 -0.002134493
v 3.91894 -0.2337852 -0.007934362
v 3.918673 -0.2392199 -0.008636491
v 3.927942 -0.2389672 -0.01977288
v 3.93339 -0.2389249 -0.02426672
v 3.939724 -0.2334482 -0.02711726
v 3.93964 -0.238953 -0.02777737
v 3.961589 -0.2401188 -0.03451814
v 3.969832 -0.2387986 -0.03479893
v 3.969903 -0.2445283 -0.03586618
v 3.982626 -0.2393886 0.05753506
v 3.982654 -0.2448934 0.05738032
v 3.990167 -0.2435732 0.05603228
v 4.005923 -0.2457361 0.05096265
v 3.998017 -0.2446126 0.05379955
v 3.999239 -0.2510442 0.05370103
v 4.012467 -0.2384196 0.04707269
v 4.012875 -0.2440227 0.0471008
v 4.019166 -0.2433907 0.04236818
v 4.031538 -0.2471123 0.02300272
v 4.030443 -0.2413825 0.02311515
v 4.028322 -0.2422252 0.03038941
v 4.031215 -0.239543 0.01592494
v 4.029966 -0.2402031 0.008720814
v 4.029502 -0.2347261 0.009310511
v 4.027536 -0.2399362 0.001601012
v 4.024025 -0.2396412 -0.00561731
v 4.023674 -0.2341503 -0.004915182
v 4.007861 -0.2391918 -0.02442118
v 4.014153 -0.2393042 -0.01895832
v 3.993916 -0.2402451 -0.03159719
v 4.001036 -0.2391637 -0.02842328
v 4.000419 -0.2448233 -0.02991186
v 3.975014 -0.2463397 0.05816677
v 3.966869 -0.2450479 0.05806854
v 4.024278 -0.2428291 0.03663872
v 3.953753 -0.2335186 -0.03200433
v 3.953823 -0.2389391 -0.03291713
v 3.946479 -0.238911 -0.03082465
v 3.98608 -0.2334623 -0.03281889
v 3.986206 -0.2388548 -0.03342278
v 3.978202 -0.237647 -0.03461637
v 3.958823 -0.2449074 0.05752086
v 3.951716 -0.2446828 0.05631308
v 3.867416 -0.5327365 -0.008173137
v 3.871319 -0.532849 -0.01204918
v 3.86448 -0.5645583 -0.009521178
v 3.969383 -0.2983137 0.06708434
v 3.969566 -0.309843 0.06822172
v 3.955031 -0.2976817 0.06690178
v 3.929472 -0.2957718 0.06143892
v 3.926074 -0.2955191 0.05841974
v 3.925625 -0.3064729 0.059192
v 3.918926 -0.2751846 0.05156654
v 3.918041 -0.2844531 0.05281635
v 3.900796 -0.2905619 0.03857674
v 3.905711 -0.2916572 0.04562642
v 3.892707 -0.2885114 0.02530586
v 3.89581 -0.2894384 0.03183597
v 3.89376 -0.2879498 0.01846685
v 3.899743 -0.2687527 0.009170256
v 3.892735 -0.2891434 0.002794601
v 3.896372 -0.287051 -0.001460472
v 3.894435 -0.2984119 -0.002120581
v 3.90213 -0.2870933 -0.01036385
v 3.903816 -0.2892698 -0.01548969
v 3.907523 -0.2865595 -0.01998354
v 3.91651 -0.2670254 -0.0222864
v 3.922718 -0.2862086 -0.03604874
v 3.9196 -0.2863911 -0.03210285
v 3.921636 -0.2770522 -0.03161111
v 3.935792 -0.2993108 -0.038717
v 3.935174 -0.2870089 -0.0381131
v 3.952166 -0.2670816 -0.04043044
v 3.950579 -0.2769259 -0.04205927
v 3.977416 -0.2839193 -0.04517697
v 3.969369 -0.2858855 -0.04667947
v 3.969285 -0.2761536 -0.04496631
v 3.979733 -0.2694691 0.06268873
v 3.979986 -0.2791447 0.0641492
v 3.983524 -0.2767714 0.0626186
v 3.995812 -0.2786671 0.06044181
v 4.006289 -0.307512 0.06046991
v 4.005783 -0.296418 0.05973968
v 4.018099 -0.2851973 0.05474046
v 4.019012 -0.2949853 0.05642551
v 4.025415 -0.2939885 0.05172099
v 4.030752 -0.3047174 0.04712891
v 4.029628 -0.2932582 0.04582289
v 4.040947 -0.2696516 0.02363472
v 4.038419 -0.2706627 0.02960296
v 4.047955 -0.2869388 0.008257461
v 4.044725 -0.2979486 -0.003805632
v 4.042098 -0.2865595 -0.003286063
v 4.046045 -0.2867139 0.0004633536
v 4.037268 -0.289031 -0.01727298
v 4.037801 -0.2867281 -0.01134677
v 4.039922 -0.2983699 -0.01231578
v 4.028589 -0.2676012 -0.01839644
v 4.028041 -0.2978222 -0.02784749
v 4.026483 -0.2862645 -0.02627487
v 3.991557 -0.2881744 -0.04769078
v 3.998831 -0.2862086 -0.04469942
v 3.984634 -0.2858293 -0.04637056
v 3.935047 -0.2959824 0.0616354
v 4.036622 -0.2814336 0.03479893
v 4.035203 -0.2715894 0.03374588
v 4.009125 -0.2670254 -0.03482704
v 4.002862 -0.2667026 -0.03710207
v 3.94183 -0.2757604 0.05938876
v 3.945931 -0.2778668 0.06190228
v 4.020332 -0.2649752 -0.0235504
v 4.017523 -0.2669834 -0.02832504
v 4.016062 -0.2580658 -0.02561477
v 3.950565 -0.4883883 0.0809029
v 3.950748 -0.4786985 0.08018657
v 3.941254 -0.4806223 0.08345872
v 3.981994 -0.4894695 0.08352885
v 3.98191 -0.4798498 0.08277051
v 3.9775 -0.4820828 0.08466623
v 4.032535 -0.4758054 0.06978071
v 4.039234 -0.4753701 0.06546942
v 4.0726 -0.4777715 0.00915606
v 4.071617 -0.467829 0.008973501
v 4.070016 -0.4685172 0.02283408
v 4.034248 -0.4972355 -0.0536028
v 4.037534 -0.4942583 -0.04802779
v 3.868174 -0.4698933 0.0133129
v 3.866137 -0.4692753 0.004578172
v 4.00143 -0.4880229 0.07633864
v 4.001205 -0.4781786 0.07559449
v 3.996037 -0.4785579 0.08074816
v 4.054274 -0.4620992 0.04353394
v 4.055173 -0.472379 0.04405351
v 4.062925 -0.4703567 0.03954547
v 4.042365 -0.4647113 0.05652374
v 4.04311 -0.4749769 0.05709953
v 4.047351 -0.4742887 0.04884207
v 4.015529 -0.4770273 0.07070742
v 4.007103 -0.4777153 0.07056688
v 3.922058 -0.4874752 0.07508883
v 3.922675 -0.4777715 0.07427427
v 3.919712 -0.4797515 0.07427427
v 3.902692 -0.4761847 0.06958395
v 3.898268 -0.477912 0.06812348
v 3.894533 -0.4752858 0.05843366
v 3.893788 -0.4850318 0.05898133
v 3.87021 -0.4705393 0.03530459
v 3.87278 -0.4709464 0.03895577
v 3.873566 -0.4606388 0.0381131
v 3.865562 -0.4910001 0.01343924
v 3.866826 -0.4914356 0.02562868
v 3.86809 -0.4801448 0.02530586
v 3.936311 -0.498387 0.08010225
v 3.935385 -0.5135675 0.08254593
v 3.961182 -0.4967017 0.0781364
v 3.970226 -0.4995525 0.08191393
v 3.970197 -0.4892168 0.0811976
v 4.071112 -0.5072904 0.0343776
v 4.069413 -0.4910986 0.03349291
v 3.871039 -0.4590519 -0.005209889
v 3.87139 -0.4695844 -0.006164988
v 3.865899 -0.4669582 -0.001994237
v 3.879801 -0.4803977 -0.01605128
v 3.880939 -0.470778 -0.01574238
v 3.883453 -0.4712275 -0.02147212
v 3.888803 -0.4718873 -0.025713
v 3.895727 -0.4727019 -0.02826883
v 3.903226 -0.48315 -0.02790371
v 3.903787 -0.4735865 -0.02762291
v 3.91071 -0.4743591 -0.02776345
v 4.064792 -0.4910143 -0.009703737
v 4.069272 -0.4901997 -0.007105891
v 4.070073 -0.5055349 -0.007892342
v 4.05082 -0.4719154 -0.0365544
v 4.044921 -0.4727442 -0.03801487
v 4.043994 -0.4622679 -0.0374953
v 4.05947 -0.4706094 -0.02513722
v 4.055777 -0.4711571 -0.03177975
v 4.054639 -0.4607512 -0.0313164
v 4.02491 -0.4850738 -0.04788725
v 4.027227 -0.4951992 -0.04931962
v 4.019587 -0.4956626 -0.04374461
v 3.992386 -0.4958028 -0.05627106
v 3.995503 -0.4983589 -0.05872865
v 3.955565 -0.4977269 -0.05806854
v 3.967052 -0.4955924 -0.05350456
v 3.963934 -0.5094388 -0.05583581
v 3.926636 -0.4947356 -0.04075325
v 3.931761 -0.494806 -0.04243859
v 4.061885 -0.4917445 -0.02596597
v 4.06329 -0.4912669 -0.01730109
v 4.065115 -0.5065321 -0.01790498
v 3.912901 -0.474963 -0.03335266
v 3.913955 -0.4772099 -0.03944723
v 3.970099 -0.4795409 0.08042535
v 3.869101 -0.4702443 0.02482831
v 3.870238 -0.4599789 0.0244913
v 3.927211 -0.4751594 -0.04089379
v 3.932393 -0.4751455 -0.04221373
v 3.932098 -0.4847368 -0.04236818
v 3.95204 -0.4652871 -0.05579351
v 3.952292 -0.4526763 -0.05521772
v 3.956688 -0.4530695 -0.05593405
v 3.978483 -0.4739236 -0.04885626
v 3.967347 -0.4759039 -0.05278824
v 3.969973 -0.4657084 -0.05158074
v 4.068233 -0.4792882 0.03291713
v 4.067208 -0.4692332 0.03238365
v 4.062068 -0.4700617 -0.008861353
v 4.066745 -0.4687276 -0.006501998
v 4.06798 -0.4787825 -0.006754684
v 4.036116 -0.4738534 -0.04669366
v 4.036805 -0.4839084 -0.04732566
v 4.017874 -0.4555413 -0.04446065
v 4.02491 -0.4520585 -0.04878614
v 4.060664 -0.4704129 -0.01640249
v 4.061899 -0.4804397 -0.01678152
v 3.936845 -0.4780804 0.07886664
v 3.936634 -0.4877702 0.07944243
v 3.951857 -0.4406975 0.07722361
v 3.951436 -0.4560186 0.07836098
v 3.96142 -0.4530556 0.07510303
v 3.981615 -0.4418491 0.07878232
v 3.981657 -0.4572403 0.08035522
v 3.985589 -0.4563837 0.07767277
v 3.868567 -0.4462166 -0.001643031
v 3.86903 -0.4464551 0.004872878
v 3.871053 -0.4314009 0.004929094
v 4.00091 -0.4679133 0.07486425
v 4.000699 -0.4556395 0.07385322
v 3.99577 -0.4560186 0.07871191
v 4.053305 -0.4495728 0.04300018
v 4.045764 -0.4514966 0.04785914
v 4.040413 -0.4370463 0.05500705
v 4.041453 -0.4521987 0.05577959
v 4.015009 -0.4667475 0.06997718
v 4.014391 -0.4542492 0.06913451
v 4.006232 -0.4549374 0.0690783
v 3.923279 -0.4675482 0.07354404
v 3.924038 -0.455162 0.07265935
v 3.921102 -0.4579004 0.07272976
v 3.90352 -0.465877 0.06850251
v 3.904448 -0.4534488 0.06723879
v 3.899911 -0.4560467 0.06625587
v 3.890811 -0.4493621 -0.02505318
v 3.885924 -0.4484493 -0.0207558
v 4.026441 -0.3936387 0.06382639
v 4.028238 -0.417161 0.0653851
v 4.034824 -0.4165293 0.06132649
v 4.067826 -0.4297718 0.008468127
v 4.069356 -0.4450227 0.008650686
v 4.068668 -0.4420175 -0.002991072
v 4.049373 -0.4115718 -0.02901326
v 4.048643 -0.4493201 -0.03534661
v 4.042969 -0.4496991 -0.03684939
v 3.991192 -0.4383524 -0.05396792
v 3.990714 -0.4150546 -0.05322377
v 3.994113 -0.4205876 -0.05493693
v 3.880799 -0.4121337 0.03661061
v 3.8774 -0.4115298 0.03464448
v 3.871024 -0.4471152 0.01313034
v 3.87153 -0.4474522 0.02388741
v 3.873229 -0.4321874 0.02333973
v 3.874255 -0.4468764 -0.00565933
v 3.883509 -0.4479999 -0.01494202
v 3.881122 -0.4446437 -0.009324707
v 3.913379 -0.4647394 -0.03312779
v 3.913912 -0.4521147 -0.03301565
v 3.91491 -0.4551481 -0.03904009
v 4.066169 -0.4589537 0.0319061
v 4.064863 -0.4464412 0.0313022
v 4.060635 -0.4475504 0.03832377
v 4.064132 -0.4459917 -0.006150792
v 4.062405 -0.4306145 -0.00599634
v 4.059231 -0.4472838 -0.008285568
v 4.057897 -0.4475785 -0.01562995
v 3.904433 -0.4354873 -0.02718767
v 3.905051 -0.4506681 -0.02715956
v 3.897299 -0.4501625 -0.02767913
v 3.895881 -0.4526482 0.05719776
v 3.895123 -0.4650344 0.0579703
v 3.942083 -0.458743 0.08164705
v 3.937645 -0.4554147 0.07740588
v 3.937098 -0.4678148 0.07834679
v 3.969973 -0.4568751 0.07847341
v 4.020907 -0.3889623 -0.04614599
v 4.022522 -0.414507 -0.04684811
v 3.873875 -0.4102377 0.005069633
v 4.000264 -0.4405712 0.07271557
v 3.999702 -0.4198716 0.07111455
v 3.995194 -0.4249972 0.07601582
v 4.052013 -0.4343781 0.04234007
v 4.050412 -0.4133415 0.04152579
v 4.043404 -0.4152091 0.046483
v 4.038939 -0.4160799 0.05381346
v 4.011147 -0.3951134 0.06511821
v 4.01251 -0.418425 0.06670503
v 4.02057 -0.4177649 0.06733703
v 3.921131 -0.3231281 0.05691697
v 3.915162 -0.322131 0.05667819
v 3.914811 -0.3427042 0.05763329
v 3.928321 -0.3239003 0.06354531
v 3.924768 -0.3235914 0.06006278
v 3.924023 -0.3440804 0.06194458
v 3.943628 -0.3259366 0.0672669
v 3.969678 -0.3265263 0.06940139
v 4.00824 -0.3445159 0.0622955
v 4.007201 -0.3241953 0.06132649
v 4.001106 -0.3248833 0.06097557
v 4.019995 -0.3061918 0.0579422
v 4.021385 -0.3224961 0.05955712
v 4.028027 -0.3217377 0.05497895
v 4.033912 -0.3408363 0.04992351
v 4.032212 -0.3210776 0.04837871
v 4.041101 -0.3371851 -0.02589556
v 4.043952 -0.3621679 -0.02708943
v 4.039388 -0.3618028 -0.03110573
v 4.034572 -0.3611992 -0.03259431
v 4.030176 -0.3557783 -0.03432167
v 3.935441 -0.3645554 -0.03964399
v 3.940875 -0.365061 -0.04082367
v 3.915233 -0.3690631 -0.02708943
v 3.917115 -0.3638532 -0.03301565
v 3.9163 -0.3888502 -0.03120397
v 3.909896 -0.3639938 -0.02659769
v 3.896639 -0.3881901 -0.02371905
v 3.8989 -0.3618028 -0.02345216
v 3.904012 -0.3626315 -0.0266539
v 3.89581 -0.3357951 -0.01095354
v 3.893522 -0.3606515 -0.01245632
v 3.891921 -0.3547673 -0.007021567
v 3.880476 -0.3599352 0.0001263433
v 3.885868 -0.3596964 -0.003412406
v 3.882372 -0.385873 -0.004114534
v 3.895797 -0.3645272 0.04375852
v 3.900796 -0.3658475 0.05187544
v 3.902397 -0.340359 0.05010607
v 3.904911 -0.3720684 0.05955712
v 3.910346 -0.3664511 0.05959914
v 3.91894 -0.3737957 0.05853189
v 3.919333 -0.3942006 0.06117204
v 3.921341 -0.3686279 0.06108772
v 3.926369 -0.3694563 0.06725271
v 3.93148 -0.3700883 0.0672246
v 3.937013 -0.370299 0.06770215
v 3.941269 -0.3711136 0.07124118
v 3.942462 -0.3467767 0.06930316
v 3.953879 -0.3710994 0.07209776
v 3.945889 -0.3768572 0.07469561
v 3.977093 -0.3772363 0.07525748
v 3.970001 -0.3711556 0.07239247
v 3.970085 -0.3964615 0.07413402
v 3.981137 -0.3708328 0.07247679
v 3.998326 -0.370636 0.06788471
v 4.002932 -0.3701025 0.06360153
v 4.009799 -0.3694844 0.06357342
v 4.017074 -0.368656 0.06431785
v 4.024517 -0.3677432 0.06237983
v 4.035751 -0.3660158 0.05134196
v 4.039922 -0.3651592 0.04440443
v 4.046003 -0.3637269 0.03925076
v 3.967108 -0.4531678 -0.05259177
v 3.978132 -0.4531115 -0.04885626
v 3.928012 -0.4523674 -0.04041624
v 3.933124 -0.4523112 -0.04153971
v 3.93259 -0.4648237 -0.04189091
v 3.99195 -0.4767323 -0.05524583
v 3.988439 -0.4763672 -0.05202989
v 3.951071 -0.4950868 -0.05690306
v 3.949048 -0.4947077 -0.05398211
v 3.955284 -0.3650468 -0.05305512
v 3.951043 -0.3649486 -0.05035875
v 3.977233 -0.3641621 -0.04849114
v 3.968709 -0.3644852 -0.05127155
v 3.968836 -0.3402185 -0.05061173
v 3.992976 -0.364471 -0.05315336
v 3.989577 -0.3643447 -0.05226867
v 3.989745 -0.340022 -0.05181923
v 3.999969 -0.3635162 -0.04767659
v 4.002932 -0.3629685 -0.04545777
v 4.002567 -0.3883726 -0.04551398
v 4.025317 -0.3683048 -0.04576667
v 4.027999 -0.3618732 -0.04017747
v 4.029979 -0.3879232 -0.0418205
v 3.914671 -0.5350817 -0.04329517
v 3.91366 -0.5644461 -0.0446151
v 3.9113 -0.5411342 -0.04226994
v 3.92547 -0.5343656 -0.03999491
v 3.921678 -0.534492 -0.04054259
v 3.922408 -0.508779 -0.04073934
v 3.894505 -0.5681675 0.07861367
v 3.897299 -0.5383118 0.07583326
v 3.89237 -0.5441395 0.07403578
v 3.916777 -0.5709339 0.08222283
v 3.918729 -0.5404744 0.0796389
v 3.915289 -0.5464989 0.07989158
v 3.933727 -0.5407972 0.08805081
v 3.932126 -0.5713692 0.09194076
v 4.038939 -0.5409659 -0.05872865
v 4.037548 -0.5638704 -0.06181795
v 4.018843 -0.3628561 -0.04507874
v 3.918238 -0.5345201 -0.04248061
v 3.915499 -0.5091722 -0.04235427
v 3.919417 -0.4946234 -0.04160983
v 3.916033 -0.494806 -0.04177848
v 3.916384 -0.4847229 -0.04139917
v 3.998003 -0.5098743 -0.05832123
v 3.999112 -0.5343233 -0.05961333
v 3.996135 -0.5346745 -0.06186026
v 4.013493 -0.5096214 -0.04215751
v 4.014391 -0.5356013 -0.04177848
v 4.008367 -0.5350116 -0.0433934
v 4.012833 -0.4954658 -0.04241048
v 4.012467 -0.4853549 -0.0427333
v 4.012201 -0.475679 -0.04304248
v 4.018646 -0.4777715 -0.04416594
v 4.011527 -0.4527186 -0.04343571
v 4.006387 -0.4496571 -0.04415175
v 3.92283 -0.4946654 -0.04078136
v 3.923097 -0.4846247 -0.04089379
v 3.923392 -0.4750751 -0.04075325
v 3.923686 -0.4648518 -0.04058489
v 3.924108 -0.4522831 -0.04036003
v 3.925358 -0.4367232 -0.039981
v 3.925723 -0.3893275 -0.03995289
v 3.925245 -0.4142963 -0.03985465
v 3.921861 -0.4141558 -0.04031801
v 3.947869 -0.5082032 -0.0517633
v 3.948262 -0.4947217 -0.05054131
v 3.946703 -0.4774345 -0.04764848
v 3.948262 -0.4754544 -0.05065375
v 3.948164 -0.4849617 -0.04983919
v 3.945524 -0.5336354 -0.04884207
v 3.946605 -0.5332141 -0.05232488
v 3.945411 -0.5623676 -0.05357469
v 3.867935 -0.5342952 0.04410973
v 3.870154 -0.507473 0.04200306
v 3.920035 -0.475005 -0.04109026
v 3.916763 -0.4752157 -0.04110446
v 3.917142 -0.4649924 -0.04080947
v 3.91762 -0.4523674 -0.04065502
v 3.918757 -0.4367093 -0.04047246
v 3.918757 -0.4141839 -0.04050057
v 3.921187 -0.3632212 -0.04058489
v 3.919052 -0.3889484 -0.04052867
v 3.918336 -0.3630668 -0.03908211
v 3.958345 -0.4153073 -0.05469815
v 3.953781 -0.4149002 -0.0542206
v 3.955607 -0.3905352 -0.05408035
v 3.998368 -0.4961259 -0.05645361
v 3.995194 -0.4788949 -0.05746465
v 3.998087 -0.4767605 -0.05509138
v 3.998256 -0.4862535 -0.05566716
v 3.997792 -0.4540805 -0.0539259
v 3.997947 -0.4664948 -0.05451559
v 3.925512 -0.3636565 -0.04031801
v 3.92988 -0.3638813 -0.03981235
v 3.924557 -0.2979205 -0.0384362
v 3.924585 -0.316598 -0.03962979
v 3.920695 -0.312076 -0.03816932
v 3.927759 -0.2866157 -0.03735476
v 3.913351 -0.4745979 0.06274495
v 3.915134 -0.4768306 0.06553955
v 3.91571 -0.4665931 0.06535699
v 3.914418 -0.4539542 0.06253428
v 3.916356 -0.4541229 0.06492174
v 3.907874 -0.5116857 0.06697191
v 3.905908 -0.538424 0.06983664
v 3.909531 -0.5323575 0.06638221
v 3.909671 -0.4861414 0.06507619
v 3.908913 -0.4968141 0.06566589
v 3.912045 -0.4947356 0.06323641
v 3.911651 -0.4661297 0.06357342
v 3.910416 -0.4762829 0.06435987
v 4.00567 -0.5643195 -0.04936192
v 4.00494 -0.5347027 -0.0492776
v 4.001177 -0.495859 -0.05233908
v 4.003971 -0.4955782 -0.04731147
v 4.003705 -0.5094669 -0.04923529
v 4.006836 -0.4734463 -0.0439973
v 4.003606 -0.4758897 -0.04704458
v 4.003494 -0.4654838 -0.04697446
v 4.003452 -0.4529012 -0.04667947
v 4.003227 -0.4370182 -0.04639867
v 4.005502 -0.4082719 -0.04391297
v 4.002862 -0.4138611 -0.04580897
v 4.00678 -0.3631369 -0.04424998
v 4.011948 -0.3633055 -0.04419377
v 4.008943 -0.3881759 -0.04361827
v 3.911679 -0.4537015 0.06377017
v 3.913884 -0.4169927 0.06117204
v 3.915289 -0.3930911 0.05948699
v 3.915935 -0.36735 0.05836353
v 3.928798 -0.5129636 0.07492047
v 3.929416 -0.4979234 0.07390916
v 3.925034 -0.4980358 0.07539774
v 3.930371 -0.4672813 0.07233654
v 3.93009 -0.4775469 0.07277178
v 3.933812 -0.4755666 0.07353012
v 3.932225 -0.4395178 0.07081985
v 3.930947 -0.4547407 0.07162021
v 3.934556 -0.4519603 0.07249099
v 3.923054 -0.4236349 0.07059498
v 3.924908 -0.4400235 0.07164832
v 3.992203 -0.5423982 0.0858178
v 3.989984 -0.5141995 0.08285483
v 3.990869 -0.4886972 0.08167515
v 3.990911 -0.4995386 0.08253173
v 3.99063 -0.4686716 0.07970902
v 3.990757 -0.478937 0.08070614
v 3.990546 -0.4560186 0.07844531
v 3.989984 -0.4202367 0.07514505
v 3.991445 -0.4411047 0.07749021
v 3.984479 -0.3645835 0.06968219
v 3.989113 -0.3701446 0.07114266
v 3.98785 -0.3457376 0.06916262
v 3.988341 -0.3089444 0.06648045
v 3.988636 -0.3259786 0.06812348
v 3.988201 -0.2975974 0.06542712
v 3.983847 -0.2978923 0.06469688
v 3.941339 -0.5338881 -0.04684811
v 3.9403 -0.5628732 -0.04745201
v 3.93735 -0.4948199 -0.04422188
v 3.942701 -0.4946515 -0.04566844
v 3.942252 -0.5086384 -0.04603355
v 3.943726 -0.4849055 -0.04593532
v 3.942673 -0.4753843 -0.04571046
v 3.93853 -0.4526763 -0.04312652
v 3.943291 -0.452873 -0.04516278
v 3.941858 -0.4649924 -0.04503643
v 3.939794 -0.4203068 -0.04200306
v 3.944204 -0.4149141 -0.04429229
v 3.943628 -0.4371446 -0.04483996
v 3.945285 -0.3908441 -0.04507874
v 3.944808 -0.3651732 -0.04426418
v 3.947953 -0.3704254 -0.04777482
v 3.945495 -0.318578 -0.04316882
v 3.957151 -0.2985525 -0.04885626
v 3.955368 -0.2863769 -0.04593532
v 3.961659 -0.2880904 -0.04851925
v 3.997273 -0.4150126 -0.05235299
v 3.99768 -0.4383524 -0.05326579
v 3.996472 -0.364092 -0.05072387
v 3.996346 -0.3395303 -0.05013418
v 3.992175 -0.322173 -0.05128575
v 4.008507 -0.3214569 -0.04423607
v 4.004758 -0.3391373 -0.04533143
v 3.992105 -0.2809564 0.06339086
v 3.987723 -0.2789621 0.06301183
v 3.988973 -0.2883712 0.06459864
v 3.975028 -0.2623351 0.06159338
v 3.987358 -0.2692865 0.06155136
v 3.914053 -0.5401232 0.07727954
v 3.912059 -0.5705126 0.07986348
v 3.916875 -0.4980778 0.07379701
v 3.915851 -0.5132867 0.07503262
v 3.916777 -0.4771818 0.06954193
v 3.918196 -0.4775608 0.07229423
v 3.918757 -0.4673094 0.07171845
v 3.919488 -0.4549374 0.07094619
v 3.921468 -0.4185094 0.06882561
v 3.920302 -0.4397847 0.07007542
v 3.923714 -0.3687684 0.06509011
v 3.922732 -0.3945938 0.0672669
v 3.948753 -0.4651045 -0.05121562
v 3.948894 -0.4527044 -0.05019039
v 3.950298 -0.4526201 -0.05299891
v 3.951492 -0.414886 -0.05229678
v 3.949442 -0.4152653 -0.0502185
v 3.950116 -0.3905633 -0.05013418
v 3.96003 -0.3704114 -0.05396792
v 3.888466 -0.4949743 0.04906693
v 3.881992 -0.4939213 0.04457308
v 3.876712 -0.4716346 0.04066893
v 3.883144 -0.4729406 0.04354785
v 3.883706 -0.462633 0.04302829
v 3.878187 -0.448702 0.03896997
v 3.884295 -0.4500784 0.04262115
v 3.88518 -0.4347713 0.04177848
v 3.886514 -0.4135099 0.04066893
v 3.888171 -0.3894399 0.0393771
v 3.889941 -0.3630248 0.03793054
v 3.893087 -0.3173563 0.0350519
v 3.894252 -0.3007994 0.03325414
v 4.042408 -0.5702037 0.07558029
v 4.040357 -0.5389296 0.07329135
v 4.032184 -0.4857058 0.07086187
v 4.030007 -0.4968985 0.07264544
v 3.985434 -0.535124 -0.05243732
v 3.985687 -0.5650779 -0.053954
v 3.985926 -0.5091722 -0.05120142
v 3.984788 -0.4956626 -0.04981108
v 3.988973 -0.4955081 -0.05271811
v 3.984564 -0.4855937 -0.04964271
v 3.984311 -0.4760722 -0.04951637
v 3.983693 -0.4376079 -0.04920719
v 3.984128 -0.4533083 -0.04924949
v 3.981952 -0.3891168 -0.04870181
v 3.983188 -0.4145632 -0.04901071
v 3.986165 -0.3643308 -0.05016228
v 3.982373 -0.3644852 -0.04865951
v 3.981966 -0.3400078 -0.04826628
v 3.969102 -0.2887221 0.06608722
v 3.975814 -0.2813916 0.06587656
v 3.970282 -0.5143682 0.08296698
v 3.960831 -0.5346745 0.08136625
v 3.943782 -0.4246883 0.07868408
v 3.948009 -0.3304867 0.07051094
v 3.954343 -0.3466643 0.07052486
v 3.950059 -0.2782461 0.0644723
v 3.937884 -0.2682051 0.0576614
v 3.934668 -0.3073857 0.06249226
v 3.926636 -0.2862787 0.05745073
v 3.916398 -0.4178072 0.06079301
v 3.914615 -0.4866186 0.06582034
v 3.911019 -0.2927106 0.05166478
v 3.905416 -0.4378887 0.06576413
v 3.899799 -0.5118402 0.07296825
v 3.908899 -0.3210214 0.05495084
v 3.898451 -0.2699043 0.02401375
v 3.880616 -0.3611148 0.02818479
v 3.875504 -0.4111786 0.03124599
v 3.875336 -0.5669878 0.05009216
v 3.909714 -0.246424 0.01926722
v 3.896499 -0.2784565 0.01832632
v 3.865154 -0.5069812 0.02619055
v 3.860169 -0.5338742 0.01345344
v 3.890966 -0.2984962 0.005954321
v 3.886079 -0.4054631 -0.008215157
v 3.871909 -0.4793864 -0.007162106
v 3.875869 -0.4882617 -0.01058842
v 3.898493 -0.277628 -0.0004775495
v 3.898086 -0.2705644 0.004929094
v 3.896331 -0.3151656 -0.006712665
v 3.903731 -0.2775718 -0.008566363
v 3.890755 -0.3866314 -0.01317264
v 3.908941 -0.2768978 -0.01853698
v 3.900557 -0.3365954 -0.02183724
v 3.894407 -0.4924327 -0.02901326
v 3.917115 -0.2890872 -0.0278756
v 3.913309 -0.2983557 -0.02671012
v 3.926804 -0.2695253 -0.03279078
v 3.918912 -0.29844 -0.03291713
v 3.91307 -0.497123 -0.04017747
v 3.908618 -0.5646988 -0.03682128
v 3.930905 -0.2526032 -0.02767913
v 3.929739 -0.3171877 -0.03950345
v 3.934963 -0.4373552 -0.04132904
v 3.929627 -0.5635473 -0.04191902
v 3.932056 -0.2772209 -0.03638575
v 3.949554 -0.4733759 -0.05368712
v 3.961069 -0.317904 -0.05163667
v 3.955438 -0.2445703 -0.03449003
v 3.954652 -0.5339443 -0.06122826
v 3.961027 -0.2666041 -0.04287383
v 3.980182 -0.2887363 0.0653709
v 3.985083 -0.5743464 0.09026962
v 3.985743 -0.4992294 0.08143638
v 3.976685 -0.3311326 0.07153589
v 3.980899 -0.346566 0.07080565
v 3.996444 -0.3083544 0.06330653
v 3.992582 -0.2975834 0.06559576
v 4.010853 -0.2768558 0.05625686
v 4.037521 -0.4525218 0.06379828
v 4.029768 -0.4378748 0.06690178
v 4.033785 -0.5708638 0.07954066
v 4.028575 -0.2835542 0.04467132
v 4.042408 -0.2897192 0.03088087
v 4.048109 -0.2998443 0.02548842
v 4.05353 -0.3153763 0.01874765
v 4.064203 -0.4097323 0.02091025
v 4.059737 -0.3661141 -0.001923826
v 4.030583 -0.2459187 0.0068109
v 4.073331 -0.4866749 -0.00335619
v 4.034333 -0.2684859 -0.004578172
v 4.042885 -0.3111209 -0.007204126
v 4.054864 -0.4105327 -0.007569244
v 4.069356 -0.5273018 -0.01124853
v 4.024278 -0.2453287 -0.007779911
v 4.035849 -0.2774736 -0.009296599
v 4.05096 -0.387235 -0.01387477
v 4.048011 -0.3674201 -0.02130348
v 4.05683 -0.481212 -0.0322573
v 4.065509 -0.5655134 -0.03669493
v 4.057785 -0.5410922 -0.04085149
v 4.03422 -0.4070922 -0.03679317
v 4.037001 -0.387179 -0.03384412
v 4.04384 -0.5645444 -0.05353267
v 4.035358 -0.4633351 -0.04610368
v 4.031173 -0.4513564 -0.05092063
v 3.993467 -0.5635473 -0.06197269
v 3.999463 -0.27628 -0.04187672
v 3.988004 -0.4535329 -0.05153843
v 3.987695 -0.2445141 -0.03427936
v 3.854397 -0.5647269 0.003693485
v 3.87542 -0.4927416 0.04226994
v 4.009238 -0.5346183 0.07511694
v 4.007707 -0.4984149 0.07192911
v 4.058543 -0.5098181 0.0462022
v 4.045202 -0.5389997 0.06985084
v 4.051339 -0.5698105 0.06379828
v 4.076912 -0.5347308 0.02513722
v 4.081911 -0.5663558 0.01049019
v 4.028729 -0.5647971 -0.05129966
v 4.021666 -0.5416118 -0.04380083
v 4.015066 -0.3386598 -0.04467132
v 4.012369 -0.2765045 -0.03703195
v 4.017734 -0.2859275 -0.03734085
v 3.945538 -0.287332 0.06344707
v 3.940819 -0.2965443 0.0616635
v 4.015037 -0.5133569 0.07295434
v 3.899027 -0.3921362 0.05386968
v 3.892707 -0.4148582 0.04645489
v 3.885868 -0.5678867 0.06582034
v 4.053853 -0.5655134 -0.04423607
v 4.04575 -0.4827568 -0.03853444
v 4.025963 -0.3368904 -0.03853444
v 3.964889 -0.4373973 -0.0530131
v 3.948852 -0.5619886 -0.06194458
v 3.898283 -0.5649376 -0.03026306
v 3.880672 -0.5648675 -0.02885881
v 3.938348 -0.440178 0.07640905
v 3.930666 -0.2437419 0.04937583
v 3.92547 -0.2376612 0.04564033
v 3.916047 -0.236299 0.03427936
v 3.911946 -0.2411579 0.0269347
v 3.913042 -0.2342766 0.005532987
v 3.922956 -0.2390797 -0.01464703
v 3.92804 -0.2334763 -0.01915479
v 3.969762 -0.23342 -0.03416693
v 3.997933 -0.2391075 0.053954
v 4.029923 -0.2358918 0.02362053
v 4.01977 -0.2394306 -0.01273711
v 4.013802 -0.2337994 -0.01804552
v 4.000826 -0.2336588 -0.02752468
v 3.966855 -0.2395007 0.05836353
v 4.023716 -0.237268 0.03675087
v 3.951899 -0.2391498 0.0563974
v 3.961828 -0.297808 0.06594668
v 3.900445 -0.2850289 -0.00565933
v 4.01199 -0.2957718 0.05957131
v 4.038419 -0.284804 -0.006164988
v 4.014757 -0.2690477 -0.03318401
v 3.961252 -0.4767605 0.07675997
v 3.950973 -0.4684329 0.07941432
v 3.985785 -0.4792882 0.08010225
v 3.981783 -0.4696265 0.08168907
v 4.02446 -0.4762971 0.07163441
v 4.071126 -0.4656664 -0.003075396
v 4.070592 -0.4575353 0.008875265
v 3.867416 -0.4589395 0.004802751
v 3.926088 -0.4776451 0.07368458
v 3.906933 -0.4761705 0.06767404
v 3.889856 -0.4742466 0.04839291
v 3.933461 -0.4957046 0.07428847
v 3.878018 -0.4703428 -0.01009696
v 3.882063 -0.4605825 -0.01532105
v 3.889814 -0.4616498 -0.02539019
v 3.904433 -0.4633632 -0.02737023
v 4.039402 -0.4734602 -0.04003721
v 3.992161 -0.4861973 -0.05569527
v 3.967108 -0.4855233 -0.05319566
v 3.978553 -0.4934295 -0.04909504
v 3.970057 -0.4692753 0.07959688
v 3.937758 -0.4731933 -0.04377272
v 3.952391 -0.4372709 -0.05420669
v 4.065579 -0.4584199 -0.006333351
v 4.025443 -0.436625 -0.04888437
v 4.059358 -0.4600068 -0.01603737
v 3.977233 -0.4602455 0.08248971
v 4.013535 -0.4391388 0.06808146
v 3.927296 -0.4548812 0.07216789
v 3.908716 -0.4503592 0.06534279
v 4.06777 -0.4457249 0.02207602
v 4.047688 -0.3876844 -0.0269347
v 3.98726 -0.4147878 -0.0508082
v 3.989451 -0.3896085 -0.05221245
v 3.91175 -0.4514407 -0.02737023
v 3.890867 -0.4514265 0.04785914
v 4.004856 -0.4190147 0.06667692
v 3.999014 -0.3964756 0.06951383
v 4.048264 -0.3897207 0.04041624
v 4.037436 -0.3922345 0.05273202
v 3.969917 -0.3467486 0.07093199
v 4.013956 -0.3234651 0.06194458
v 4.022817 -0.3425498 0.06089125
v 3.895109 -0.3615081 -0.01836862
v 3.96201 -0.3650749 0.06990705
v 3.994155 -0.3764078 0.07230843
v 4.031356 -0.3667322 0.05827921
v 3.920836 -0.5642775 -0.04106216
v 3.901793 -0.5381151 0.07404969
v 4.002118 -0.5346603 -0.05516151
v 3.999941 -0.5632804 -0.06153716
v 4.01588 -0.5651341 -0.04162403
v 4.007314 -0.493247 -0.04356205
v 4.011892 -0.4652731 -0.04328097
v 3.920779 -0.4522129 -0.0405988
v 3.94683 -0.4927836 -0.04749403
v 3.865477 -0.5652746 0.04635665
v 4.00091 -0.4763391 -0.05118751
v 4.000812 -0.4534488 -0.0502043
v 3.924585 -0.3385474 -0.04030381
v 3.917957 -0.4543897 0.0684886
v 3.903127 -0.5688415 0.07331946
v 4.003761 -0.4855375 -0.04726945
v 4.00039 -0.414549 -0.04878614
v 3.912606 -0.4381136 0.06263251
v 3.929739 -0.4872648 0.07329135
v 3.993102 -0.5744026 0.08901982
v 3.989549 -0.3960543 0.07294043
v 3.946942 -0.4497272 -0.04752213
v 3.947405 -0.4149703 -0.04755024
v 3.94433 -0.3404431 -0.04302829
v 3.996809 -0.3893556 -0.051426
v 3.917592 -0.4872927 0.07296825
v 3.948768 -0.4368357 -0.0495723
v 3.882666 -0.4828269 0.04395528
v 3.89185 -0.3375925 0.03639994
v 3.984269 -0.4658628 -0.04940394
v 3.966125 -0.2758447 0.06378408
v 3.972711 -0.4286906 0.07784141
v 3.974116 -0.5532535 0.08838782
v 3.94631 -0.5029791 0.08397829
v 3.955859 -0.4113893 0.07368458
v 3.957517 -0.3193645 0.06768824
v 3.957067 -0.2818269 0.06469688
v 3.934781 -0.2557629 0.05384157
v 3.935413 -0.331245 0.06424744
v 3.9295 -0.4111366 0.06965408
v 3.920021 -0.5022489 0.0765635
v 3.925358 -0.5502764 0.07791154
v 3.928573 -0.2616469 0.05304121
v 3.926748 -0.2736256 0.05452979
v 3.918448 -0.4255028 0.06472499
v 3.914278 -0.5014905 0.06805335
v 3.911146 -0.5492514 0.07232234
v 3.923209 -0.2604814 0.04962852
v 3.919038 -0.2975272 0.05461383
v 3.90859 -0.4079348 0.06280116
v 3.902874 -0.4928117 0.07081985
v 3.920555 -0.2539513 0.04589301
v 3.912859 -0.2582484 0.04043044
v 3.909461 -0.2760974 0.04503643
v 3.902355 -0.3132838 0.04541575
v 3.905767 -0.2567038 0.02803034
v 3.900698 -0.2739768 0.03165341
v 3.886093 -0.3225523 0.02849369
v 3.881824 -0.3701306 0.03239756
v 3.876614 -0.4031741 0.01886008
v 3.877091 -0.5256448 0.04575276
v 3.905346 -0.2559174 0.02098038
v 3.901498 -0.2660425 0.01621993
v 3.889828 -0.3096045 0.01689395
v 3.8832 -0.3519165 0.01770851
v 3.861826 -0.5439711 0.03265053
v 3.857978 -0.5430021 -0.004957202
v 3.880293 -0.3692037 0.007695588
v 3.887596 -0.3212602 0.008173137
v 3.895361 -0.2840318 0.009310511
v 3.905206 -0.2550605 0.01022331
v 3.875659 -0.4178913 -0.003960083
v 3.865927 -0.4935701 -0.005406644
v 3.910668 -0.2497663 0.0015306
v 3.903773 -0.2653542 -0.0005615891
v 3.889211 -0.3210918 -0.001277913
v 3.907804 -0.2650033 -0.009057824
v 3.89949 -0.3094779 -0.01380436
v 3.887455 -0.4190709 -0.01613561
v 3.878734 -0.4947217 -0.01850887
v 3.872948 -0.544294 -0.02039068
v 3.912887 -0.2638236 -0.01751176
v 3.90602 -0.3089583 -0.02339595
v 3.895376 -0.4210652 -0.02564287
v 3.885054 -0.4879247 -0.02510911
v 3.915696 -0.2492047 -0.009394835
v 3.913379 -0.2828521 -0.02516532
v 3.913435 -0.3241249 -0.02701902
v 3.922198 -0.2643432 -0.02581124
v 3.91776 -0.3245886 -0.0313164
v 3.915317 -0.4219638 -0.0353185
v 3.911919 -0.4906071 -0.03123208
v 3.910177 -0.5239033 -0.0322573
v 3.925456 -0.2488677 -0.02060135
v 3.937603 -0.3253889 -0.03953156
v 3.932843 -0.4065726 -0.03979844
v 3.932646 -0.524395 -0.04325286
v 3.941142 -0.2488535 -0.03055806
v 3.937926 -0.2644838 -0.03429356
v 3.952447 -0.4792039 -0.0570294
v 3.953121 -0.3250377 -0.04936192
v 3.945299 -0.2908847 -0.04072515
v 3.950467 -0.2529683 -0.03561349
v 3.971223 -0.5451647 -0.05468424
v 3.972079 -0.3103629 -0.04813994
v 3.972318 -0.2634304 -0.04146958
v 3.966925 -0.2527296 -0.03861876
v 3.979241 -0.3019649 0.06767404
v 3.984184 -0.5308266 0.08497541
v 3.980856 -0.5037375 0.08534053
v 3.982612 -0.4116141 0.07473791
v 3.981685 -0.3201228 0.06761782
v 3.982794 -0.2567598 0.05877067
v 3.995897 -0.3316382 0.06666301
v 3.997301 -0.2940166 0.06094746
v 3.994267 -0.2629109 0.05829312
v 4.00362 -0.2808721 0.057928
v 4.016273 -0.2546676 0.04691824
v 4.019054 -0.2720669 0.05072387
v 4.028702 -0.4575915 0.06931707
v 4.038995 -0.500718 0.06972449
v 4.03203 -0.5293942 0.07500451
v 4.026511 -0.2532349 0.03668074
v 4.028308 -0.2703256 0.04082367
v 4.034923 -0.2562121 0.02550233
v 4.046227 -0.2846919 0.02238492
v 4.05023 -0.3231281 0.02877448
v 4.055664 -0.3705097 0.03052995
v 4.060762 -0.4183688 0.03255201
v 4.058698 -0.3510457 0.01311643
v 4.052575 -0.3090006 0.004788839
v 4.043096 -0.2711964 0.01106597
v 4.035737 -0.2545972 0.01084139
v 4.06527 -0.4011799 0.003229847
v 4.073808 -0.4940053 0.01439434
v 4.031931 -0.2547516 -9.82355e-05
v 4.03856 -0.2712242 -0.00119359
v 4.050258 -0.3216253 -0.003679289
v 4.050707 -0.3514108 -0.005266104
v 4.061408 -0.4013204 -0.005476771
v 4.077389 -0.543901 -0.00829948
v 4.029361 -0.2544989 -0.0052803
v 4.031763 -0.264961 -0.0108272
v 4.043292 -0.322805 -0.01536335
v 4.046972 -0.3518603 -0.01103787
v 4.05433 -0.443801 -0.02864814
v 4.056802 -0.4964067 -0.03498149
v 4.062714 -0.5243246 -0.03204664
v 4.031875 -0.2833296 -0.02208993
v 4.036046 -0.3094359 -0.02533397
v 4.024376 -0.253895 -0.01541928
v 4.021553 -0.2536844 -0.01780675
v 4.024868 -0.2706064 -0.02265152
v 4.032142 -0.3223697 -0.0297293
v 4.042056 -0.4211214 -0.03513594
v 4.041116 -0.5244933 -0.04736768
v 4.035063 -0.4462867 -0.04259304
v 4.031609 -0.4220061 -0.04613179
v 4.016231 -0.248966 -0.02018001
v 4.007173 -0.2531086 -0.0303613
v 3.991726 -0.5245634 -0.05739452
v 3.999393 -0.3101522 -0.04691824
v 3.994562 -0.2627141 -0.04002302
v 3.992624 -0.4587851 -0.05563906
v 3.985097 -0.3103907 -0.04861749
v 3.982148 -0.2697919 -0.0433934
v 3.995489 -0.2525328 -0.03537472
v 3.964819 -0.2569986 0.05926213
v 4.005572 -0.2622789 0.05412237
v 4.031903 -0.2575743 0.032215
v 3.910879 -0.2540918 -0.005336516
v 3.919782 -0.2534317 -0.01856509
v 3.982822 -0.2524346 -0.03816932
v 3.863343 -0.4859165 0.001938022
v 3.858877 -0.5228079 0.001235893
v 3.870463 -0.4879108 0.03986857
v 3.873889 -0.4434359 0.03625941
v 3.944386 -0.5519756 0.0889213
v 3.933432 -0.2807877 0.05965535
v 3.956351 -0.2628827 0.06084923
v 4.0015 -0.5531692 0.08473664
v 3.999983 -0.502951 0.07973713
v 4.059653 -0.4890623 0.04375852
v 4.036818 -0.29514 0.03735476
v 4.059189 -0.5484088 0.04992351
v 4.045441 -0.4919833 0.05499314
v 4.048699 -0.5285516 0.05738032
v 4.074216 -0.5461758 0.03954547
v 4.077726 -0.5233275 0.003946171
v 4.040217 -0.3256135 0.03905401
v 4.03019 -0.5253637 -0.05377144
v 4.028322 -0.47141 -0.05099076
v 4.01668 -0.3093515 -0.0427333
v 4.0106 -0.2894103 -0.04068313
v 4.012172 -0.4224132 -0.04353394
v 3.946352 -0.300378 0.06596088
v 3.945945 -0.2625738 0.05875675
v 4.022565 -0.5515685 0.07796776
v 4.019321 -0.4938509 0.07251909
v 3.898732 -0.4243652 0.05913578
v 3.893803 -0.5001564 0.06386841
v 3.888494 -0.5273722 0.0579703
v 4.054541 -0.4188884 -0.01769431
v 4.068837 -0.5444345 -0.02225857
v 4.046972 -0.5240157 -0.04125891
v 4.044654 -0.4975021 -0.03954547
v 4.024067 -0.3083124 -0.03392844
v 4.02109 -0.2826414 -0.03051575
v 3.971869 -0.4059406 -0.05037295
v 3.948824 -0.5233698 -0.05760518
v 3.910781 -0.4049997 -0.02600799
v 3.905599 -0.4969686 -0.02759481
v 3.90418 -0.523089 -0.02822681
v 3.887286 -0.5232153 -0.0288165
v 3.93832 -0.4114174 0.07264544
v 3.931635 -0.5503468 0.0790069
v 3.951281 -0.2564509 0.05853189
v 3.940384 -0.2421971 0.05309714
v 3.922395 -0.245034 0.04417986
v 3.916117 -0.2441913 0.03676506
v 3.910978 -0.2383213 0.01709042
v 3.91307 -0.2414387 0.002176797
v 3.917423 -0.2374645 -0.006263223
v 3.929641 -0.2407647 -0.02157036
v 3.937477 -0.2370854 -0.02645743
v 3.966996 -0.2408629 -0.0350238
v 3.985125 -0.242801 0.05705751
v 4.000868 -0.246677 0.05290067
v 4.014981 -0.2419163 0.04562642
v 4.030148 -0.2435451 0.02555855
v 4.030471 -0.2383772 0.01129084
v 4.025191 -0.2378719 -0.002907033
v 4.012201 -0.2410736 -0.02123335
v 3.998663 -0.2411159 -0.02986984
v 3.969664 -0.2471543 0.05812475
v 4.022831 -0.2448792 0.03867498
v 3.951211 -0.2370993 -0.03199042
v 3.983524 -0.2368608 -0.03377399
v 3.95402 -0.2466628 0.05677671
v 3.865337 -0.5223025 -0.006586321
v 3.868118 -0.543269 -0.009675629
v 3.971939 -0.3020072 0.06813739
v 3.953051 -0.2941991 0.06702813
v 3.92693 -0.2986649 0.05995034
v 3.920667 -0.2786953 0.05261988
v 3.904518 -0.28802 0.04281762
v 3.895095 -0.2857591 0.02933607
v 3.892202 -0.2913903 0.02096647
v 3.901484 -0.265593 0.01043397
v 3.894252 -0.2904494 -0.0002526867
v 3.902116 -0.2907163 -0.01248443
v 3.905725 -0.2904494 -0.01888819
v 3.91689 -0.2705082 -0.02359242
v 3.920976 -0.283077 -0.03339468
v 3.937758 -0.2908288 -0.03846431
v 3.94874 -0.2705221 -0.03984046
v 3.972178 -0.2824027 -0.0455702
v 3.981081 -0.2755216 0.06318019
v 3.997287 -0.2752127 0.05902364
v 4.003859 -0.2997883 0.05964144
v 4.021034 -0.291306 0.05450168
v 4.028772 -0.2968251 0.0483225
v 4.041087 -0.2730078 0.0260361
v 4.049219 -0.290295 0.01152933
v 4.044458 -0.2899441 -0.00259813
v 4.038391 -0.2904213 -0.01372032
v 4.030681 -0.270789 -0.01780675
v 4.028168 -0.2897615 -0.02633109
v 3.996346 -0.2897754 -0.04659514
v 3.982134 -0.2823606 -0.04538764
v 3.932941 -0.2927526 0.06159338
v 4.034361 -0.2753391 0.03548715
v 4.006218 -0.2636269 -0.03472881
v 3.944836 -0.2744683 0.06051222
v 4.018113 -0.2635849 -0.025713
v 3.947054 -0.4820828 0.08216662
v 3.980744 -0.4833045 0.08421707
v 4.034852 -0.4723509 0.06850251
v 4.071561 -0.4713538 0.01397301
v 4.037015 -0.4985415 -0.05093454
v 3.866446 -0.4727723 0.007176018
v 3.999534 -0.4815351 0.07803789
v 4.057757 -0.4683767 0.04257884
v 4.043952 -0.4716346 0.05385548
v 4.012636 -0.4805099 0.07037041
v 3.921383 -0.4810999 0.07465359
v 3.900965 -0.4794426 0.07018785
v 3.895586 -0.4788529 0.06250617
v 3.872008 -0.4675482 0.03815541
v 3.866938 -0.4873069 0.02124726
v 3.936901 -0.5026279 0.08303739
v 3.967431 -0.4955362 0.07980754
v 4.068781 -0.4955362 0.0365544
v 3.869115 -0.4658628 -0.004844771
v 3.881164 -0.4741623 -0.01784877
v 3.890671 -0.4753562 -0.02703322
v 3.906371 -0.4770975 -0.02724388
v 4.067924 -0.4946373 -0.007695588
v 4.046635 -0.469135 -0.03762164
v 4.056914 -0.4676322 -0.02968728
v 4.024208 -0.4916602 -0.04693244
v 3.993495 -0.4996649 -0.05771762
v 3.962263 -0.4992856 -0.05582161
v 3.929823 -0.4983166 -0.04168024
v 4.063514 -0.495438 -0.0204469
v 3.913028 -0.4783754 -0.03579605
v 3.972922 -0.4831781 0.08255984
v 3.869283 -0.4669162 0.02072769
v 3.930427 -0.4784035 -0.04170835
v 3.953107 -0.4573527 -0.05606039
v 3.971798 -0.4725193 -0.05089252
v 4.066478 -0.4727581 0.03527648
v 4.065326 -0.4726175 -0.006965351
v 4.035428 -0.477322 -0.04953028
v 4.022677 -0.4570438 -0.04719904
v 4.06086 -0.4737552 -0.01956221
v 3.937772 -0.4816614 0.08126802
v 3.954947 -0.4511176 0.07643716
v 3.982864 -0.4523254 0.07868408
v 3.86889 -0.4419192 0.002415287
v 3.999084 -0.4600772 0.07631053
v 4.050847 -0.4547969 0.04451687
v 4.042281 -0.4476209 0.05266189
v 4.011639 -0.4589537 0.06895195
v 3.922732 -0.4597402 0.07308068
v 3.902636 -0.4580548 0.06808146
v 3.889365 -0.4444611 -0.02369094
v 4.03012 -0.4093953 0.06389652
v 4.069216 -0.4401498 0.003918063
v 4.048783 -0.4202225 -0.03124599
v 4.044598 -0.4451914 -0.03638575
v 3.992021 -0.4240986 -0.05437534
v 3.877667 -0.4193517 0.03566971
v 3.872035 -0.4428743 0.02002556
v 3.871011 -0.4510756 -0.004578172
v 3.883551 -0.4430427 -0.01280752
v 3.913997 -0.4569595 -0.03538891
v 4.064231 -0.4511738 0.03413911
v 4.065607 -0.4408239 -0.005841889
v 4.05749 -0.443127 -0.01254064
v 3.902552 -0.446048 -0.02753859
v 3.897019 -0.457479 0.06111583
v 3.938488 -0.4602736 0.07977944
v 3.967291 -0.4516934 0.07647918
v 4.0197 -0.4057722 -0.04562642
v 3.87358 -0.4180457 0.007414793
v 3.998368 -0.427848 0.07367066
v 4.048418 -0.421641 0.04326706
v 4.038307 -0.4238036 0.05704331
v 4.014729 -0.4107294 0.06657869
v 3.917072 -0.3287454 0.05687495
v 3.925456 -0.3299529 0.06197269
v 3.942701 -0.3192941 0.06532888
v 3.967052 -0.3198139 0.0681655
v 4.005249 -0.3306831 0.06117204
v 4.023337 -0.3162047 0.05774544
v 4.031566 -0.3272846 0.05125764
v 4.041509 -0.3530962 -0.02832504
v 4.032339 -0.3522396 -0.03249579
v 3.93735 -0.3730797 -0.03985465
v 3.916651 -0.3727146 -0.03030508
v 3.911904 -0.372869 -0.02610623
v 3.899771 -0.3709591 -0.02494074
v 3.894041 -0.3514389 -0.01029372
v 3.882343 -0.3687684 -0.002612042
v 3.899771 -0.3564523 0.04842102
v 3.907719 -0.3758181 0.06089125
v 3.920049 -0.3776857 0.06003467
v 3.929936 -0.3611569 0.06681746
v 3.940342 -0.3622102 0.06917682
v 3.950734 -0.3802838 0.07393726
v 3.972683 -0.3805365 0.07426036
v 3.980112 -0.3803258 0.0744009
v 3.999351 -0.3617045 0.06552564
v 4.011611 -0.3604968 0.06354531
v 4.022677 -0.3768291 0.06382639
v 4.036327 -0.356916 0.04842102
v 4.047196 -0.3545705 0.03734085
v 3.971574 -0.4577178 -0.05092063
v 3.931087 -0.4568751 -0.04118878
v 3.990729 -0.4733057 -0.05406615
v 3.950284 -0.4915338 -0.05589174
v 3.999126 -0.2563526 0.05458572
v 3.953304 -0.3563964 -0.05163667
v 3.971939 -0.3561434 -0.04993742
v 3.990588 -0.3559047 -0.0527042
v 4.001795 -0.3717033 -0.04608977
v 4.027957 -0.3716192 -0.04304248
v 3.913098 -0.5453334 -0.04394108
v 3.923097 -0.5247741 -0.04010734
v 3.894842 -0.5486194 0.07699875
v 3.916862 -0.5510489 0.08066412
v 3.933868 -0.5514561 0.09111229
v 3.933643 -0.5301387 0.08376763
v 4.037057 -0.5450804 -0.06048411
v 4.021947 -0.3719983 -0.04611788
v 3.916187 -0.5249285 -0.04288775
v 3.917269 -0.4911125 -0.04173646
v 3.997891 -0.5250267 -0.0601329
v 4.011766 -0.5256025 -0.04190482
v 4.01522 -0.4991454 -0.04231225
v 4.014321 -0.479218 -0.04290194
v 4.009462 -0.4478454 -0.04350584
v 3.924065 -0.4911548 -0.04064111
v 3.924627 -0.4718873 -0.04062691
v 3.92547 -0.4478034 -0.04016356
v 3.924262 -0.4060811 -0.04002302
v 3.948374 -0.4983308 -0.05187544
v 3.947953 -0.4789512 -0.04944596
v 3.946113 -0.5429879 -0.05139818
v 3.867598 -0.5240296 0.04281762
v 3.917943 -0.4718314 -0.04109026
v 3.916398 -0.4571281 -0.04058489
v 3.919586 -0.4223011 -0.04048637
v 3.919431 -0.3717876 -0.04054259
v 3.95527 -0.4068815 -0.05459992
v 3.997441 -0.4997913 -0.05795611
v 3.997203 -0.480159 -0.05648172
v 3.996837 -0.4587712 -0.05533015
v 3.926987 -0.3722932 -0.04000911
v 3.923223 -0.3091551 -0.03918035
v 3.924866 -0.289621 -0.03753732
v 3.914755 -0.473404 0.0641634
v 3.915991 -0.4496991 0.06364383
v 3.907902 -0.5278213 0.06715447
v 3.910276 -0.4930085 0.06417731
v 3.911722 -0.473067 0.06323641
v 4.006092 -0.5445469 -0.04700256
v 4.003044 -0.4992575 -0.0492776
v 4.004449 -0.4723367 -0.04580897
v 4.00421 -0.448028 -0.04559831
v 4.003508 -0.4049154 -0.04489618
v 4.009125 -0.3715349 -0.04387095
v 3.912494 -0.4583356 0.06312398
v 3.913491 -0.4084263 0.06083503
v 3.917058 -0.3770679 0.05841974
v 3.913631 -0.3583623 0.05848987
v 3.927745 -0.5018557 0.0747098
v 3.931467 -0.4742046 0.07246288
v 3.932407 -0.4500642 0.07129711
v 3.933053 -0.4263313 0.07014583
v 3.924655 -0.4269213 0.0709601
v 3.989844 -0.5307846 0.08386586
v 3.992737 -0.4955643 0.0827847
v 3.992484 -0.4755808 0.0809029
v 3.988805 -0.460695 0.07834679
v 3.991978 -0.4282693 0.07657741
v 3.987274 -0.3610166 0.06983664
v 3.990097 -0.3195328 0.06801105
v 3.986684 -0.3009677 0.06528686
v 3.939317 -0.5433672 -0.04645489
v 3.940847 -0.4983589 -0.0452613
v 3.944386 -0.4789091 -0.04628624
v 3.941507 -0.4571701 -0.04448876
v 3.942673 -0.4237192 -0.04357596
v 3.945931 -0.374189 -0.04565452
v 3.947476 -0.311149 -0.04395528
v 3.957882 -0.2897473 -0.04797158
v 3.996374 -0.4240986 -0.05386968
v 3.997652 -0.355357 -0.04954448
v 3.994844 -0.3248833 -0.05037295
v 4.005249 -0.3245886 -0.04491009
v 4.004631 -0.3547954 -0.04500833
v 3.989409 -0.2823464 0.06382639
v 3.978342 -0.2634585 0.06153716
v 3.988285 -0.2631215 0.06004858
v 3.913772 -0.550782 0.07907702
v 3.917016 -0.5021927 0.07494858
v 3.917901 -0.4741061 0.07136752
v 3.919712 -0.4595857 0.07192911
v 3.921524 -0.4267526 0.06996327
v 3.92408 -0.3776295 0.06684557
v 3.92297 -0.3600195 0.06263251
v 3.949245 -0.4571982 -0.05139818
v 3.950354 -0.4069096 -0.05089252
v 3.956548 -0.3740907 -0.05401022
v 3.949666 -0.3740484 -0.04944596
v 3.884028 -0.4982326 0.04564033
v 3.880981 -0.4692051 0.04218562
v 3.882301 -0.445065 0.0409077
v 3.884941 -0.4052805 0.03861876
v 3.891345 -0.3725039 0.04012125
v 3.891696 -0.310812 0.03241175
v 4.039178 -0.5492935 0.07465359
v 4.032984 -0.4927274 0.0712832
v 4.028224 -0.5011112 0.07365647
v 3.984002 -0.5459373 -0.05180532
v 3.986474 -0.4991312 -0.0508505
v 3.985898 -0.4794568 -0.05026052
v 3.982485 -0.4488426 -0.04868762
v 3.9816 -0.4056036 -0.04856127
v 3.983567 -0.3561014 -0.0489545
v 3.980547 -0.3247569 -0.04748011
v 3.971518 -0.2825713 0.06575021
v 3.967417 -0.4116704 0.07378281
v 3.967389 -0.5304195 0.08254593
v 3.954132 -0.4949885 0.0796389
v 3.949091 -0.4278341 0.07765886
v 3.952264 -0.3330845 0.07021595
v 3.953346 -0.2753249 0.0641634
v 3.939359 -0.262293 0.05676252
v 3.932126 -0.317988 0.0635172
v 3.922745 -0.4942302 0.07565071
v 3.929641 -0.5299419 0.07513114
v 3.927886 -0.2803945 0.05760518
v 3.918168 -0.4100273 0.06155136
v 3.913603 -0.4933313 0.06458473
v 3.911328 -0.5281583 0.06737933
v 3.915359 -0.2902811 0.05318146
v 3.904672 -0.4248427 0.06513241
v 3.899294 -0.5006899 0.07206965
v 3.911525 -0.2524207 0.0340687
v 3.907551 -0.2691741 0.0390259
v 3.904925 -0.3264423 0.05155263
v 3.900347 -0.2672361 0.02727199
v 3.882147 -0.3521553 0.03009442
v 3.874521 -0.4186919 0.02620446
v 3.879577 -0.546527 0.04909504
v 3.908155 -0.2506652 0.01690786
v 3.897931 -0.2725726 0.02026434
v 3.88636 -0.3223697 0.02220236
v 3.879956 -0.3696951 0.02397173
v 3.862584 -0.5238331 0.02190737
v 3.881459 -0.3512004 0.003735504
v 3.888621 -0.3087618 0.004690319
v 3.892398 -0.2906601 0.005743654
v 3.882638 -0.4020927 -0.005603115
v 3.872148 -0.4861133 -0.007836127
v 3.906315 -0.2547658 0.004802751
v 3.899139 -0.271716 0.001811678
v 3.894533 -0.3090287 -0.003637269
v 3.905135 -0.2714349 -0.007386685
v 3.897061 -0.3218783 -0.01015318
v 3.888438 -0.4025702 -0.01158554
v 3.878327 -0.4868574 -0.01412746
v 3.874072 -0.5226958 -0.01539146
v 3.909166 -0.2707609 -0.01574238
v 3.901597 -0.322468 -0.02069958
v 3.893311 -0.4042414 -0.02267962
v 3.88914 -0.4956205 -0.02791791
v 3.916272 -0.2535861 -0.01481567
v 3.914994 -0.2903512 -0.02659769
v 3.911188 -0.3089864 -0.02689268
v 3.923392 -0.2708733 -0.03076872
v 3.91915 -0.3093515 -0.03529039
v 3.915569 -0.4048592 -0.03017874
v 3.912143 -0.4983027 -0.03635792
v 3.909896 -0.5454878 -0.03847822
v 3.927239 -0.2535441 -0.02537599
v 3.933699 -0.3106718 -0.03913833
v 3.936241 -0.4237053 -0.04097812
v 3.928405 -0.5437744 -0.04117459
v 3.934991 -0.2536001 -0.02988375
v 3.931157 -0.2709716 -0.03464448
v 3.950874 -0.4720699 -0.05531624
v 3.957446 -0.3106155 -0.05042917
v 3.956463 -0.2484464 -0.03604874
v 3.961729 -0.5245915 -0.05813867
v 3.966097 -0.3248412 -0.05093454
v 3.966659 -0.2697357 -0.04373041
v 3.972543 -0.2485026 -0.03706005
v 3.98139 -0.2948871 0.06527266
v 3.983005 -0.5537311 0.08965182
v 3.983145 -0.495859 0.08267227
v 3.980393 -0.428817 0.07875421
v 3.979677 -0.3333375 0.07074944
v 3.997947 -0.318915 0.06252037
v 3.995096 -0.3005186 0.06405097
v 4.007131 -0.2741313 0.05669239
v 4.012931 -0.2610572 0.05089252
v 4.015276 -0.2792429 0.0548245
v 4.033055 -0.4483369 0.06670503
v 4.031341 -0.5509084 0.07822044
v 4.024193 -0.2588804 0.04189091
v 4.026595 -0.2773191 0.04548588
v 4.033701 -0.250904 0.02064337
v 4.045567 -0.2920786 0.02722969
v 4.05096 -0.3099977 0.02380309
v 4.056212 -0.3516919 0.02536208
v 4.061534 -0.4027951 0.02694889
v 4.061254 -0.370004 0.004002387
v 4.055089 -0.3215552 0.01225956
v 4.039613 -0.264919 0.005827977
v 4.032184 -0.2500894 0.005841889
v 4.06621 -0.4168663 0.01280752
v 4.073696 -0.4848072 0.00417075
v 4.034614 -0.2653824 -0.002204904
v 4.044879 -0.308495 -0.004900986
v 4.057349 -0.3701306 -0.004676407
v 4.05881 -0.4176247 -0.006052556
v 4.071393 -0.5222463 -0.008847157
v 4.02557 -0.2494435 -0.008945393
v 4.034501 -0.271463 -0.007836127
v 4.041551 -0.3086775 -0.01057451
v 4.04905 -0.3708748 -0.01631817
v 4.052336 -0.4530976 -0.03283309
v 4.059133 -0.4881353 -0.03057197
v 4.061871 -0.5456562 -0.03777609
v 4.035639 -0.2903092 -0.02057324
v 4.040652 -0.3231 -0.02352229
v 4.021975 -0.2638657 -0.02172481
v 4.028013 -0.3086355 -0.02935027
v 4.036734 -0.4036656 -0.03489745
v 4.041242 -0.5455159 -0.0548245
v 4.033925 -0.4554147 -0.04818224
v 4.031988 -0.4039606 -0.04036003
v 4.013717 -0.2533054 -0.02555855
v 4.000938 -0.2486571 -0.03107762
v 3.994225 -0.5441676 -0.06160757
v 3.999281 -0.2697919 -0.03995289
v 3.990251 -0.4492358 -0.05335011
v 3.989816 -0.3252484 -0.05122953
v 3.987091 -0.2627845 -0.04173646
v 3.970633 -0.2635988 0.06164959
v 3.988341 -0.2482496 -0.03566971
v 3.863736 -0.4944548 0.007091695
v 3.857613 -0.543901 0.006403762
v 3.87212 -0.4962383 0.04160983
v 3.875139 -0.4526905 0.03798676
v 3.953388 -0.5301106 0.08279862
v 3.938361 -0.2741875 0.05854609
v 4.004645 -0.530265 0.07771507
v 4.003367 -0.4949181 0.07462548
v 4.054372 -0.4986255 0.04667947
v 4.039037 -0.2874584 0.03390033
v 4.063388 -0.5267822 0.0461599
v 4.044107 -0.5005215 0.06186026
v 4.048432 -0.5489565 0.06546942
v 4.074075 -0.5245773 0.03235554
v 4.079271 -0.544926 0.01529294
v 4.042478 -0.3126799 0.03541702
v 4.025949 -0.5457967 -0.04837871
v 4.023506 -0.4788248 -0.04718512
v 4.013001 -0.3241391 -0.04429229
v 4.014153 -0.2825994 -0.03830986
v 4.008072 -0.404789 -0.04351975
v 3.943993 -0.2935811 0.06299763
v 4.014461 -0.5297875 0.07419023
v 4.013254 -0.5022347 0.07180277
v 3.896569 -0.4078085 0.05173519
v 3.891949 -0.4916602 0.05534406
v 3.88914 -0.5484227 0.0682078
v 4.052842 -0.4032584 -0.01152933
v 4.067432 -0.5229343 -0.0155178
v 4.053965 -0.5456985 -0.04255074
v 4.04846 -0.4895538 -0.038717
v 4.023842 -0.3223697 -0.03920846
v 4.02036 -0.2891996 -0.03515014
v 3.96392 -0.4232698 -0.05319566
v 3.950214 -0.5429178 -0.06150905
v 3.904377 -0.4220904 -0.02708943
v 3.900052 -0.4893851 -0.02860584
v 3.896794 -0.5439288 -0.03013672
v 3.879998 -0.5444487 -0.02708943
v 3.940103 -0.4274548 0.0771532
v 3.935033 -0.2458906 0.05135587
v 3.92686 -0.2415231 0.04698837
v 3.914165 -0.2397537 0.03187799
v 3.910753 -0.2425622 0.02183724
v 3.911974 -0.2378296 0.007527224
v 3.919951 -0.2409893 -0.01095354
v 3.926256 -0.2371416 -0.0179612
v 3.941943 -0.2407508 -0.02919582
v 3.972613 -0.2368327 -0.03467259
v 3.980098 -0.247056 0.05771762
v 3.995335 -0.2426184 0.05467004
v 4.010726 -0.2462557 0.04850506
v 4.030794 -0.2391498 0.02085403
v 4.029404 -0.2419725 0.006038644
v 4.022831 -0.2413825 -0.008425824
v 4.016062 -0.2374786 -0.01666937
v 4.003326 -0.23731 -0.0269347
v 3.964061 -0.2431099 0.05802652
v 4.02564 -0.2407508 0.03468679
v 3.956477 -0.2409192 -0.03385803
v 3.989001 -0.2409473 -0.03309969
v 3.94954 -0.2426045 0.05583581
v 3.966701 -0.294859 0.06621357
v 3.95732 -0.3010382 0.0666349
v 3.925414 -0.2921907 0.05694508
v 3.917409 -0.2715334 0.05013418
v 3.907045 -0.2952664 0.04847695
v 3.896892 -0.2930896 0.03446192
v 3.895333 -0.2844812 0.01627615
v 3.897889 -0.2719406 0.007513028
v 3.898409 -0.2835684 -0.002625954
v 3.902186 -0.2836246 -0.008425824
v 3.909138 -0.2829364 -0.02114902
v 3.916314 -0.2636692 -0.02112092
v 3.918603 -0.290253 -0.03072642
v 3.931733 -0.2834421 -0.03739706
v 3.955326 -0.263613 -0.040613
v 3.966603 -0.2895085 -0.04806981
v 3.978904 -0.2826414 0.06528686
v 3.994619 -0.2821079 0.06204282
v 4.007552 -0.2930053 0.05958523
v 4.016891 -0.2985383 0.05827921
v 4.030485 -0.2897893 0.04354785
v 4.040428 -0.2660706 0.02123335
v 4.04662 -0.2835684 0.005336516
v 4.039992 -0.2833717 -0.003931975
v 4.037254 -0.2834421 -0.009057824
v 4.026932 -0.2644556 -0.01869143
v 4.024868 -0.2828802 -0.02621866
v 4.001233 -0.2828521 -0.04269128
v 3.987021 -0.2896068 -0.04759226
v 3.937013 -0.2994511 0.0616777
v 4.035667 -0.2681207 0.0322573
v 4.011934 -0.2703538 -0.03516405
v 3.947139 -0.2811951 0.06354531
v 4.017256 -0.2703958 -0.03093709
v 3.954385 -0.4752719 0.07824855
v 3.983075 -0.476353 0.08126802
v 4.030092 -0.4791757 0.07101632
v 4.071645 -0.464318 0.004100622
v 4.038223 -0.4905086 -0.04507874
v 3.865815 -0.4656522 0.002148689
v 4.002806 -0.4748085 0.07324933
v 4.052504 -0.4763672 0.04548588
v 4.042281 -0.4783473 0.06042789
v 4.018408 -0.4735306 0.0709743
v 3.923925 -0.4744153 0.07392335
v 3.904433 -0.4728563 0.06888183
v 3.893367 -0.4716627 0.05452979
v 3.873594 -0.474373 0.03978424
v 3.866868 -0.4955501 0.03026306
v 3.935525 -0.494216 0.07753251
v 3.973062 -0.5037934 0.0840064
v 4.070044 -0.4865905 0.03052995
v 3.873721 -0.4732075 -0.007499117
v 3.880644 -0.467534 -0.01355167
v 3.887048 -0.4684187 -0.02439307
v 3.901288 -0.4700759 -0.02798803
v 4.070606 -0.4855094 -0.00651591
v 4.043124 -0.4763391 -0.03840809
v 4.054597 -0.47471 -0.03390033
v 4.030246 -0.4989906 -0.05195977
v 3.991206 -0.4923061 -0.0548668
v 3.971363 -0.4917726 -0.05149641
v 3.933727 -0.4912951 -0.04304248
v 4.063051 -0.4874474 -0.01405733
v 3.912775 -0.4714941 -0.03090898
v 3.967347 -0.4758335 0.07836098
v 3.869044 -0.4735726 0.0291396
v 3.934275 -0.471747 -0.04262115
v 3.951632 -0.4482668 -0.05431912
v 3.963008 -0.4794145 -0.05474046
v 4.067966 -0.4657084 0.02954674
v 4.068275 -0.4648938 -0.006108772
v 4.036776 -0.4704268 -0.04391297
v 4.027156 -0.4472134 -0.05016228
v 4.060397 -0.4670706 -0.01324277
v 3.93589 -0.4744573 0.07661972
v 3.947742 -0.4606811 0.08039724
v 3.980463 -0.4619448 0.08199825
v 3.869199 -0.4512019 0.007302362
v 4.002132 -0.4508927 0.07152198
v 4.055608 -0.4443487 0.04141336
v 4.04068 -0.456763 0.05903755
v 4.017017 -0.4495308 0.06927505
v 3.925329 -0.4504436 0.0722241
v 3.906217 -0.4483931 0.066326
v 3.892511 -0.4539403 -0.02640122
v 4.0263 -0.4248427 0.06688759
v 4.069441 -0.4497835 0.01352356
v 4.050075 -0.4035111 -0.02676634
v 4.04134 -0.4544738 -0.03734085
v 3.989366 -0.4064602 -0.05218435
v 3.877231 -0.4036798 0.03354913
v 3.871179 -0.4520162 0.02798803
v 3.877386 -0.4422985 -0.006670645
v 3.883607 -0.4526624 -0.01713273
v 3.913814 -0.4473259 -0.03060007
v 4.065509 -0.4417086 0.0285218
v 4.062714 -0.4510193 -0.00651591
v 4.058276 -0.4520443 -0.01877576
v 3.907523 -0.4555413 -0.02679444
v 3.894589 -0.4476771 0.0536028
v 3.936747 -0.450345 0.07521518
v 3.972711 -0.4618184 0.08062182
v 4.025528 -0.4227221 -0.04858938
v 3.874184 -0.4024439 0.002864729
v 4.000938 -0.411881 0.06869927
v 4.052111 -0.4051684 0.03964399
v 4.039683 -0.4082719 0.05082239
v 4.01008 -0.4261348 0.06677544
v 3.913393 -0.3154322 0.05599026
v 3.924065 -0.3171033 0.05841974
v 3.944541 -0.3329724 0.06930316
v 3.972374 -0.3335058 0.07088997
v 4.008999 -0.3178197 0.06143892
v 4.019335 -0.3289419 0.06113002
v 4.032886 -0.3148564 0.04575276
v 4.04648 -0.3710574 -0.02560085
v 4.037001 -0.3702428 -0.03272066
v 3.933517 -0.3556659 -0.0397002
v 3.917746 -0.3548374 -0.03554336
v 3.908394 -0.3545004 -0.0269347
v 3.898184 -0.3529698 -0.02162657
v 3.892988 -0.36992 -0.01474526
v 3.889056 -0.3507649 -0.004325201
v 3.901638 -0.375495 0.05561095
v 3.933081 -0.3786408 0.06763202
v 3.942181 -0.3800309 0.07346
v 3.956702 -0.3618309 0.07056688
v 3.967361 -0.361817 0.07077754
v 3.982134 -0.3614377 0.07073552
v 3.997189 -0.3799888 0.07025797
v 4.007721 -0.3784159 0.06367165
v 4.026441 -0.3585309 0.06083503
v 4.035091 -0.3751018 0.05438925
v 4.044556 -0.3730655 0.04118878
v 3.962867 -0.4485899 -0.05402413
v 3.9353 -0.4480561 -0.04191902
v 3.99313 -0.4801308 -0.05650983
v 3.951801 -0.4989767 -0.0579703
v 3.965423 -0.3737676 -0.05256366
v 3.98858 -0.3726442 -0.05166478
v 4.028084 -0.3525624 -0.03748139
v 3.920246 -0.5442519 -0.04135715
v 3.899771 -0.5281024 0.07452724
v 3.920541 -0.5299419 0.07871191
v 4.015459 -0.3544303 -0.04464321
v 3.914741 -0.4986116 -0.04189091
v 4.000433 -0.5438868 -0.05896742
v 4.017214 -0.5460494 -0.04168024
v 4.010698 -0.4916744 -0.04257884
v 4.010094 -0.472084 -0.04318274
v 4.013605 -0.4575915 -0.04335138
v 3.92158 -0.4982184 -0.04110446
v 3.922142 -0.4782629 -0.04093581
v 3.922788 -0.456763 -0.04051448
v 3.926256 -0.4224836 -0.03977033
v 3.948051 -0.4911406 -0.04929151
v 3.948712 -0.4719716 -0.05180532
v 3.947181 -0.523173 -0.05308323
v 3.868328 -0.5446591 0.04544386
v 3.915556 -0.478544 -0.04109026
v 3.918842 -0.4477191 -0.04062691
v 3.918027 -0.4058282 -0.04045855
v 3.952587 -0.4230171 -0.05370103
v 3.999295 -0.4924886 -0.05490882
v 3.999 -0.4733057 -0.05370103
v 3.998817 -0.4492077 -0.05253555
v 3.923602 -0.3549217 -0.04051448
v 3.926102 -0.3238021 -0.03992478
v 3.915542 -0.4802711 0.06702813
v 3.916665 -0.4587288 0.06633991
v 3.903717 -0.5483105 0.07247679
v 3.907523 -0.5008443 0.06737933
v 3.909082 -0.4796113 0.06576413
v 4.003705 -0.5252235 -0.05103306
v 4.004842 -0.4918288 -0.04578087
v 4.002749 -0.4793725 -0.04850506
v 4.002609 -0.4576897 -0.04791536
v 4.002216 -0.4227082 -0.04693244
v 3.910991 -0.4487162 0.06400895
v 3.914348 -0.4249832 0.06129839
v 3.930975 -0.4939772 0.07330555
v 3.928588 -0.4808892 0.07320703
v 3.929458 -0.4593608 0.07202735
v 3.994225 -0.5537311 0.08778393
v 3.988945 -0.5031756 0.08195595
v 3.989016 -0.4822934 0.08055169
v 3.992358 -0.4515951 0.07866989
v 3.988088 -0.4115298 0.07362836
v 3.990981 -0.3798483 0.07244868
v 3.987007 -0.3320877 0.06795483
v 3.989774 -0.2944376 0.06552564
v 3.943403 -0.5243669 -0.04705878
v 3.944484 -0.4910986 -0.0461599
v 3.941002 -0.4718595 -0.04495211
v 3.944765 -0.4478034 -0.04586491
v 3.945636 -0.4069235 -0.04547196
v 3.943656 -0.3563822 -0.0427333
v 3.943951 -0.3257961 -0.04207347
v 3.951436 -0.2832734 -0.04346353
v 3.998242 -0.4062918 -0.0508363
v 3.995391 -0.3724054 -0.052058
v 3.986165 -0.2754092 0.06242185
v 3.914348 -0.5296049 0.07553827
v 3.916721 -0.4940476 0.07265935
v 3.918434 -0.4809593 0.07330555
v 3.919235 -0.4501347 0.07000529
v 3.921355 -0.4105188 0.06761782
v 3.948445 -0.4477753 -0.04919327
v 3.948683 -0.4230171 -0.04931962
v 3.879872 -0.4895257 0.04337949
v 3.885391 -0.4766622 0.04474144
v 3.886402 -0.4550638 0.04406742
v 3.888185 -0.4217111 0.04263506
v 3.888747 -0.3535737 0.0356416
v 3.894561 -0.3239986 0.03738287
v 4.041424 -0.5287202 0.07190101
v 3.986895 -0.5244933 -0.05278824
v 3.983173 -0.4919131 -0.04898261
v 3.982836 -0.4726737 -0.04881424
v 3.985561 -0.4579424 -0.04993742
v 3.984887 -0.4230872 -0.04960041
v 3.981095 -0.3726865 -0.04839291
f 473 472 1
f 3 1813 473
f 4 1813 474
f 476 475 5
f 7 1814 476
f 8 1814 477
f 479 478 9
f 11 1815 479
f 12 1815 480
f 10 1816 481
f 483 482 15
f 481 483 13
f 16 1817 484
f 486 485 7
f 6 1817 486
f 19 1818 487
f 489 488 21
f 18 1818 489
f 490 472 4
f 23 1819 490
f 1 1819 491
f 493 492 25
f 27 1820 493
f 24 1820 494
f 496 495 29
f 31 1821 496
f 28 1821 497
f 32 1822 498
f 500 499 33
f 34 1822 500
f 35 1823 501
f 503 502 37
f 501 503 38
f 39 1824 504
f 506 505 35
f 41 1824 506
f 25 1825 507
f 508 492 24
f 43 1825 508
f 510 509 44
f 25 1826 510
f 43 1826 507
f 512 511 46
f 48 1827 512
f 49 1827 513
f 515 514 50
f 52 1828 515
f 53 1828 516
f 518 517 53
f 55 1829 518
f 54 1829 519
f 56 1830 520
f 43 1830 521
f 520 508 24
f 523 522 44
f 58 1831 523
f 59 1831 524
f 61 1832 525
f 527 526 63
f 60 1832 527
f 64 1833 528
f 530 529 66
f 67 1833 530
f 24 1834 520
f 70 1834 531
f 520 532 56
f 533 532 70
f 534 533 72
f 56 1835 534
f 536 535 56
f 537 536 73
f 57 1836 537
f 539 538 74
f 58 1837 539
f 76 1837 540
f 542 541 77
f 72 1838 542
f 541 543 71
f 545 544 72
f 78 1839 545
f 73 1839 546
f 79 1840 547
f 80 1840 548
f 547 549 81
f 551 550 80
f 82 1841 551
f 83 1841 552
f 554 553 84
f 82 1842 554
f 86 1842 555
f 557 556 87
f 89 1843 557
f 90 1843 558
f 559 541 71
f 93 1844 559
f 77 1844 560
f 562 561 94
f 77 1845 562
f 93 1845 560
f 564 563 96
f 81 1846 564
f 95 1846 565
f 567 566 86
f 79 1847 567
f 96 1847 568
f 570 569 97
f 99 1848 570
f 91 1848 571
f 573 572 101
f 102 1849 573
f 100 1849 574
f 575 566 96
f 104 1850 575
f 86 1850 576
f 577 563 95
f 103 1851 577
f 96 1851 578
f 106 1852 579
f 581 580 95
f 94 1852 581
f 583 582 107
f 93 1853 583
f 582 584 92
f 586 585 104
f 110 1854 586
f 108 1854 587
f 589 588 111
f 113 1855 589
f 101 1855 590
f 592 591 115
f 593 592 92
f 114 1856 593
f 595 594 116
f 107 1857 595
f 115 1857 596
f 598 597 105
f 118 1858 598
f 103 1858 599
f 601 600 120
f 115 1859 601
f 119 1859 602
f 604 603 121
f 117 1860 604
f 122 1860 605
f 110 1861 606
f 608 607 124
f 123 1861 608
f 113 1862 609
f 611 610 125
f 126 1862 611
f 127 1863 612
f 614 613 126
f 128 1863 614
f 616 615 130
f 119 1864 616
f 129 1864 617
f 619 618 132
f 122 1865 619
f 131 1865 620
f 123 1866 621
f 623 622 134
f 133 1866 623
f 135 1867 624
f 611 625 126
f 125 1867 611
f 627 626 137
f 628 627 119
f 114 1868 628
f 138 1869 629
f 631 630 131
f 629 631 130
f 132 1870 632
f 634 633 139
f 632 634 140
f 142 1871 635
f 637 636 138
f 141 1871 637
f 638 634 139
f 145 1872 638
f 634 639 140
f 147 1873 640
f 642 641 149
f 146 1873 642
f 150 1874 643
f 645 644 152
f 153 1874 645
f 151 1875 646
f 648 647 155
f 152 1875 648
f 650 649 156
f 651 650 141
f 137 1876 651
f 158 1877 652
f 654 653 160
f 157 1877 654
f 161 1878 655
f 657 656 163
f 164 1878 657
f 659 658 166
f 168 1879 659
f 165 1879 660
f 662 661 170
f 663 662 156
f 171 1880 663
f 665 664 172
f 142 1881 665
f 170 1881 666
f 175 1882 667
f 669 668 177
f 174 1882 669
f 671 670 178
f 180 1883 671
f 181 1883 672
f 674 673 172
f 178 1884 674
f 673 675 160
f 171 1885 661
f 677 676 183
f 170 1885 677
f 184 1886 678
f 680 679 186
f 187 1886 680
f 682 681 189
f 179 1887 682
f 188 1887 683
f 685 684 190
f 686 685 183
f 192 1888 686
f 182 1889 687
f 686 688 192
f 183 1889 686
f 195 1890 689
f 691 690 2
f 689 691 194
f 9 1891 692
f 694 693 197
f 198 1891 694
f 198 1892 692
f 696 695 200
f 692 696 9
f 5 1893 697
f 699 698 202
f 697 699 201
f 194 1894 689
f 701 700 204
f 195 1894 701
f 205 1895 702
f 704 703 206
f 207 1895 704
f 208 1896 705
f 707 706 210
f 211 1896 707
f 213 1897 708
f 710 709 209
f 212 1897 710
f 214 1898 711
f 713 712 207
f 215 1898 713
f 216 1899 714
f 716 715 214
f 212 1899 716
f 718 717 218
f 719 718 219
f 220 1900 719
f 217 1901 720
f 722 721 221
f 219 1901 722
f 222 1902 723
f 725 724 224
f 225 1902 725
f 727 726 226
f 728 727 227
f 228 1903 728
f 229 1904 729
f 731 730 231
f 228 1904 731
f 733 732 220
f 734 733 232
f 233 1905 734
f 219 1906 735
f 737 736 234
f 232 1906 737
f 739 738 236
f 740 739 233
f 235 1907 740
f 239 1908 741
f 743 742 241
f 238 1908 743
f 242 1909 744
f 746 745 240
f 243 1909 746
f 245 1910 747
f 749 748 243
f 244 1910 749
f 246 1911 750
f 752 751 244
f 247 1911 752
f 754 753 245
f 251 1912 754
f 242 1912 755
f 241 1913 756
f 758 757 251
f 252 1913 758
f 760 759 253
f 761 760 236
f 238 1914 761
f 763 762 254
f 764 763 237
f 236 1915 764
f 245 1916 765
f 767 766 256
f 250 1916 767
f 769 768 258
f 770 769 260
f 257 1917 770
f 772 771 261
f 773 772 255
f 254 1918 773
f 262 1919 774
f 776 775 254
f 253 1919 776
f 263 1920 777
f 758 778 252
f 251 1920 758
f 251 1921 777
f 780 779 265
f 263 1921 780
f 781 767 256
f 265 1922 781
f 250 1922 782
f 267 1923 783
f 785 784 258
f 269 1923 785
f 787 786 270
f 772 787 255
f 261 1924 772
f 261 1925 786
f 789 788 272
f 270 1925 789
f 791 790 273
f 263 1926 791
f 790 792 274
f 793 780 265
f 274 1927 793
f 263 1927 792
f 795 794 277
f 279 1928 795
f 276 1928 796
f 798 797 281
f 283 1929 798
f 280 1929 799
f 801 800 284
f 280 1930 801
f 283 1930 799
f 272 1931 802
f 804 803 286
f 287 1931 804
f 273 1932 805
f 807 806 288
f 286 1932 807
f 809 808 289
f 810 809 271
f 270 1933 810
f 811 809 289
f 290 1934 811
f 809 812 271
f 291 1935 813
f 815 814 289
f 287 1935 815
f 292 1936 816
f 807 817 286
f 288 1936 807
f 294 1937 818
f 820 819 296
f 279 1937 820
f 822 821 297
f 300 1938 822
f 299 1938 823
f 825 824 301
f 303 1939 825
f 294 1939 826
f 828 827 304
f 294 1940 828
f 303 1940 826
f 829 812 290
f 830 829 306
f 271 1941 830
f 832 831 307
f 833 832 306
f 305 1942 833
f 312 1943 834
f 836 835 309
f 311 1943 836
f 313 1944 837
f 314 1944 838
f 837 839 315
f 307 1945 840
f 842 841 318
f 316 1945 842
f 319 1946 843
f 845 844 321
f 322 1946 845
f 313 1947 846
f 848 847 324
f 188 1947 848
f 849 684 192
f 318 1948 849
f 190 1948 850
f 316 1949 840
f 852 851 308
f 307 1949 852
f 854 853 4
f 855 854 205
f 325 1950 855
f 214 1951 856
f 217 1951 857
f 856 858 218
f 734 740 233
f 232 1952 734
f 740 859 235
f 119 1953 628
f 115 1953 602
f 628 591 114
f 141 1954 651
f 129 1954 860
f 651 861 137
f 863 862 193
f 864 863 316
f 192 1955 864
f 865 588 101
f 866 865 326
f 111 1956 866
f 867 572 100
f 98 1957 867
f 101 1957 868
f 870 869 97
f 328 1958 870
f 327 1958 871
f 873 872 329
f 331 1959 873
f 85 1959 874
f 11 1960 875
f 877 876 13
f 332 1960 877
f 333 1961 878
f 880 879 25
f 45 1961 880
f 4 1962 881
f 882 853 325
f 22 1962 882
f 334 1963 883
f 885 884 337
f 335 1963 885
f 336 1964 886
f 888 887 339
f 337 1964 888
f 890 889 340
f 891 890 342
f 343 1965 891
f 240 1966 892
f 894 893 234
f 344 1966 894
f 249 1967 895
f 897 896 341
f 345 1967 897
f 899 898 227
f 900 899 341
f 340 1968 900
f 226 1969 901
f 897 902 345
f 341 1969 897
f 248 1970 903
f 905 904 342
f 249 1970 905
f 257 1971 768
f 785 906 269
f 258 1971 785
f 243 1972 907
f 909 908 344
f 347 1972 909
f 911 910 348
f 350 1973 911
f 300 1973 912
f 914 913 351
f 915 914 353
f 302 1974 915
f 917 916 354
f 314 1975 917
f 356 1975 918
f 920 919 317
f 356 1976 920
f 314 1976 918
f 358 1977 921
f 923 922 360
f 361 1977 923
f 925 924 23
f 29 1978 925
f 19 1978 926
f 26 1979 927
f 22 1979 928
f 927 929 27
f 931 930 229
f 334 1980 931
f 230 1980 932
f 934 933 338
f 935 934 229
f 362 1981 935
f 937 936 61
f 364 1982 937
f 62 1982 938
f 64 1983 939
f 941 940 89
f 939 941 65
f 943 942 88
f 65 1984 943
f 89 1984 941
f 945 944 275
f 266 1985 945
f 276 1985 946
f 947 800 283
f 267 1986 947
f 284 1986 948
f 280 1987 949
f 821 950 297
f 299 1987 821
f 952 951 366
f 280 1988 952
f 299 1988 949
f 954 953 292
f 356 1989 954
f 293 1989 955
f 957 956 293
f 357 1990 957
f 291 1990 958
f 960 959 368
f 370 1991 960
f 367 1991 961
f 185 1992 962
f 964 963 372
f 371 1992 964
f 966 965 147
f 134 1993 966
f 148 1993 967
f 136 1994 968
f 645 969 153
f 152 1994 645
f 970 648 155
f 136 1995 970
f 152 1995 968
f 972 971 373
f 126 1996 972
f 136 1996 973
f 975 974 374
f 16 1997 975
f 34 1997 976
f 39 1998 977
f 375 1998 978
f 977 979 40
f 882 929 22
f 325 1999 882
f 27 1999 980
f 982 981 377
f 27 2000 982
f 376 2000 983
f 984 531 24
f 378 2001 984
f 70 2001 985
f 378 2002 985
f 987 986 71
f 70 2002 987
f 989 988 92
f 990 989 379
f 380 2003 990
f 991 593 92
f 381 2004 991
f 114 2004 992
f 994 993 382
f 114 2005 994
f 381 2005 992
f 995 649 137
f 996 995 383
f 156 2006 996
f 998 997 384
f 996 998 156
f 383 2007 996
f 385 2008 999
f 1001 1000 193
f 182 2008 1001
f 1003 1002 388
f 207 2009 1003
f 387 2009 1004
f 389 2010 1005
f 1007 1006 207
f 218 2010 1007
f 1009 1008 389
f 220 2011 1009
f 390 2011 1010
f 1012 1011 237
f 1013 1012 392
f 233 2012 1013
f 237 2013 1014
f 1016 1015 393
f 391 2013 1016
f 255 2014 1017
f 1019 1018 394
f 393 2014 1019
f 395 2015 1020
f 830 1021 271
f 306 2015 830
f 396 2016 1022
f 1024 1023 306
f 308 2016 1024
f 388 2017 1025
f 855 1026 325
f 205 2017 855
f 1027 732 233
f 1010 1027 390
f 220 2018 1010
f 1029 1028 385
f 171 2019 1029
f 384 2019 1030
f 1032 1031 396
f 193 2020 1032
f 386 2020 1033
f 1035 1034 397
f 980 1035 27
f 325 2021 980
f 101 2022 573
f 113 2022 590
f 573 1036 102
f 1037 1036 113
f 127 2023 1037
f 102 2023 1038
f 1039 691 2
f 18 2024 1039
f 194 2024 1040
f 1041 924 19
f 1 2025 1041
f 23 2025 491
f 1043 1042 45
f 59 2026 1043
f 30 2026 1044
f 1045 509 43
f 57 2027 1045
f 44 2027 1046
f 1048 1047 76
f 537 1048 57
f 73 2028 537
f 1050 1049 81
f 546 1050 73
f 78 2029 546
f 1051 1049 78
f 95 2030 1051
f 81 2030 565
f 107 2031 583
f 561 1052 94
f 93 2031 561
f 1054 1053 106
f 117 2032 1054
f 105 2032 1055
f 117 2033 605
f 1057 1056 120
f 605 1057 122
f 1058 1057 120
f 131 2034 1058
f 122 2034 620
f 130 2035 629
f 637 1059 141
f 138 2035 637
f 1061 1060 144
f 138 2036 1061
f 143 2036 1062
f 159 2037 1063
f 673 1064 172
f 1063 673 160
f 1065 664 170
f 1066 1065 191
f 172 2038 1066
f 1068 1067 188
f 1069 1068 191
f 190 2039 1069
f 3 2040 1070
f 1072 1071 196
f 206 2040 1072
f 215 2041 711
f 716 1073 212
f 214 2041 716
f 398 2042 1074
f 710 1075 212
f 209 2042 710
f 1077 1076 216
f 1078 1077 399
f 221 2043 1078
f 344 2044 1079
f 1078 1080 221
f 399 2044 1078
f 1081 741 238
f 1082 1081 235
f 239 2045 1082
f 1083 756 252
f 743 1083 238
f 241 2046 743
f 264 2047 1084
f 1086 1085 253
f 252 2047 1086
f 1088 1087 272
f 264 2048 1088
f 1087 1089 273
f 287 2049 802
f 789 1090 270
f 272 2049 789
f 293 2050 1091
f 804 1092 287
f 286 2050 804
f 1094 1093 318
f 838 1094 314
f 1093 838 313
f 318 2052 850
f 1067 1095 188
f 190 2052 1067
f 1096 1042 30
f 333 2053 1096
f 45 2053 878
f 239 2054 1097
f 737 1098 232
f 234 2054 737
f 305 2055 831
f 1100 1099 317
f 307 2055 1100
f 1102 1101 333
f 22 2056 1102
f 26 2056 928
f 1104 1103 291
f 305 2057 1104
f 290 2057 1105
f 1107 1106 14
f 401 2058 1107
f 15 2058 1108
f 199 2059 1109
f 1111 1110 403
f 200 2059 1111
f 1112 723 225
f 1113 1112 227
f 222 2060 1113
f 1115 1114 259
f 405 2061 1115
f 260 2061 1116
f 1118 1117 351
f 299 2062 1118
f 1117 823 300
f 1120 1119 406
f 111 2063 1120
f 326 2063 866
f 1122 1121 338
f 1123 1122 409
f 339 2064 1123
f 1125 1124 410
f 1126 1125 343
f 411 2065 1126
f 1128 1127 222
f 1129 1128 340
f 410 2066 1129
f 1130 933 362
f 1131 1130 408
f 338 2067 1131
f 36 2068 1132
f 1134 1133 413
f 37 2068 1134
f 67 2069 528
f 1136 1135 415
f 64 2069 1136
f 415 2070 1136
f 1138 1137 365
f 64 2070 1138
f 1140 1139 327
f 330 2071 1140
f 329 2071 1141
f 1143 1142 98
f 1144 1143 327
f 326 2072 1144
f 1145 483 15
f 40 2073 1145
f 483 1146 13
f 1148 1147 10
f 1149 1148 200
f 14 2074 1149
f 257 2075 1150
f 891 1151 343
f 342 2075 891
f 418 2076 1152
f 1154 1153 111
f 407 2076 1154
f 112 2077 1155
f 1157 1156 419
f 125 2077 1157
f 1158 624 125
f 1159 1158 420
f 135 2078 1159
f 1161 1160 135
f 1162 1161 421
f 153 2079 1162
f 1164 1163 422
f 258 2080 1164
f 268 2080 1165
f 1167 1166 281
f 301 2081 1167
f 278 2081 1168
f 1170 1169 282
f 278 2082 1170
f 277 2082 1171
f 351 2083 1172
f 1174 1173 350
f 352 2083 1174
f 311 2084 834
f 1176 1175 424
f 834 1176 312
f 174 2085 1177
f 1179 1178 186
f 1177 1179 185
f 1181 1180 426
f 165 2086 1181
f 168 2086 660
f 1183 1182 282
f 268 2087 1183
f 283 2087 1184
f 153 2088 643
f 1186 1185 428
f 150 2088 1186
f 1187 1111 403
f 1149 1187 14
f 200 2089 1149
f 1188 1119 326
f 1189 1188 329
f 406 2090 1189
f 1191 1190 429
f 427 2091 1191
f 426 2091 1192
f 176 2092 1193
f 1195 1194 369
f 177 2092 1195
f 425 2093 1196
f 1198 1197 177
f 432 2093 1198
f 1200 1199 260
f 1126 1200 411
f 343 2094 1126
f 1202 1201 433
f 259 2095 1202
f 422 2095 1203
f 1204 913 302
f 1205 1204 366
f 351 2096 1205
f 1207 1206 361
f 302 2097 1207
f 353 2097 915
f 1208 1169 277
f 1209 1208 422
f 282 2098 1209
f 1210 1108 401
f 417 2099 1210
f 15 2099 1211
f 17 2100 1212
f 1214 1213 400
f 7 2100 1214
f 8 2101 1215
f 1217 1216 402
f 202 2101 1217
f 1219 1218 407
f 84 2102 1219
f 108 2102 1220
f 408 2103 1221
f 1223 1222 436
f 409 2103 1223
f 411 2104 1124
f 1225 1224 437
f 410 2104 1225
f 223 2105 1226
f 1225 1227 410
f 437 2105 1225
f 225 2106 1228
f 1230 1229 435
f 408 2106 1230
f 412 2107 1231
f 1233 1232 438
f 413 2107 1233
f 414 2108 1234
f 1236 1235 62
f 415 2108 1236
f 133 2109 621
f 1238 1237 419
f 123 2109 1238
f 439 2110 1239
f 1241 1240 223
f 440 2110 1241
f 1243 1242 246
f 1244 1243 404
f 256 2111 1244
f 1245 820 296
f 276 2112 1245
f 279 2112 796
f 1247 1246 278
f 294 2113 1247
f 279 2113 818
f 320 2114 1248
f 1250 1249 442
f 321 2114 1250
f 1252 1251 83
f 85 2115 1252
f 331 2115 874
f 1254 1253 406
f 85 2116 1254
f 84 2116 1255
f 1256 1218 108
f 418 2117 1256
f 407 2117 1152
f 123 2118 606
f 1258 1257 418
f 606 1258 110
f 421 2119 1259
f 1261 1260 146
f 428 2119 1261
f 405 2120 1262
f 1264 1263 247
f 411 2120 1264
f 1265 1244 404
f 266 2121 1265
f 1244 1266 256
f 1268 1267 433
f 276 2122 1268
f 266 2122 946
f 147 2123 1269
f 1271 1270 420
f 133 2123 1271
f 1272 1236 62
f 1273 1272 416
f 415 2124 1273
f 1275 1274 17
f 434 2125 1275
f 401 2125 1276
f 1277 1214 400
f 8 2126 1277
f 1214 477 7
f 304 2127 1278
f 923 1279 361
f 360 2127 923
f 1280 553 86
f 108 2128 1280
f 84 2128 1220
f 435 2129 1281
f 1283 1282 444
f 436 2129 1283
f 247 2130 1284
f 1286 1285 445
f 437 2130 1286
f 437 2131 1226
f 1241 1287 440
f 223 2131 1241
f 443 2132 1288
f 1290 1289 224
f 439 2132 1290
f 1292 1291 59
f 75 2133 1292
f 446 2133 1293
f 1295 1294 30
f 446 2134 1295
f 31 2134 1296
f 1297 495 28
f 19 2135 1297
f 29 2135 926
f 1298 489 21
f 194 2136 1298
f 18 2136 1040
f 447 2137 1299
f 1301 1300 209
f 208 2137 1301
f 398 2138 1302
f 1304 1303 448
f 399 2138 1304
f 347 2139 1305
f 1304 1306 399
f 448 2139 1304
f 274 2140 1307
f 1309 1308 296
f 288 2140 1309
f 288 2141 816
f 1311 1310 295
f 292 2141 1311
f 164 2142 655
f 1313 1312 157
f 161 2142 1313
f 1315 1314 140
f 149 2143 1315
f 148 2143 1316
f 134 2144 967
f 1314 1317 140
f 148 2144 1314
f 124 2145 1318
f 1320 1319 132
f 134 2145 1320
f 121 2146 1321
f 1323 1322 109
f 118 2146 1323
f 1325 1324 103
f 109 2147 1325
f 104 2147 1326
f 1328 1327 363
f 75 2148 1328
f 74 2148 1329
f 525 1330 61
f 60 2149 525
f 1330 1331 75
f 47 2150 1332
f 46 2150 1333
f 1332 1334 446
f 1336 1335 32
f 28 2151 1336
f 31 2151 497
f 1338 1337 34
f 20 2152 1338
f 28 2152 1339
f 6 2153 484
f 1341 1340 20
f 16 2153 1341
f 1343 1342 203
f 6 2154 1343
f 5 2154 1344
f 201 2155 697
f 1342 1345 203
f 697 1342 5
f 211 2156 705
f 1347 1346 443
f 208 2156 1347
f 208 2157 1299
f 1349 1348 439
f 447 2157 1349
f 440 2158 1239
f 1349 1350 447
f 439 2158 1349
f 448 2159 1305
f 1352 1351 445
f 347 2159 1352
f 347 2160 907
f 749 1353 244
f 243 2160 749
f 1354 1198 177
f 1355 1354 368
f 432 2161 1355
f 1357 1356 163
f 430 2162 1357
f 429 2162 1358
f 322 2163 843
f 1360 1359 423
f 319 2163 1360
f 174 2164 667
f 1362 1361 371
f 175 2164 1362
f 856 712 214
f 218 2165 856
f 207 2165 1007
f 180 2166 672
f 1364 1363 449
f 181 2166 1364
f 1366 1365 367
f 180 2167 1366
f 189 2167 1367
f 1369 1368 442
f 324 2168 1369
f 323 2168 1370
f 1372 1371 315
f 359 2169 1372
f 450 2169 1373
f 1375 1374 354
f 295 2170 1375
f 1374 1376 304
f 169 2171 1377
f 154 2171 1378
f 1377 1379 151
f 1381 1380 167
f 451 2172 1381
f 168 2172 1382
f 69 2173 1383
f 1385 1384 65
f 68 2173 1385
f 41 2174 1386
f 1388 1387 38
f 42 2174 1388
f 375 2175 1389
f 332 2175 1390
f 1389 877 13
f 1389 979 375
f 13 2176 1389
f 40 2176 1146
f 1391 910 300
f 298 2177 1391
f 348 2177 1392
f 360 2178 1278
f 1374 1393 354
f 304 2178 1374
f 1377 1394 169
f 151 2179 1377
f 451 2179 1395
f 1397 1396 451
f 150 2180 1397
f 453 2180 1398
f 455 2181 1399
f 1401 1400 310
f 312 2181 1401
f 350 2182 1402
f 1404 1403 452
f 456 2182 1404
f 456 2183 1402
f 1174 1405 352
f 350 2183 1174
f 457 2184 1406
f 1408 1407 353
f 352 2184 1408
f 361 2185 921
f 1410 1409 458
f 921 1410 358
f 1411 1180 168
f 453 2186 1411
f 426 2186 1412
f 1413 1190 426
f 459 2187 1413
f 429 2187 1414
f 1415 1356 429
f 460 2188 1415
f 163 2188 1416
f 164 2189 1417
f 1419 1418 460
f 461 2189 1419
f 462 2190 1420
f 1362 1421 175
f 371 2190 1362
f 1423 1422 464
f 175 2191 1423
f 463 2191 1424
f 1426 1425 462
f 372 2192 1426
f 173 2192 1427
f 1428 569 91
f 90 2193 1428
f 97 2193 1429
f 1431 1430 453
f 428 2194 1431
f 459 2194 1432
f 1433 1261 146
f 459 2195 1433
f 428 2195 1432
f 146 2196 1434
f 1419 1435 461
f 460 2196 1419
f 461 2197 1436
f 149 2197 1437
f 1436 1438 145
f 1440 1439 369
f 449 2198 1440
f 370 2198 1441
f 1442 1176 424
f 455 2199 1442
f 1176 1399 312
f 1444 1443 322
f 465 2200 1444
f 424 2200 1445
f 1446 845 321
f 466 2201 1446
f 322 2201 1447
f 461 2202 1417
f 1449 1448 158
f 164 2202 1449
f 159 2203 1450
f 1452 1451 145
f 144 2203 1452
f 159 2204 1453
f 144 2204 1450
f 1453 1060 143
f 1455 1454 51
f 469 2205 1455
f 468 2205 1456
f 1458 1457 468
f 49 2206 1458
f 48 2206 513
f 66 2207 1459
f 1461 1460 55
f 52 2207 1461
f 67 2208 1462
f 1464 1463 52
f 51 2208 1464
f 414 2209 1465
f 1454 1466 51
f 468 2209 1454
f 454 2210 1467
f 1404 1468 456
f 452 2210 1404
f 1470 1469 465
f 456 2211 1470
f 455 2211 1471
f 1473 1472 457
f 466 2212 1473
f 1472 1474 458
f 1475 1410 458
f 467 2213 1475
f 1410 1476 358
f 1478 1477 358
f 450 2214 1478
f 359 2214 1373
f 1480 1479 355
f 360 2215 1480
f 359 2215 1481
f 1482 1457 48
f 414 2216 1482
f 468 2216 1465
f 1483 527 63
f 47 2217 1483
f 527 1484 60
f 60 2218 1485
f 47 2218 1484
f 1485 1332 446
f 1485 1331 60
f 446 2219 1485
f 75 2219 1293
f 40 2220 1486
f 1488 1487 36
f 35 2220 1488
f 412 2221 1489
f 1491 1490 417
f 1489 1491 434
f 33 2222 1492
f 1494 1493 434
f 1492 1494 374
f 33 2223 500
f 374 2223 1492
f 500 974 34
f 1495 499 32
f 438 2224 1495
f 33 2224 1496
f 1497 694 197
f 337 2225 1497
f 198 2225 1498
f 199 2226 1499
f 888 1500 337
f 339 2226 888
f 402 2227 1501
f 1123 1502 339
f 409 2227 1123
f 409 2228 1501
f 1217 1503 202
f 402 2228 1217
f 1504 1283 444
f 202 2229 1504
f 436 2229 1505
f 1507 1506 201
f 211 2230 1507
f 204 2230 1508
f 195 2231 1509
f 707 1510 211
f 210 2231 707
f 210 2232 1509
f 1512 1511 196
f 195 2232 1512
f 1513 658 165
f 173 2233 1513
f 166 2233 1514
f 1516 1515 427
f 462 2234 1516
f 165 2234 1517
f 427 2235 1518
f 1422 1519 464
f 463 2235 1422
f 1521 1520 162
f 464 2236 1521
f 430 2236 1522
f 1524 1523 161
f 470 2237 1524
f 162 2237 1525
f 161 2238 1526
f 1528 1527 181
f 471 2238 1528
f 1529 670 181
f 160 2239 1529
f 178 2239 675
f 178 2240 1530
f 1532 1531 191
f 1530 1532 179
f 1533 1250 442
f 467 2241 1533
f 321 2241 1534
f 1535 1371 450
f 323 2242 1535
f 315 2242 1536
f 315 2243 837
f 323 2243 1536
f 837 1537 313
f 1538 839 314
f 355 2244 1538
f 315 2244 1539
f 315 2245 1372
f 355 2245 1539
f 1372 1479 359
f 1541 1540 215
f 196 2246 1541
f 213 2246 1542
f 1543 703 205
f 1070 1543 3
f 206 2247 1070
f 206 2248 704
f 215 2248 1544
f 704 713 207
f 1545 1388 38
f 54 2249 1545
f 42 2249 1546
f 1547 503 37
f 53 2250 1547
f 503 1548 38
f 1550 1549 50
f 413 2251 1550
f 469 2251 1551
f 1552 1233 438
f 469 2252 1552
f 413 2252 1551
f 1553 1495 32
f 49 2253 1553
f 438 2253 1554
f 46 2254 1555
f 32 2254 1556
f 1555 1335 31
f 1555 1334 46
f 31 2255 1555
f 446 2255 1296
f 464 2256 1557
f 1559 1558 431
f 176 2256 1559
f 1561 1560 431
f 471 2257 1561
f 449 2257 1562
f 1563 1363 180
f 370 2258 1563
f 449 2258 1441
f 449 2259 1364
f 471 2259 1562
f 1364 1528 181
f 1565 1564 365
f 90 2260 1565
f 89 2260 558
f 1567 1566 328
f 1568 1567 416
f 330 2261 1568
f 1570 1569 330
f 364 2262 1570
f 331 2262 1571
f 1572 1251 331
f 363 2263 1572
f 83 2263 1573
f 1574 1327 74
f 83 2264 1574
f 363 2264 1573
f 1575 549 80
f 76 2265 1575
f 81 2265 1576
f 346 2266 1577
f 731 1578 228
f 231 2266 731
f 227 2267 728
f 362 2267 1579
f 728 1580 228
f 935 1580 362
f 229 2268 935
f 228 2268 729
f 1581 680 186
f 309 2269 1581
f 187 2269 1582
f 186 2270 1583
f 1585 1584 423
f 311 2270 1585
f 425 2271 1586
f 1360 1587 319
f 423 2271 1360
f 320 2272 1588
f 1355 1589 432
f 368 2272 1355
f 441 2273 1590
f 959 1591 368
f 367 2273 959
f 1593 1592 441
f 189 2274 1593
f 324 2274 1594
f 324 2275 848
f 189 2275 1594
f 848 681 188
f 1595 473 1
f 2 2276 1595
f 473 1596 3
f 5 2277 476
f 486 1344 6
f 476 486 7
f 9 2278 479
f 10 2278 1597
f 479 1598 11
f 1147 482 10
f 14 2279 1147
f 482 1106 15
f 1599 485 16
f 17 2280 1599
f 7 2280 1212
f 1600 488 19
f 1601 1600 20
f 21 2281 1601
f 4 2282 490
f 22 2282 881
f 490 1602 23
f 25 2283 493
f 26 2283 1603
f 493 927 27
f 29 2284 496
f 30 2284 1604
f 496 1294 31
f 1488 502 35
f 36 2285 1488
f 37 2285 1132
f 977 505 39
f 40 2286 977
f 35 2286 1486
f 44 2287 510
f 45 2287 1605
f 510 880 25
f 46 2288 512
f 47 2288 1333
f 512 1606 48
f 50 2289 515
f 51 2289 1607
f 515 1464 52
f 53 2290 518
f 52 2290 516
f 518 1461 55
f 44 2291 523
f 57 2291 1046
f 523 1608 58
f 936 526 61
f 62 2292 936
f 63 2292 1609
f 939 529 64
f 1610 939 65
f 66 2293 1610
f 987 533 70
f 71 2294 987
f 533 543 72
f 534 536 56
f 72 2295 534
f 536 544 73
f 74 2296 539
f 75 2296 1329
f 539 1611 58
f 72 2297 545
f 77 2297 542
f 545 1612 78
f 80 2298 551
f 79 2298 548
f 551 1613 82
f 84 2299 554
f 85 2299 1255
f 554 1614 82
f 87 2300 557
f 88 2300 1615
f 557 942 89
f 1616 559 71
f 92 2301 1616
f 559 584 93
f 94 2302 562
f 78 2302 1617
f 562 1612 77
f 96 2303 564
f 79 2303 568
f 564 547 81
f 86 2304 567
f 82 2304 555
f 567 1613 79
f 97 2305 570
f 98 2305 1618
f 570 1619 99
f 96 2306 575
f 103 2306 578
f 575 1324 104
f 95 2307 577
f 105 2307 1620
f 577 597 103
f 1053 580 106
f 1620 1053 105
f 95 2308 1620
f 104 2309 586
f 1621 1326 109
f 586 1621 110
f 111 2310 589
f 112 2310 1622
f 589 1623 113
f 115 2311 592
f 107 2311 596
f 592 582 92
f 116 2312 595
f 106 2312 1624
f 595 1625 107
f 105 2313 598
f 117 2313 1055
f 598 1626 118
f 120 2314 601
f 116 2314 1627
f 601 594 115
f 121 2315 604
f 118 2315 1321
f 604 1626 117
f 1621 607 110
f 1628 1621 109
f 124 2316 1628
f 1623 610 113
f 112 2317 1623
f 125 2317 1155
f 1037 613 127
f 113 2318 1037
f 126 2318 609
f 130 2319 616
f 120 2319 1629
f 616 600 119
f 132 2320 619
f 121 2320 1630
f 619 603 122
f 608 622 123
f 124 2321 608
f 134 2321 1318
f 1631 625 135
f 136 2322 1631
f 126 2322 973
f 861 627 137
f 129 2323 861
f 119 2323 617
f 1632 630 138
f 1633 1632 139
f 131 2324 1633
f 618 633 132
f 131 2325 618
f 139 2325 1633
f 1634 636 142
f 143 2326 1634
f 138 2326 1062
f 139 2327 638
f 144 2327 1635
f 638 1452 145
f 965 641 147
f 148 2328 965
f 149 2328 1316
f 1636 644 150
f 646 1636 151
f 152 2329 646
f 1379 647 151
f 154 2330 1379
f 155 2330 1637
f 1638 650 156
f 142 2331 1638
f 141 2331 635
f 1639 653 158
f 159 2332 1639
f 160 2332 1063
f 1523 656 161
f 162 2333 1523
f 163 2333 1640
f 166 2334 659
f 167 2334 1641
f 659 1380 168
f 666 662 170
f 142 2335 666
f 156 2335 1638
f 1642 665 172
f 143 2336 1642
f 665 1634 142
f 1643 668 175
f 176 2337 1643
f 177 2337 1193
f 178 2338 671
f 179 2338 1530
f 671 1644 180
f 1645 676 171
f 182 2339 1645
f 676 687 183
f 1646 679 184
f 185 2340 1646
f 186 2340 1179
f 189 2341 682
f 180 2341 1367
f 682 1644 179
f 190 2342 685
f 191 2342 1069
f 685 1647 183
f 1001 688 182
f 193 2343 1001
f 688 862 192
f 1512 690 195
f 196 2344 1512
f 2 2344 1648
f 478 693 9
f 12 2345 478
f 197 2345 1649
f 1650 695 198
f 199 2346 1650
f 200 2346 1109
f 475 698 5
f 8 2347 475
f 202 2347 1215
f 1651 700 194
f 1652 1651 203
f 204 2348 1652
f 1301 706 208
f 209 2349 1301
f 210 2349 1653
f 1654 709 213
f 210 2350 1654
f 209 2350 1653
f 1655 715 216
f 217 2351 1655
f 214 2351 857
f 858 718 218
f 217 2352 858
f 718 720 219
f 1655 721 217
f 216 2353 1655
f 721 1076 221
f 1656 724 222
f 223 2354 1656
f 224 2354 1657
f 930 730 229
f 230 2355 930
f 231 2355 1658
f 719 733 220
f 219 2356 719
f 232 2356 735
f 722 736 219
f 221 2357 722
f 234 2357 1659
f 764 739 236
f 237 2358 764
f 739 1011 233
f 1660 742 239
f 240 2359 1660
f 241 2359 1661
f 1662 745 242
f 241 2360 1662
f 240 2360 1661
f 753 748 245
f 242 2361 753
f 243 2361 744
f 1663 751 246
f 245 2362 1663
f 244 2362 747
f 245 2363 754
f 250 2363 765
f 754 1664 251
f 1662 757 241
f 242 2364 1662
f 251 2364 755
f 776 760 253
f 254 2365 776
f 760 762 236
f 773 763 254
f 255 2366 773
f 763 1665 237
f 1663 766 245
f 246 2367 1663
f 256 2367 1242
f 1666 769 258
f 259 2368 1666
f 769 1114 260
f 1667 775 262
f 261 2369 1667
f 254 2369 771
f 1668 778 263
f 264 2370 1668
f 252 2370 1084
f 1664 779 251
f 250 2371 1664
f 265 2371 782
f 256 2372 781
f 266 2372 1266
f 781 1669 265
f 1670 784 267
f 268 2373 1670
f 258 2373 1165
f 810 787 270
f 271 2374 810
f 787 1671 255
f 1667 788 261
f 262 2375 1667
f 272 2375 1672
f 273 2376 791
f 264 2376 1089
f 791 1668 263
f 265 2377 793
f 275 2377 1673
f 793 1674 274
f 277 2378 795
f 278 2378 1171
f 795 1246 279
f 281 2379 798
f 282 2379 1675
f 798 1182 283
f 284 2380 801
f 285 2380 1676
f 801 1677 280
f 1087 803 272
f 805 1087 273
f 286 2381 805
f 790 806 273
f 1307 790 274
f 288 2382 1307
f 1103 814 291
f 290 2383 1103
f 289 2383 811
f 953 817 292
f 293 2384 953
f 286 2384 1091
f 1678 819 294
f 1679 1678 295
f 296 2385 1679
f 297 2386 822
f 298 2386 1680
f 822 1391 300
f 301 2387 825
f 302 2387 1681
f 825 1682 303
f 304 2388 828
f 1678 1376 295
f 828 1678 294
f 290 2389 829
f 305 2389 1105
f 829 833 306
f 852 832 307
f 308 2390 852
f 832 1024 306
f 1401 835 312
f 310 2391 1401
f 309 2391 1683
f 1100 841 307
f 317 2392 1100
f 318 2392 1684
f 1685 844 319
f 320 2393 1685
f 321 2393 1248
f 1537 847 313
f 323 2394 1537
f 324 2394 1370
f 192 2395 849
f 316 2395 864
f 849 842 318
f 474 854 4
f 3 2396 474
f 854 1543 205
f 1686 863 193
f 308 2397 1686
f 863 851 316
f 101 2398 865
f 98 2398 868
f 865 1142 326
f 100 2399 867
f 99 2399 1687
f 867 1619 98
f 97 2400 870
f 90 2400 1429
f 870 1688 328
f 329 2401 873
f 330 2401 1141
f 873 1569 331
f 1598 876 11
f 10 2402 1598
f 13 2402 481
f 1101 879 333
f 26 2403 1101
f 25 2403 1603
f 1689 884 334
f 336 2404 1689
f 337 2404 886
f 1690 887 336
f 338 2405 1690
f 339 2405 1121
f 900 890 340
f 341 2406 900
f 342 2406 1691
f 1660 893 240
f 239 2407 1660
f 234 2407 1097
f 905 896 249
f 342 2408 905
f 341 2408 1691
f 727 899 227
f 226 2409 727
f 341 2409 901
f 1692 902 226
f 346 2410 1692
f 345 2410 1693
f 1694 904 248
f 257 2411 1694
f 342 2411 1150
f 1694 906 257
f 248 2412 1694
f 269 2412 1695
f 746 908 243
f 240 2413 746
f 344 2413 892
f 348 2414 911
f 349 2414 1696
f 911 1697 350
f 1172 914 351
f 352 2415 1172
f 914 1408 353
f 354 2416 917
f 355 2416 1698
f 917 1538 314
f 317 2417 920
f 357 2417 1699
f 920 1700 356
f 1477 922 358
f 359 2418 1477
f 360 2418 1481
f 23 2419 925
f 333 2419 1701
f 925 1702 29
f 229 2420 931
f 336 2420 1703
f 931 1689 334
f 1690 934 338
f 336 2421 1690
f 229 2421 1703
f 61 2422 937
f 363 2422 1704
f 937 1705 364
f 1138 940 64
f 365 2423 1138
f 940 1564 89
f 88 2424 943
f 68 2424 1706
f 943 1385 65
f 275 2425 945
f 265 2425 1673
f 945 1669 266
f 283 2426 947
f 268 2426 1184
f 947 1670 267
f 1677 950 280
f 285 2427 1677
f 297 2427 1707
f 366 2428 952
f 281 2428 1708
f 952 797 280
f 292 2429 954
f 354 2429 1709
f 954 916 356
f 293 2430 957
f 356 2430 955
f 957 1700 357
f 368 2431 960
f 369 2431 1710
f 960 1439 370
f 1646 963 185
f 184 2432 1646
f 372 2432 1711
f 147 2433 966
f 133 2433 1269
f 966 623 134
f 1631 969 136
f 135 2434 1631
f 969 1160 153
f 155 2435 970
f 373 2435 1712
f 970 971 136
f 373 2436 972
f 128 2436 1713
f 972 614 126
f 374 2437 975
f 17 2437 1714
f 975 1599 16
f 377 2438 982
f 24 2438 1715
f 982 494 27
f 1715 984 24
f 377 2439 1715
f 984 1716 378
f 1717 986 378
f 379 2440 1717
f 986 1718 71
f 1616 989 92
f 71 2441 1616
f 989 1718 379
f 92 2442 991
f 380 2442 988
f 991 1719 381
f 1720 994 382
f 137 2443 1720
f 994 626 114
f 1720 995 137
f 382 2444 1720
f 995 1721 383
f 384 2445 998
f 171 2445 1030
f 998 663 156
f 1722 1000 385
f 386 2446 1722
f 193 2446 1033
f 388 2447 1003
f 205 2447 1025
f 1003 702 207
f 1723 1006 389
f 387 2448 1723
f 207 2448 1004
f 389 2449 1009
f 218 2449 1005
f 1009 717 220
f 237 2450 1012
f 391 2450 1014
f 1012 1724 392
f 1665 1015 237
f 255 2451 1665
f 1015 1017 393
f 1671 1018 255
f 271 2452 1671
f 394 2452 1725
f 1726 1021 395
f 394 2453 1726
f 271 2453 1725
f 1727 1023 396
f 395 2454 1727
f 306 2454 1020
f 1728 1026 388
f 397 2455 1728
f 325 2455 1034
f 1013 1027 233
f 392 2456 1013
f 1027 1729 390
f 385 2457 1029
f 1645 999 182
f 1029 1645 171
f 396 2458 1032
f 308 2458 1022
f 1032 1686 193
f 1730 1035 397
f 376 2459 1730
f 1035 983 27
f 2 2460 1039
f 1 2460 1595
f 1039 1731 18
f 19 2461 1041
f 18 2461 487
f 1041 1731 1
f 45 2462 1043
f 44 2462 1605
f 1043 522 59
f 43 2463 1045
f 56 2463 521
f 1045 535 57
f 540 1048 76
f 58 2464 540
f 1048 1608 57
f 1576 1050 81
f 76 2465 1576
f 1050 1047 73
f 78 2466 1051
f 94 2466 1617
f 1051 581 95
f 1625 1052 107
f 579 1625 106
f 94 2467 579
f 106 2468 1054
f 116 2468 1624
f 1054 1732 117
f 1732 1056 117
f 116 2469 1732
f 120 2469 1627
f 120 2470 1058
f 130 2470 1629
f 1058 631 131
f 615 1059 130
f 129 2471 615
f 141 2471 860
f 144 2472 1061
f 1632 1635 139
f 1061 1632 138
f 1453 1064 159
f 143 2473 1453
f 172 2473 1642
f 677 1065 170
f 183 2474 677
f 1065 1647 191
f 188 2475 1068
f 179 2475 683
f 1068 1532 191
f 1596 1071 3
f 2 2476 1596
f 196 2476 1648
f 1540 1073 215
f 213 2477 1540
f 212 2477 708
f 1733 1075 398
f 216 2478 1733
f 212 2478 714
f 1733 1077 216
f 398 2479 1733
f 1077 1302 399
f 894 1080 344
f 234 2480 894
f 221 2480 1659
f 761 1081 238
f 236 2481 761
f 235 2481 738
f 1086 1083 252
f 253 2482 1086
f 1083 759 238
f 1734 1085 264
f 262 2483 1734
f 253 2483 774
f 272 2484 1088
f 262 2484 1672
f 1088 1734 264
f 815 1090 287
f 289 2485 815
f 270 2485 808
f 956 1092 293
f 813 956 291
f 287 2486 813
f 318 2487 1094
f 317 2487 1684
f 1094 919 314
f 1093 1095 318
f 846 1093 313
f 188 2488 846
f 30 2489 1096
f 29 2489 1604
f 1096 1702 333
f 1082 1098 239
f 235 2490 1082
f 232 2490 859
f 1735 1099 305
f 357 2491 1735
f 317 2491 1699
f 333 2492 1102
f 23 2492 1701
f 1102 1602 22
f 291 2493 1104
f 357 2493 958
f 1104 1735 305
f 14 2494 1107
f 400 2494 1736
f 1107 1737 401
f 1738 1110 199
f 402 2495 1738
f 403 2495 1739
f 1740 1112 225
f 362 2496 1740
f 1112 1579 227
f 259 2497 1115
f 404 2497 1741
f 1115 1742 405
f 351 2498 1118
f 366 2498 1205
f 1118 951 299
f 1743 1120 406
f 407 2499 1743
f 1120 1154 111
f 1131 1122 338
f 408 2500 1131
f 1122 1221 409
f 1129 1125 410
f 340 2501 1129
f 1125 889 343
f 1113 1128 222
f 227 2502 1113
f 1128 898 340
f 1740 1130 362
f 225 2503 1740
f 1130 1228 408
f 1744 1133 36
f 412 2504 1744
f 413 2504 1231
f 1745 1135 67
f 414 2505 1745
f 415 2505 1234
f 1273 1137 415
f 416 2506 1273
f 1137 1746 365
f 327 2507 1140
f 328 2507 871
f 1140 1566 330
f 1618 1143 98
f 97 2508 1618
f 1143 869 327
f 15 2509 1145
f 417 2509 1211
f 1145 1747 40
f 10 2510 1148
f 696 1597 9
f 1148 696 200
f 770 1151 257
f 260 2511 770
f 343 2511 1199
f 1748 1153 418
f 112 2512 1748
f 111 2512 1622
f 1748 1156 112
f 418 2513 1748
f 419 2513 1749
f 1157 1158 125
f 419 2514 1157
f 420 2514 1750
f 1159 1161 135
f 420 2515 1159
f 1161 1751 421
f 422 2516 1164
f 259 2516 1203
f 1164 1666 258
f 281 2517 1167
f 366 2517 1708
f 1167 1752 301
f 1675 1170 282
f 281 2518 1675
f 1170 1166 278
f 1117 1173 351
f 912 1117 300
f 350 2519 912
f 1585 1175 311
f 423 2520 1585
f 424 2520 1753
f 1754 1178 174
f 425 2521 1754
f 1178 1755 186
f 426 2522 1181
f 427 2522 1192
f 1181 1515 165
f 1209 1183 282
f 422 2523 1209
f 1183 1163 268
f 1162 1185 153
f 421 2524 1162
f 428 2524 1259
f 1756 1187 403
f 400 2525 1756
f 1187 1736 14
f 1144 1188 326
f 327 2526 1144
f 1188 1139 329
f 429 2527 1191
f 430 2527 1358
f 1191 1757 427
f 1559 1194 176
f 431 2528 1559
f 369 2528 1758
f 1754 1197 425
f 174 2529 1754
f 177 2529 669
f 1116 1200 260
f 405 2530 1116
f 1200 1262 411
f 433 2531 1202
f 1741 1759 404
f 1202 1741 259
f 302 2532 1204
f 301 2532 1681
f 1204 1752 366
f 361 2533 1207
f 303 2533 1760
f 1207 1682 302
f 1761 1208 277
f 433 2534 1761
f 1208 1201 422
f 401 2535 1210
f 434 2535 1276
f 1210 1491 417
f 1274 1213 17
f 401 2536 1274
f 1213 1737 400
f 1762 1216 8
f 403 2537 1762
f 402 2537 1739
f 407 2538 1219
f 406 2538 1743
f 1219 1253 84
f 1230 1222 408
f 435 2539 1230
f 436 2539 1281
f 1264 1224 411
f 247 2540 1264
f 437 2540 1284
f 1656 1227 223
f 222 2541 1656
f 410 2541 1127
f 725 1229 225
f 224 2542 725
f 435 2542 1763
f 1764 1232 412
f 33 2543 1764
f 438 2543 1496
f 1765 1235 414
f 1609 1765 63
f 62 2544 1609
f 1271 1237 133
f 420 2545 1271
f 419 2545 1750
f 1290 1240 439
f 224 2546 1290
f 223 2546 1657
f 1766 1243 246
f 405 2547 1766
f 1243 1742 404
f 296 2548 1245
f 275 2548 1767
f 1245 944 276
f 278 2549 1247
f 301 2549 1168
f 1247 824 294
f 1768 1249 320
f 441 2550 1768
f 442 2550 1769
f 83 2551 1252
f 82 2551 552
f 1252 1614 85
f 1189 1254 406
f 329 2552 1189
f 1254 872 85
f 108 2553 1256
f 110 2553 587
f 1256 1258 418
f 1238 1257 123
f 419 2554 1238
f 418 2554 1749
f 1770 1260 421
f 147 2555 1770
f 146 2555 640
f 1766 1263 405
f 246 2556 1766
f 247 2556 750
f 404 2557 1265
f 433 2557 1759
f 1265 1267 266
f 433 2558 1268
f 277 2558 1761
f 1268 794 276
f 1770 1270 147
f 421 2559 1770
f 420 2559 1751
f 62 2560 1272
f 364 2560 938
f 1272 1771 416
f 17 2561 1275
f 1494 1714 374
f 1275 1494 434
f 400 2562 1277
f 403 2562 1756
f 1277 1762 8
f 827 1279 304
f 303 2563 827
f 361 2563 1760
f 86 2564 1280
f 104 2564 576
f 1280 585 108
f 1772 1282 435
f 443 2565 1772
f 444 2565 1773
f 752 1285 247
f 244 2566 752
f 445 2566 1774
f 1286 1287 437
f 445 2567 1286
f 440 2567 1775
f 1772 1289 443
f 435 2568 1772
f 224 2568 1763
f 59 2569 1292
f 58 2569 524
f 1292 1611 75
f 30 2570 1295
f 59 2570 1044
f 1295 1291 446
f 28 2571 1297
f 1600 1339 20
f 1297 1600 19
f 21 2572 1298
f 1651 1776 203
f 1298 1651 194
f 1777 1300 447
f 398 2573 1777
f 209 2573 1074
f 1777 1303 398
f 447 2574 1777
f 448 2574 1778
f 909 1306 347
f 344 2575 909
f 399 2575 1079
f 1674 1308 274
f 275 2576 1674
f 296 2576 1767
f 1309 1310 288
f 296 2577 1309
f 295 2577 1679
f 1449 1312 164
f 158 2578 1449
f 157 2578 652
f 140 2579 1315
f 145 2579 639
f 1315 1438 149
f 1320 1317 134
f 132 2580 1320
f 140 2580 632
f 1779 1319 124
f 121 2581 1779
f 132 2581 1630
f 1779 1322 121
f 124 2582 1779
f 109 2582 1628
f 103 2583 1325
f 118 2583 599
f 1325 1323 109
f 363 2584 1328
f 61 2584 1704
f 1328 1330 75
f 32 2585 1336
f 34 2585 498
f 1336 1337 28
f 34 2586 1338
f 1341 976 16
f 1338 1341 20
f 1780 1340 6
f 21 2587 1780
f 20 2587 1601
f 203 2588 1343
f 21 2588 1776
f 1343 1780 6
f 1506 1345 201
f 204 2589 1506
f 203 2589 1652
f 1781 1346 211
f 444 2590 1781
f 443 2590 1773
f 1347 1348 208
f 443 2591 1347
f 439 2591 1288
f 1782 1350 440
f 448 2592 1782
f 447 2592 1778
f 1782 1351 448
f 440 2593 1782
f 445 2593 1775
f 1352 1353 347
f 445 2594 1352
f 244 2594 1774
f 1195 1354 177
f 369 2595 1195
f 1354 1710 368
f 163 2596 1357
f 162 2596 1640
f 1357 1520 430
f 1443 1359 322
f 424 2597 1443
f 423 2597 1753
f 1177 1361 174
f 962 1177 185
f 371 2598 962
f 367 2599 1366
f 370 2599 961
f 1366 1563 180
f 442 2600 1369
f 441 2600 1769
f 1369 1592 324
f 354 2601 1375
f 292 2601 1709
f 1375 1311 295
f 167 2602 1381
f 169 2602 1783
f 1381 1394 451
f 1784 1384 69
f 66 2603 1784
f 65 2603 1610
f 506 1387 41
f 35 2604 506
f 38 2604 501
f 1480 1393 360
f 355 2605 1480
f 354 2605 1698
f 451 2606 1397
f 1636 1395 151
f 1397 1636 150
f 1785 1400 455
f 454 2607 1785
f 310 2607 1786
f 1697 1403 350
f 349 2608 1697
f 452 2608 1787
f 1788 1405 456
f 457 2609 1788
f 352 2609 1406
f 1472 1407 457
f 458 2610 1472
f 353 2610 1789
f 1206 1409 361
f 353 2611 1206
f 458 2611 1789
f 168 2612 1411
f 451 2612 1382
f 1411 1396 453
f 426 2613 1413
f 453 2613 1412
f 1413 1430 459
f 429 2614 1415
f 459 2614 1414
f 1415 1790 460
f 657 1418 164
f 163 2615 657
f 460 2615 1416
f 1791 1421 462
f 463 2616 1791
f 175 2616 1424
f 464 2617 1423
f 176 2617 1557
f 1423 1643 175
f 462 2618 1426
f 371 2618 1420
f 1426 964 372
f 91 2619 1428
f 87 2619 1792
f 1428 556 90
f 453 2620 1431
f 150 2620 1398
f 1431 1186 428
f 146 2621 1433
f 460 2621 1434
f 1433 1790 459
f 642 1435 146
f 149 2622 642
f 461 2622 1437
f 369 2623 1440
f 431 2623 1758
f 1440 1560 449
f 424 2624 1442
f 465 2624 1445
f 1442 1469 455
f 322 2625 1444
f 466 2625 1447
f 1444 1793 465
f 321 2626 1446
f 467 2626 1534
f 1446 1794 466
f 1436 1448 461
f 145 2627 1436
f 158 2627 1795
f 1639 1451 159
f 158 2628 1639
f 145 2628 1795
f 51 2629 1455
f 50 2629 1607
f 1455 1549 469
f 468 2630 1458
f 469 2630 1456
f 1458 1796 49
f 1784 1460 66
f 69 2631 1784
f 55 2631 1797
f 530 1463 67
f 66 2632 530
f 52 2632 1459
f 1745 1466 414
f 67 2633 1745
f 51 2633 1462
f 1785 1468 454
f 455 2634 1785
f 456 2634 1471
f 465 2635 1470
f 457 2635 1798
f 1470 1788 456
f 457 2636 1473
f 465 2636 1798
f 1473 1793 466
f 458 2637 1475
f 466 2637 1474
f 1475 1794 467
f 358 2638 1478
f 467 2638 1476
f 1478 1799 450
f 48 2639 1482
f 1765 1800 63
f 1482 1765 414
f 63 2640 1483
f 48 2640 1800
f 1483 1606 47
f 1747 1487 40
f 417 2641 1747
f 36 2641 1801
f 1744 1490 412
f 36 2642 1744
f 417 2642 1801
f 1764 1493 33
f 412 2643 1764
f 434 2643 1489
f 197 2644 1497
f 335 2644 1802
f 1497 885 337
f 1650 1500 199
f 198 2645 1650
f 337 2645 1498
f 1738 1502 402
f 199 2646 1738
f 339 2646 1499
f 1223 1503 409
f 436 2647 1223
f 202 2647 1505
f 444 2648 1504
f 699 1803 201
f 1504 699 202
f 201 2649 1507
f 1781 1803 444
f 1507 1781 211
f 701 1510 195
f 204 2650 701
f 211 2650 1508
f 1654 1511 210
f 213 2651 1654
f 196 2651 1542
f 165 2652 1513
f 462 2652 1517
f 1513 1425 173
f 427 2653 1516
f 463 2653 1518
f 1516 1791 462
f 1757 1519 427
f 430 2654 1757
f 464 2654 1522
f 162 2655 1521
f 1804 1525 470
f 1521 1804 464
f 161 2656 1524
f 471 2656 1526
f 1524 1805 470
f 1313 1527 161
f 157 2657 1313
f 181 2657 1806
f 181 2658 1529
f 157 2658 1806
f 1529 654 160
f 674 1531 178
f 1066 674 172
f 191 2659 1066
f 442 2660 1533
f 450 2660 1807
f 1533 1799 467
f 450 2661 1535
f 442 2661 1807
f 1535 1368 323
f 215 2662 1541
f 206 2662 1544
f 1541 1072 196
f 38 2663 1545
f 53 2663 1548
f 1545 517 54
f 37 2664 1547
f 50 2664 1808
f 1547 514 53
f 50 2665 1550
f 1134 1808 37
f 1550 1134 413
f 438 2666 1552
f 49 2666 1554
f 1552 1796 469
f 32 2667 1553
f 46 2667 1556
f 1553 511 49
f 1804 1558 464
f 1809 1804 470
f 431 2668 1809
f 431 2669 1561
f 470 2669 1809
f 1561 1805 471
f 365 2670 1565
f 328 2670 1810
f 1565 1688 90
f 328 2671 1567
f 365 2671 1810
f 1567 1746 416
f 330 2672 1570
f 416 2672 1568
f 1570 1771 364
f 331 2673 1572
f 364 2673 1571
f 1572 1705 363
f 74 2674 1574
f 80 2674 1811
f 1574 550 83
f 80 2675 1575
f 74 2675 1811
f 1575 538 76
f 1692 1578 346
f 226 2676 1692
f 228 2676 726
f 186 2677 1581
f 311 2677 1583
f 1581 836 309
f 1755 1584 186
f 425 2678 1755
f 423 2678 1586
f 1196 1587 425
f 432 2679 1196
f 319 2679 1812
f 1685 1589 320
f 319 2680 1685
f 432 2680 1812
f 1768 1591 441
f 320 2681 1768
f 368 2681 1588
f 441 2682 1593
f 367 2682 1590
f 1593 1365 189
f 473 1813 472
f 3 474 1813
f 4 472 1813
f 476 1814 475
f 7 477 1814
f 8 475 1814
f 479 1815 478
f 11 480 1815
f 12 478 1815
f 10 482 1816
f 483 1816 482
f 481 1816 483
f 16 485 1817
f 486 1817 485
f 6 484 1817
f 19 488 1818
f 489 1818 488
f 18 487 1818
f 490 1819 472
f 23 491 1819
f 1 472 1819
f 493 1820 492
f 27 494 1820
f 24 492 1820
f 496 1821 495
f 31 497 1821
f 28 495 1821
f 32 499 1822
f 500 1822 499
f 34 498 1822
f 35 502 1823
f 503 1823 502
f 501 1823 503
f 39 505 1824
f 506 1824 505
f 41 504 1824
f 25 492 1825
f 508 1825 492
f 43 507 1825
f 510 1826 509
f 25 507 1826
f 43 509 1826
f 512 1827 511
f 48 513 1827
f 49 511 1827
f 515 1828 514
f 52 516 1828
f 53 514 1828
f 518 1829 517
f 55 519 1829
f 54 517 1829
f 56 521 1830
f 43 508 1830
f 520 1830 508
f 523 1831 522
f 58 524 1831
f 59 522 1831
f 61 526 1832
f 527 1832 526
f 60 525 1832
f 64 529 1833
f 530 1833 529
f 67 528 1833
f 24 531 1834
f 70 532 1834
f 520 1834 532
f 533 1835 532
f 534 1835 533
f 56 532 1835
f 536 1836 535
f 537 1836 536
f 57 535 1836
f 539 1837 538
f 58 540 1837
f 76 538 1837
f 542 1838 541
f 72 543 1838
f 541 1838 543
f 545 1839 544
f 78 546 1839
f 73 544 1839
f 79 548 1840
f 80 549 1840
f 547 1840 549
f 551 1841 550
f 82 552 1841
f 83 550 1841
f 554 1842 553
f 82 555 1842
f 86 553 1842
f 557 1843 556
f 89 558 1843
f 90 556 1843
f 559 1844 541
f 93 560 1844
f 77 541 1844
f 562 1845 561
f 77 560 1845
f 93 561 1845
f 564 1846 563
f 81 565 1846
f 95 563 1846
f 567 1847 566
f 79 568 1847
f 96 566 1847
f 570 1848 569
f 99 571 1848
f 91 569 1848
f 573 1849 572
f 102 574 1849
f 100 572 1849
f 575 1850 566
f 104 576 1850
f 86 566 1850
f 577 1851 563
f 103 578 1851
f 96 563 1851
f 106 580 1852
f 581 1852 580
f 94 579 1852
f 583 1853 582
f 93 584 1853
f 582 1853 584
f 586 1854 585
f 110 587 1854
f 108 585 1854
f 589 1855 588
f 113 590 1855
f 101 588 1855
f 592 1856 591
f 593 1856 592
f 114 591 1856
f 595 1857 594
f 107 596 1857
f 115 594 1857
f 598 1858 597
f 118 599 1858
f 103 597 1858
f 601 1859 600
f 115 602 1859
f 119 600 1859
f 604 1860 603
f 117 605 1860
f 122 603 1860
f 110 607 1861
f 608 1861 607
f 123 606 1861
f 113 610 1862
f 611 1862 610
f 126 609 1862
f 127 613 1863
f 614 1863 613
f 128 612 1863
f 616 1864 615
f 119 617 1864
f 129 615 1864
f 619 1865 618
f 122 620 1865
f 131 618 1865
f 123 622 1866
f 623 1866 622
f 133 621 1866
f 135 625 1867
f 611 1867 625
f 125 624 1867
f 627 1868 626
f 628 1868 627
f 114 626 1868
f 138 630 1869
f 631 1869 630
f 629 1869 631
f 132 633 1870
f 634 1870 633
f 632 1870 634
f 142 636 1871
f 637 1871 636
f 141 635 1871
f 638 1872 634
f 145 639 1872
f 634 1872 639
f 147 641 1873
f 642 1873 641
f 146 640 1873
f 150 644 1874
f 645 1874 644
f 153 643 1874
f 151 647 1875
f 648 1875 647
f 152 646 1875
f 650 1876 649
f 651 1876 650
f 137 649 1876
f 158 653 1877
f 654 1877 653
f 157 652 1877
f 161 656 1878
f 657 1878 656
f 164 655 1878
f 659 1879 658
f 168 660 1879
f 165 658 1879
f 662 1880 661
f 663 1880 662
f 171 661 1880
f 665 1881 664
f 142 666 1881
f 170 664 1881
f 175 668 1882
f 669 1882 668
f 174 667 1882
f 671 1883 670
f 180 672 1883
f 181 670 1883
f 674 1884 673
f 178 675 1884
f 673 1884 675
f 171 676 1885
f 677 1885 676
f 170 661 1885
f 184 679 1886
f 680 1886 679
f 187 678 1886
f 682 1887 681
f 179 683 1887
f 188 681 1887
f 685 1888 684
f 686 1888 685
f 192 684 1888
f 182 688 1889
f 686 1889 688
f 183 687 1889
f 195 690 1890
f 691 1890 690
f 689 1890 691
f 9 693 1891
f 694 1891 693
f 198 692 1891
f 198 695 1892
f 696 1892 695
f 692 1892 696
f 5 698 1893
f 699 1893 698
f 697 1893 699
f 194 700 1894
f 701 1894 700
f 195 689 1894
f 205 703 1895
f 704 1895 703
f 207 702 1895
f 208 706 1896
f 707 1896 706
f 211 705 1896
f 213 709 1897
f 710 1897 709
f 212 708 1897
f 214 712 1898
f 713 1898 712
f 215 711 1898
f 216 715 1899
f 716 1899 715
f 212 714 1899
f 718 1900 717
f 719 1900 718
f 220 717 1900
f 217 721 1901
f 722 1901 721
f 219 720 1901
f 222 724 1902
f 725 1902 724
f 225 723 1902
f 727 1903 726
f 728 1903 727
f 228 726 1903
f 229 730 1904
f 731 1904 730
f 228 729 1904
f 733 1905 732
f 734 1905 733
f 233 732 1905
f 219 736 1906
f 737 1906 736
f 232 735 1906
f 739 1907 738
f 740 1907 739
f 235 738 1907
f 239 742 1908
f 743 1908 742
f 238 741 1908
f 242 745 1909
f 746 1909 745
f 243 744 1909
f 245 748 1910
f 749 1910 748
f 244 747 1910
f 246 751 1911
f 752 1911 751
f 247 750 1911
f 754 1912 753
f 251 755 1912
f 242 753 1912
f 241 757 1913
f 758 1913 757
f 252 756 1913
f 760 1914 759
f 761 1914 760
f 238 759 1914
f 763 1915 762
f 764 1915 763
f 236 762 1915
f 245 766 1916
f 767 1916 766
f 250 765 1916
f 769 1917 768
f 770 1917 769
f 257 768 1917
f 772 1918 771
f 773 1918 772
f 254 771 1918
f 262 775 1919
f 776 1919 775
f 253 774 1919
f 263 778 1920
f 758 1920 778
f 251 777 1920
f 251 779 1921
f 780 1921 779
f 263 777 1921
f 781 1922 767
f 265 782 1922
f 250 767 1922
f 267 784 1923
f 785 1923 784
f 269 783 1923
f 787 1924 786
f 772 1924 787
f 261 786 1924
f 261 788 1925
f 789 1925 788
f 270 786 1925
f 791 1926 790
f 263 792 1926
f 790 1926 792
f 793 1927 780
f 274 792 1927
f 263 780 1927
f 795 1928 794
f 279 796 1928
f 276 794 1928
f 798 1929 797
f 283 799 1929
f 280 797 1929
f 801 1930 800
f 280 799 1930
f 283 800 1930
f 272 803 1931
f 804 1931 803
f 287 802 1931
f 273 806 1932
f 807 1932 806
f 286 805 1932
f 809 1933 808
f 810 1933 809
f 270 808 1933
f 811 1934 809
f 290 812 1934
f 809 1934 812
f 291 814 1935
f 815 1935 814
f 287 813 1935
f 292 817 1936
f 807 1936 817
f 288 816 1936
f 294 819 1937
f 820 1937 819
f 279 818 1937
f 822 1938 821
f 300 823 1938
f 299 821 1938
f 825 1939 824
f 303 826 1939
f 294 824 1939
f 828 1940 827
f 294 826 1940
f 303 827 1940
f 829 1941 812
f 830 1941 829
f 271 812 1941
f 832 1942 831
f 833 1942 832
f 305 831 1942
f 312 835 1943
f 836 1943 835
f 311 834 1943
f 313 838 1944
f 314 839 1944
f 837 1944 839
f 307 841 1945
f 842 1945 841
f 316 840 1945
f 319 844 1946
f 845 1946 844
f 322 843 1946
f 313 847 1947
f 848 1947 847
f 188 846 1947
f 849 1948 684
f 318 850 1948
f 190 684 1948
f 316 851 1949
f 852 1949 851
f 307 840 1949
f 854 1950 853
f 855 1950 854
f 325 853 1950
f 214 857 1951
f 217 858 1951
f 856 1951 858
f 734 1952 740
f 232 859 1952
f 740 1952 859
f 119 602 1953
f 115 591 1953
f 628 1953 591
f 141 860 1954
f 129 861 1954
f 651 1954 861
f 863 1955 862
f 864 1955 863
f 192 862 1955
f 865 1956 588
f 866 1956 865
f 111 588 1956
f 867 1957 572
f 98 868 1957
f 101 572 1957
f 870 1958 869
f 328 871 1958
f 327 869 1958
f 873 1959 872
f 331 874 1959
f 85 872 1959
f 11 876 1960
f 877 1960 876
f 332 875 1960
f 333 879 1961
f 880 1961 879
f 45 878 1961
f 4 853 1962
f 882 1962 853
f 22 881 1962
f 334 884 1963
f 885 1963 884
f 335 883 1963
f 336 887 1964
f 888 1964 887
f 337 886 1964
f 890 1965 889
f 891 1965 890
f 343 889 1965
f 240 893 1966
f 894 1966 893
f 344 892 1966
f 249 896 1967
f 897 1967 896
f 345 895 1967
f 899 1968 898
f 900 1968 899
f 340 898 1968
f 226 902 1969
f 897 1969 902
f 341 901 1969
f 248 904 1970
f 905 1970 904
f 249 903 1970
f 257 906 1971
f 785 1971 906
f 258 768 1971
f 243 908 1972
f 909 1972 908
f 347 907 1972
f 911 1973 910
f 350 912 1973
f 300 910 1973
f 914 1974 913
f 915 1974 914
f 302 913 1974
f 917 1975 916
f 314 918 1975
f 356 916 1975
f 920 1976 919
f 356 918 1976
f 314 919 1976
f 358 922 1977
f 923 1977 922
f 361 921 1977
f 925 1978 924
f 29 926 1978
f 19 924 1978
f 26 928 1979
f 22 929 1979
f 927 1979 929
f 931 1980 930
f 334 932 1980
f 230 930 1980
f 934 1981 933
f 935 1981 934
f 362 933 1981
f 937 1982 936
f 364 938 1982
f 62 936 1982
f 64 940 1983
f 941 1983 940
f 939 1983 941
f 943 1984 942
f 65 941 1984
f 89 942 1984
f 945 1985 944
f 266 946 1985
f 276 944 1985
f 947 1986 800
f 267 948 1986
f 284 800 1986
f 280 950 1987
f 821 1987 950
f 299 949 1987
f 952 1988 951
f 280 949 1988
f 299 951 1988
f 954 1989 953
f 356 955 1989
f 293 953 1989
f 957 1990 956
f 357 958 1990
f 291 956 1990
f 960 1991 959
f 370 961 1991
f 367 959 1991
f 185 963 1992
f 964 1992 963
f 371 962 1992
f 966 1993 965
f 134 967 1993
f 148 965 1993
f 136 969 1994
f 645 1994 969
f 152 968 1994
f 970 1995 648
f 136 968 1995
f 152 648 1995
f 972 1996 971
f 126 973 1996
f 136 971 1996
f 975 1997 974
f 16 976 1997
f 34 974 1997
f 39 978 1998
f 375 979 1998
f 977 1998 979
f 882 1999 929
f 325 980 1999
f 27 929 1999
f 982 2000 981
f 27 983 2000
f 376 981 2000
f 984 2001 531
f 378 985 2001
f 70 531 2001
f 378 986 2002
f 987 2002 986
f 70 985 2002
f 989 2003 988
f 990 2003 989
f 380 988 2003
f 991 2004 593
f 381 992 2004
f 114 593 2004
f 994 2005 993
f 114 992 2005
f 381 993 2005
f 995 2006 649
f 996 2006 995
f 156 649 2006
f 998 2007 997
f 996 2007 998
f 383 997 2007
f 385 1000 2008
f 1001 2008 1000
f 182 999 2008
f 1003 2009 1002
f 207 1004 2009
f 387 1002 2009
f 389 1006 2010
f 1007 2010 1006
f 218 1005 2010
f 1009 2011 1008
f 220 1010 2011
f 390 1008 2011
f 1012 2012 1011
f 1013 2012 1012
f 233 1011 2012
f 237 1015 2013
f 1016 2013 1015
f 391 1014 2013
f 255 1018 2014
f 1019 2014 1018
f 393 1017 2014
f 395 1021 2015
f 830 2015 1021
f 306 1020 2015
f 396 1023 2016
f 1024 2016 1023
f 308 1022 2016
f 388 1026 2017
f 855 2017 1026
f 205 1025 2017
f 1027 2018 732
f 1010 2018 1027
f 220 732 2018
f 1029 2019 1028
f 171 1030 2019
f 384 1028 2019
f 1032 2020 1031
f 193 1033 2020
f 386 1031 2020
f 1035 2021 1034
f 980 2021 1035
f 325 1034 2021
f 101 590 2022
f 113 1036 2022
f 573 2022 1036
f 1037 2023 1036
f 127 1038 2023
f 102 1036 2023
f 1039 2024 691
f 18 1040 2024
f 194 691 2024
f 1041 2025 924
f 1 491 2025
f 23 924 2025
f 1043 2026 1042
f 59 1044 2026
f 30 1042 2026
f 1045 2027 509
f 57 1046 2027
f 44 509 2027
f 1048 2028 1047
f 537 2028 1048
f 73 1047 2028
f 1050 2029 1049
f 546 2029 1050
f 78 1049 2029
f 1051 2030 1049
f 95 565 2030
f 81 1049 2030
f 107 1052 2031
f 561 2031 1052
f 93 583 2031
f 1054 2032 1053
f 117 1055 2032
f 105 1053 2032
f 117 1056 2033
f 1057 2033 1056
f 605 2033 1057
f 1058 2034 1057
f 131 620 2034
f 122 1057 2034
f 130 1059 2035
f 637 2035 1059
f 138 629 2035
f 1061 2036 1060
f 138 1062 2036
f 143 1060 2036
f 159 1064 2037
f 673 2037 1064
f 1063 2037 673
f 1065 2038 664
f 1066 2038 1065
f 172 664 2038
f 1068 2039 1067
f 1069 2039 1068
f 190 1067 2039
f 3 1071 2040
f 1072 2040 1071
f 206 1070 2040
f 215 1073 2041
f 716 2041 1073
f 214 711 2041
f 398 1075 2042
f 710 2042 1075
f 209 1074 2042
f 1077 2043 1076
f 1078 2043 1077
f 221 1076 2043
f 344 1080 2044
f 1078 2044 1080
f 399 1079 2044
f 1081 2045 741
f 1082 2045 1081
f 239 741 2045
f 1083 2046 756
f 743 2046 1083
f 241 756 2046
f 264 1085 2047
f 1086 2047 1085
f 252 1084 2047
f 1088 2048 1087
f 264 1089 2048
f 1087 2048 1089
f 287 1090 2049
f 789 2049 1090
f 272 802 2049
f 293 1092 2050
f 804 2050 1092
f 286 1091 2050
f 1094 2051 1093
f 838 2051 1094
f 1093 2051 838
f 318 1095 2052
f 1067 2052 1095
f 190 850 2052
f 1096 2053 1042
f 333 878 2053
f 45 1042 2053
f 239 1098 2054
f 737 2054 1098
f 234 1097 2054
f 305 1099 2055
f 1100 2055 1099
f 307 831 2055
f 1102 2056 1101
f 22 928 2056
f 26 1101 2056
f 1104 2057 1103
f 305 1105 2057
f 290 1103 2057
f 1107 2058 1106
f 401 1108 2058
f 15 1106 2058
f 199 1110 2059
f 1111 2059 1110
f 200 1109 2059
f 1112 2060 723
f 1113 2060 1112
f 222 723 2060
f 1115 2061 1114
f 405 1116 2061
f 260 1114 2061
f 1118 2062 1117
f 299 823 2062
f 1117 2062 823
f 1120 2063 1119
f 111 866 2063
f 326 1119 2063
f 1122 2064 1121
f 1123 2064 1122
f 339 1121 2064
f 1125 2065 1124
f 1126 2065 1125
f 411 1124 2065
f 1128 2066 1127
f 1129 2066 1128
f 410 1127 2066
f 1130 2067 933
f 1131 2067 1130
f 338 933 2067
f 36 1133 2068
f 1134 2068 1133
f 37 1132 2068
f 67 1135 2069
f 1136 2069 1135
f 64 528 2069
f 415 1137 2070
f 1138 2070 1137
f 64 1136 2070
f 1140 2071 1139
f 330 1141 2071
f 329 1139 2071
f 1143 2072 1142
f 1144 2072 1143
f 326 1142 2072
f 1145 2073 483
f 40 1146 2073
f 483 2073 1146
f 1148 2074 1147
f 1149 2074 1148
f 14 1147 2074
f 257 1151 2075
f 891 2075 1151
f 342 1150 2075
f 418 1153 2076
f 1154 2076 1153
f 407 1152 2076
f 112 1156 2077
f 1157 2077 1156
f 125 1155 2077
f 1158 2078 624
f 1159 2078 1158
f 135 624 2078
f 1161 2079 1160
f 1162 2079 1161
f 153 1160 2079
f 1164 2080 1163
f 258 1165 2080
f 268 1163 2080
f 1167 2081 1166
f 301 1168 2081
f 278 1166 2081
f 1170 2082 1169
f 278 1171 2082
f 277 1169 2082
f 351 1173 2083
f 1174 2083 1173
f 352 1172 2083
f 311 1175 2084
f 1176 2084 1175
f 834 2084 1176
f 174 1178 2085
f 1179 2085 1178
f 1177 2085 1179
f 1181 2086 1180
f 165 660 2086
f 168 1180 2086
f 1183 2087 1182
f 268 1184 2087
f 283 1182 2087
f 153 1185 2088
f 1186 2088 1185
f 150 643 2088
f 1187 2089 1111
f 1149 2089 1187
f 200 1111 2089
f 1188 2090 1119
f 1189 2090 1188
f 406 1119 2090
f 1191 2091 1190
f 427 1192 2091
f 426 1190 2091
f 176 1194 2092
f 1195 2092 1194
f 177 1193 2092
f 425 1197 2093
f 1198 2093 1197
f 432 1196 2093
f 1200 2094 1199
f 1126 2094 1200
f 343 1199 2094
f 1202 2095 1201
f 259 1203 2095
f 422 1201 2095
f 1204 2096 913
f 1205 2096 1204
f 351 913 2096
f 1207 2097 1206
f 302 915 2097
f 353 1206 2097
f 1208 2098 1169
f 1209 2098 1208
f 282 1169 2098
f 1210 2099 1108
f 417 1211 2099
f 15 1108 2099
f 17 1213 2100
f 1214 2100 1213
f 7 1212 2100
f 8 1216 2101
f 1217 2101 1216
f 202 1215 2101
f 1219 2102 1218
f 84 1220 2102
f 108 1218 2102
f 408 1222 2103
f 1223 2103 1222
f 409 1221 2103
f 411 1224 2104
f 1225 2104 1224
f 410 1124 2104
f 223 1227 2105
f 1225 2105 1227
f 437 1226 2105
f 225 1229 2106
f 1230 2106 1229
f 408 1228 2106
f 412 1232 2107
f 1233 2107 1232
f 413 1231 2107
f 414 1235 2108
f 1236 2108 1235
f 415 1234 2108
f 133 1237 2109
f 1238 2109 1237
f 123 621 2109
f 439 1240 2110
f 1241 2110 1240
f 440 1239 2110
f 1243 2111 1242
f 1244 2111 1243
f 256 1242 2111
f 1245 2112 820
f 276 796 2112
f 279 820 2112
f 1247 2113 1246
f 294 818 2113
f 279 1246 2113
f 320 1249 2114
f 1250 2114 1249
f 321 1248 2114
f 1252 2115 1251
f 85 874 2115
f 331 1251 2115
f 1254 2116 1253
f 85 1255 2116
f 84 1253 2116
f 1256 2117 1218
f 418 1152 2117
f 407 1218 2117
f 123 1257 2118
f 1258 2118 1257
f 606 2118 1258
f 421 1260 2119
f 1261 2119 1260
f 428 1259 2119
f 405 1263 2120
f 1264 2120 1263
f 411 1262 2120
f 1265 2121 1244
f 266 1266 2121
f 1244 2121 1266
f 1268 2122 1267
f 276 946 2122
f 266 1267 2122
f 147 1270 2123
f 1271 2123 1270
f 133 1269 2123
f 1272 2124 1236
f 1273 2124 1272
f 415 1236 2124
f 1275 2125 1274
f 434 1276 2125
f 401 1274 2125
f 1277 2126 1214
f 8 477 2126
f 1214 2126 477
f 304 1279 2127
f 923 2127 1279
f 360 1278 2127
f 1280 2128 553
f 108 1220 2128
f 84 553 2128
f 435 1282 2129
f 1283 2129 1282
f 436 1281 2129
f 247 1285 2130
f 1286 2130 1285
f 437 1284 2130
f 437 1287 2131
f 1241 2131 1287
f 223 1226 2131
f 443 1289 2132
f 1290 2132 1289
f 439 1288 2132
f 1292 2133 1291
f 75 1293 2133
f 446 1291 2133
f 1295 2134 1294
f 446 1296 2134
f 31 1294 2134
f 1297 2135 495
f 19 926 2135
f 29 495 2135
f 1298 2136 489
f 194 1040 2136
f 18 489 2136
f 447 1300 2137
f 1301 2137 1300
f 208 1299 2137
f 398 1303 2138
f 1304 2138 1303
f 399 1302 2138
f 347 1306 2139
f 1304 2139 1306
f 448 1305 2139
f 274 1308 2140
f 1309 2140 1308
f 288 1307 2140
f 288 1310 2141
f 1311 2141 1310
f 292 816 2141
f 164 1312 2142
f 1313 2142 1312
f 161 655 2142
f 1315 2143 1314
f 149 1316 2143
f 148 1314 2143
f 134 1317 2144
f 1314 2144 1317
f 148 967 2144
f 124 1319 2145
f 1320 2145 1319
f 134 1318 2145
f 121 1322 2146
f 1323 2146 1322
f 118 1321 2146
f 1325 2147 1324
f 109 1326 2147
f 104 1324 2147
f 1328 2148 1327
f 75 1329 2148
f 74 1327 2148
f 525 2149 1330
f 60 1331 2149
f 1330 2149 1331
f 47 1333 2150
f 46 1334 2150
f 1332 2150 1334
f 1336 2151 1335
f 28 497 2151
f 31 1335 2151
f 1338 2152 1337
f 20 1339 2152
f 28 1337 2152
f 6 1340 2153
f 1341 2153 1340
f 16 484 2153
f 1343 2154 1342
f 6 1344 2154
f 5 1342 2154
f 201 1345 2155
f 1342 2155 1345
f 697 2155 1342
f 211 1346 2156
f 1347 2156 1346
f 208 705 2156
f 208 1348 2157
f 1349 2157 1348
f 447 1299 2157
f 440 1350 2158
f 1349 2158 1350
f 439 1239 2158
f 448 1351 2159
f 1352 2159 1351
f 347 1305 2159
f 347 1353 2160
f 749 2160 1353
f 243 907 2160
f 1354 2161 1198
f 1355 2161 1354
f 432 1198 2161
f 1357 2162 1356
f 430 1358 2162
f 429 1356 2162
f 322 1359 2163
f 1360 2163 1359
f 319 843 2163
f 174 1361 2164
f 1362 2164 1361
f 175 667 2164
f 856 2165 712
f 218 1007 2165
f 207 712 2165
f 180 1363 2166
f 1364 2166 1363
f 181 672 2166
f 1366 2167 1365
f 180 1367 2167
f 189 1365 2167
f 1369 2168 1368
f 324 1370 2168
f 323 1368 2168
f 1372 2169 1371
f 359 1373 2169
f 450 1371 2169
f 1375 2170 1374
f 295 1376 2170
f 1374 2170 1376
f 169 1378 2171
f 154 1379 2171
f 1377 2171 1379
f 1381 2172 1380
f 451 1382 2172
f 168 1380 2172
f 69 1384 2173
f 1385 2173 1384
f 68 1383 2173
f 41 1387 2174
f 1388 2174 1387
f 42 1386 2174
f 375 1390 2175
f 332 877 2175
f 1389 2175 877
f 1389 2176 979
f 13 1146 2176
f 40 979 2176
f 1391 2177 910
f 298 1392 2177
f 348 910 2177
f 360 1393 2178
f 1374 2178 1393
f 304 1278 2178
f 1377 2179 1394
f 151 1395 2179
f 451 1394 2179
f 1397 2180 1396
f 150 1398 2180
f 453 1396 2180
f 455 1400 2181
f 1401 2181 1400
f 312 1399 2181
f 350 1403 2182
f 1404 2182 1403
f 456 1402 2182
f 456 1405 2183
f 1174 2183 1405
f 350 1402 2183
f 457 1407 2184
f 1408 2184 1407
f 352 1406 2184
f 361 1409 2185
f 1410 2185 1409
f 921 2185 1410
f 1411 2186 1180
f 453 1412 2186
f 426 1180 2186
f 1413 2187 1190
f 459 1414 2187
f 429 1190 2187
f 1415 2188 1356
f 460 1416 2188
f 163 1356 2188
f 164 1418 2189
f 1419 2189 1418
f 461 1417 2189
f 462 1421 2190
f 1362 2190 1421
f 371 1420 2190
f 1423 2191 1422
f 175 1424 2191
f 463 1422 2191
f 1426 2192 1425
f 372 1427 2192
f 173 1425 2192
f 1428 2193 569
f 90 1429 2193
f 97 569 2193
f 1431 2194 1430
f 428 1432 2194
f 459 1430 2194
f 1433 2195 1261
f 459 1432 2195
f 428 1261 2195
f 146 1435 2196
f 1419 2196 1435
f 460 1434 2196
f 461 1437 2197
f 149 1438 2197
f 1436 2197 1438
f 1440 2198 1439
f 449 1441 2198
f 370 1439 2198
f 1442 2199 1176
f 455 1399 2199
f 1176 2199 1399
f 1444 2200 1443
f 465 1445 2200
f 424 1443 2200
f 1446 2201 845
f 466 1447 2201
f 322 845 2201
f 461 1448 2202
f 1449 2202 1448
f 164 1417 2202
f 159 1451 2203
f 1452 2203 1451
f 144 1450 2203
f 159 1450 2204
f 144 1060 2204
f 1453 2204 1060
f 1455 2205 1454
f 469 1456 2205
f 468 1454 2205
f 1458 2206 1457
f 49 513 2206
f 48 1457 2206
f 66 1460 2207
f 1461 2207 1460
f 52 1459 2207
f 67 1463 2208
f 1464 2208 1463
f 51 1462 2208
f 414 1466 2209
f 1454 2209 1466
f 468 1465 2209
f 454 1468 2210
f 1404 2210 1468
f 452 1467 2210
f 1470 2211 1469
f 456 1471 2211
f 455 1469 2211
f 1473 2212 1472
f 466 1474 2212
f 1472 2212 1474
f 1475 2213 1410
f 467 1476 2213
f 1410 2213 1476
f 1478 2214 1477
f 450 1373 2214
f 359 1477 2214
f 1480 2215 1479
f 360 1481 2215
f 359 1479 2215
f 1482 2216 1457
f 414 1465 2216
f 468 1457 2216
f 1483 2217 527
f 47 1484 2217
f 527 2217 1484
f 60 1484 2218
f 47 1332 2218
f 1485 2218 1332
f 1485 2219 1331
f 446 1293 2219
f 75 1331 2219
f 40 1487 2220
f 1488 2220 1487
f 35 1486 2220
f 412 1490 2221
f 1491 2221 1490
f 1489 2221 1491
f 33 1493 2222
f 1494 2222 1493
f 1492 2222 1494
f 33 1492 2223
f 374 974 2223
f 500 2223 974
f 1495 2224 499
f 438 1496 2224
f 33 499 2224
f 1497 2225 694
f 337 1498 2225
f 198 694 2225
f 199 1500 2226
f 888 2226 1500
f 339 1499 2226
f 402 1502 2227
f 1123 2227 1502
f 409 1501 2227
f 409 1503 2228
f 1217 2228 1503
f 402 1501 2228
f 1504 2229 1283
f 202 1505 2229
f 436 1283 2229
f 1507 2230 1506
f 211 1508 2230
f 204 1506 2230
f 195 1510 2231
f 707 2231 1510
f 210 1509 2231
f 210 1511 2232
f 1512 2232 1511
f 195 1509 2232
f 1513 2233 658
f 173 1514 2233
f 166 658 2233
f 1516 2234 1515
f 462 1517 2234
f 165 1515 2234
f 427 1519 2235
f 1422 2235 1519
f 463 1518 2235
f 1521 2236 1520
f 464 1522 2236
f 430 1520 2236
f 1524 2237 1523
f 470 1525 2237
f 162 1523 2237
f 161 1527 2238
f 1528 2238 1527
f 471 1526 2238
f 1529 2239 670
f 160 675 2239
f 178 670 2239
f 178 1531 2240
f 1532 2240 1531
f 1530 2240 1532
f 1533 2241 1250
f 467 1534 2241
f 321 1250 2241
f 1535 2242 1371
f 323 1536 2242
f 315 1371 2242
f 315 1536 2243
f 323 1537 2243
f 837 2243 1537
f 1538 2244 839
f 355 1539 2244
f 315 839 2244
f 315 1539 2245
f 355 1479 2245
f 1372 2245 1479
f 1541 2246 1540
f 196 1542 2246
f 213 1540 2246
f 1543 2247 703
f 1070 2247 1543
f 206 703 2247
f 206 1544 2248
f 215 713 2248
f 704 2248 713
f 1545 2249 1388
f 54 1546 2249
f 42 1388 2249
f 1547 2250 503
f 53 1548 2250
f 503 2250 1548
f 1550 2251 1549
f 413 1551 2251
f 469 1549 2251
f 1552 2252 1233
f 469 1551 2252
f 413 1233 2252
f 1553 2253 1495
f 49 1554 2253
f 438 1495 2253
f 46 1556 2254
f 32 1335 2254
f 1555 2254 1335
f 1555 2255 1334
f 31 1296 2255
f 446 1334 2255
f 464 1558 2256
f 1559 2256 1558
f 176 1557 2256
f 1561 2257 1560
f 471 1562 2257
f 449 1560 2257
f 1563 2258 1363
f 370 1441 2258
f 449 1363 2258
f 449 1562 2259
f 471 1528 2259
f 1364 2259 1528
f 1565 2260 1564
f 90 558 2260
f 89 1564 2260
f 1567 2261 1566
f 1568 2261 1567
f 330 1566 2261
f 1570 2262 1569
f 364 1571 2262
f 331 1569 2262
f 1572 2263 1251
f 363 1573 2263
f 83 1251 2263
f 1574 2264 1327
f 83 1573 2264
f 363 1327 2264
f 1575 2265 549
f 76 1576 2265
f 81 549 2265
f 346 1578 2266
f 731 2266 1578
f 231 1577 2266
f 227 1579 2267
f 362 1580 2267
f 728 2267 1580
f 935 2268 1580
f 229 729 2268
f 228 1580 2268
f 1581 2269 680
f 309 1582 2269
f 187 680 2269
f 186 1584 2270
f 1585 2270 1584
f 311 1583 2270
f 425 1587 2271
f 1360 2271 1587
f 423 1586 2271
f 320 1589 2272
f 1355 2272 1589
f 368 1588 2272
f 441 1591 2273
f 959 2273 1591
f 367 1590 2273
f 1593 2274 1592
f 189 1594 2274
f 324 1592 2274
f 324 1594 2275
f 189 681 2275
f 848 2275 681
f 1595 2276 473
f 2 1596 2276
f 473 2276 1596
f 5 1344 2277
f 486 2277 1344
f 476 2277 486
f 9 1597 2278
f 10 1598 2278
f 479 2278 1598
f 1147 2279 482
f 14 1106 2279
f 482 2279 1106
f 1599 2280 485
f 17 1212 2280
f 7 485 2280
f 1600 2281 488
f 1601 2281 1600
f 21 488 2281
f 4 881 2282
f 22 1602 2282
f 490 2282 1602
f 25 1603 2283
f 26 927 2283
f 493 2283 927
f 29 1604 2284
f 30 1294 2284
f 496 2284 1294
f 1488 2285 502
f 36 1132 2285
f 37 502 2285
f 977 2286 505
f 40 1486 2286
f 35 505 2286
f 44 1605 2287
f 45 880 2287
f 510 2287 880
f 46 1333 2288
f 47 1606 2288
f 512 2288 1606
f 50 1607 2289
f 51 1464 2289
f 515 2289 1464
f 53 516 2290
f 52 1461 2290
f 518 2290 1461
f 44 1046 2291
f 57 1608 2291
f 523 2291 1608
f 936 2292 526
f 62 1609 2292
f 63 526 2292
f 939 2293 529
f 1610 2293 939
f 66 529 2293
f 987 2294 533
f 71 543 2294
f 533 2294 543
f 534 2295 536
f 72 544 2295
f 536 2295 544
f 74 1329 2296
f 75 1611 2296
f 539 2296 1611
f 72 542 2297
f 77 1612 2297
f 545 2297 1612
f 80 548 2298
f 79 1613 2298
f 551 2298 1613
f 84 1255 2299
f 85 1614 2299
f 554 2299 1614
f 87 1615 2300
f 88 942 2300
f 557 2300 942
f 1616 2301 559
f 92 584 2301
f 559 2301 584
f 94 1617 2302
f 78 1612 2302
f 562 2302 1612
f 96 568 2303
f 79 547 2303
f 564 2303 547
f 86 555 2304
f 82 1613 2304
f 567 2304 1613
f 97 1618 2305
f 98 1619 2305
f 570 2305 1619
f 96 578 2306
f 103 1324 2306
f 575 2306 1324
f 95 1620 2307
f 105 597 2307
f 577 2307 597
f 1053 2308 580
f 1620 2308 1053
f 95 580 2308
f 104 1326 2309
f 1621 2309 1326
f 586 2309 1621
f 111 1622 2310
f 112 1623 2310
f 589 2310 1623
f 115 596 2311
f 107 582 2311
f 592 2311 582
f 116 1624 2312
f 106 1625 2312
f 595 2312 1625
f 105 1055 2313
f 117 1626 2313
f 598 2313 1626
f 120 1627 2314
f 116 594 2314
f 601 2314 594
f 121 1321 2315
f 118 1626 2315
f 604 2315 1626
f 1621 2316 607
f 1628 2316 1621
f 124 607 2316
f 1623 2317 610
f 112 1155 2317
f 125 610 2317
f 1037 2318 613
f 113 609 2318
f 126 613 2318
f 130 1629 2319
f 120 600 2319
f 616 2319 600
f 132 1630 2320
f 121 603 2320
f 619 2320 603
f 608 2321 622
f 124 1318 2321
f 134 622 2321
f 1631 2322 625
f 136 973 2322
f 126 625 2322
f 861 2323 627
f 129 617 2323
f 119 627 2323
f 1632 2324 630
f 1633 2324 1632
f 131 630 2324
f 618 2325 633
f 131 1633 2325
f 139 633 2325
f 1634 2326 636
f 143 1062 2326
f 138 636 2326
f 139 1635 2327
f 144 1452 2327
f 638 2327 1452
f 965 2328 641
f 148 1316 2328
f 149 641 2328
f 1636 2329 644
f 646 2329 1636
f 152 644 2329
f 1379 2330 647
f 154 1637 2330
f 155 647 2330
f 1638 2331 650
f 142 635 2331
f 141 650 2331
f 1639 2332 653
f 159 1063 2332
f 160 653 2332
f 1523 2333 656
f 162 1640 2333
f 163 656 2333
f 166 1641 2334
f 167 1380 2334
f 659 2334 1380
f 666 2335 662
f 142 1638 2335
f 156 662 2335
f 1642 2336 665
f 143 1634 2336
f 665 2336 1634
f 1643 2337 668
f 176 1193 2337
f 177 668 2337
f 178 1530 2338
f 179 1644 2338
f 671 2338 1644
f 1645 2339 676
f 182 687 2339
f 676 2339 687
f 1646 2340 679
f 185 1179 2340
f 186 679 2340
f 189 1367 2341
f 180 1644 2341
f 682 2341 1644
f 190 1069 2342
f 191 1647 2342
f 685 2342 1647
f 1001 2343 688
f 193 862 2343
f 688 2343 862
f 1512 2344 690
f 196 1648 2344
f 2 690 2344
f 478 2345 693
f 12 1649 2345
f 197 693 2345
f 1650 2346 695
f 199 1109 2346
f 200 695 2346
f 475 2347 698
f 8 1215 2347
f 202 698 2347
f 1651 2348 700
f 1652 2348 1651
f 204 700 2348
f 1301 2349 706
f 209 1653 2349
f 210 706 2349
f 1654 2350 709
f 210 1653 2350
f 209 709 2350
f 1655 2351 715
f 217 857 2351
f 214 715 2351
f 858 2352 718
f 217 720 2352
f 718 2352 720
f 1655 2353 721
f 216 1076 2353
f 721 2353 1076
f 1656 2354 724
f 223 1657 2354
f 224 724 2354
f 930 2355 730
f 230 1658 2355
f 231 730 2355
f 719 2356 733
f 219 735 2356
f 232 733 2356
f 722 2357 736
f 221 1659 2357
f 234 736 2357
f 764 2358 739
f 237 1011 2358
f 739 2358 1011
f 1660 2359 742
f 240 1661 2359
f 241 742 2359
f 1662 2360 745
f 241 1661 2360
f 240 745 2360
f 753 2361 748
f 242 744 2361
f 243 748 2361
f 1663 2362 751
f 245 747 2362
f 244 751 2362
f 245 765 2363
f 250 1664 2363
f 754 2363 1664
f 1662 2364 757
f 242 755 2364
f 251 757 2364
f 776 2365 760
f 254 762 2365
f 760 2365 762
f 773 2366 763
f 255 1665 2366
f 763 2366 1665
f 1663 2367 766
f 246 1242 2367
f 256 766 2367
f 1666 2368 769
f 259 1114 2368
f 769 2368 1114
f 1667 2369 775
f 261 771 2369
f 254 775 2369
f 1668 2370 778
f 264 1084 2370
f 252 778 2370
f 1664 2371 779
f 250 782 2371
f 265 779 2371
f 256 1266 2372
f 266 1669 2372
f 781 2372 1669
f 1670 2373 784
f 268 1165 2373
f 258 784 2373
f 810 2374 787
f 271 1671 2374
f 787 2374 1671
f 1667 2375 788
f 262 1672 2375
f 272 788 2375
f 273 1089 2376
f 264 1668 2376
f 791 2376 1668
f 265 1673 2377
f 275 1674 2377
f 793 2377 1674
f 277 1171 2378
f 278 1246 2378
f 795 2378 1246
f 281 1675 2379
f 282 1182 2379
f 798 2379 1182
f 284 1676 2380
f 285 1677 2380
f 801 2380 1677
f 1087 2381 803
f 805 2381 1087
f 286 803 2381
f 790 2382 806
f 1307 2382 790
f 288 806 2382
f 1103 2383 814
f 290 811 2383
f 289 814 2383
f 953 2384 817
f 293 1091 2384
f 286 817 2384
f 1678 2385 819
f 1679 2385 1678
f 296 819 2385
f 297 1680 2386
f 298 1391 2386
f 822 2386 1391
f 301 1681 2387
f 302 1682 2387
f 825 2387 1682
f 304 1376 2388
f 1678 2388 1376
f 828 2388 1678
f 290 1105 2389
f 305 833 2389
f 829 2389 833
f 852 2390 832
f 308 1024 2390
f 832 2390 1024
f 1401 2391 835
f 310 1683 2391
f 309 835 2391
f 1100 2392 841
f 317 1684 2392
f 318 841 2392
f 1685 2393 844
f 320 1248 2393
f 321 844 2393
f 1537 2394 847
f 323 1370 2394
f 324 847 2394
f 192 864 2395
f 316 842 2395
f 849 2395 842
f 474 2396 854
f 3 1543 2396
f 854 2396 1543
f 1686 2397 863
f 308 851 2397
f 863 2397 851
f 101 868 2398
f 98 1142 2398
f 865 2398 1142
f 100 1687 2399
f 99 1619 2399
f 867 2399 1619
f 97 1429 2400
f 90 1688 2400
f 870 2400 1688
f 329 1141 2401
f 330 1569 2401
f 873 2401 1569
f 1598 2402 876
f 10 481 2402
f 13 876 2402
f 1101 2403 879
f 26 1603 2403
f 25 879 2403
f 1689 2404 884
f 336 886 2404
f 337 884 2404
f 1690 2405 887
f 338 1121 2405
f 339 887 2405
f 900 2406 890
f 341 1691 2406
f 342 890 2406
f 1660 2407 893
f 239 1097 2407
f 234 893 2407
f 905 2408 896
f 342 1691 2408
f 341 896 2408
f 727 2409 899
f 226 901 2409
f 341 899 2409
f 1692 2410 902
f 346 1693 2410
f 345 902 2410
f 1694 2411 904
f 257 1150 2411
f 342 904 2411
f 1694 2412 906
f 248 1695 2412
f 269 906 2412
f 746 2413 908
f 240 892 2413
f 344 908 2413
f 348 1696 2414
f 349 1697 2414
f 911 2414 1697
f 1172 2415 914
f 352 1408 2415
f 914 2415 1408
f 354 1698 2416
f 355 1538 2416
f 917 2416 1538
f 317 1699 2417
f 357 1700 2417
f 920 2417 1700
f 1477 2418 922
f 359 1481 2418
f 360 922 2418
f 23 1701 2419
f 333 1702 2419
f 925 2419 1702
f 229 1703 2420
f 336 1689 2420
f 931 2420 1689
f 1690 2421 934
f 336 1703 2421
f 229 934 2421
f 61 1704 2422
f 363 1705 2422
f 937 2422 1705
f 1138 2423 940
f 365 1564 2423
f 940 2423 1564
f 88 1706 2424
f 68 1385 2424
f 943 2424 1385
f 275 1673 2425
f 265 1669 2425
f 945 2425 1669
f 283 1184 2426
f 268 1670 2426
f 947 2426 1670
f 1677 2427 950
f 285 1707 2427
f 297 950 2427
f 366 1708 2428
f 281 797 2428
f 952 2428 797
f 292 1709 2429
f 354 916 2429
f 954 2429 916
f 293 955 2430
f 356 1700 2430
f 957 2430 1700
f 368 1710 2431
f 369 1439 2431
f 960 2431 1439
f 1646 2432 963
f 184 1711 2432
f 372 963 2432
f 147 1269 2433
f 133 623 2433
f 966 2433 623
f 1631 2434 969
f 135 1160 2434
f 969 2434 1160
f 155 1712 2435
f 373 971 2435
f 970 2435 971
f 373 1713 2436
f 128 614 2436
f 972 2436 614
f 374 1714 2437
f 17 1599 2437
f 975 2437 1599
f 377 1715 2438
f 24 494 2438
f 982 2438 494
f 1715 2439 984
f 377 1716 2439
f 984 2439 1716
f 1717 2440 986
f 379 1718 2440
f 986 2440 1718
f 1616 2441 989
f 71 1718 2441
f 989 2441 1718
f 92 988 2442
f 380 1719 2442
f 991 2442 1719
f 1720 2443 994
f 137 626 2443
f 994 2443 626
f 1720 2444 995
f 382 1721 2444
f 995 2444 1721
f 384 1030 2445
f 171 663 2445
f 998 2445 663
f 1722 2446 1000
f 386 1033 2446
f 193 1000 2446
f 388 1025 2447
f 205 702 2447
f 1003 2447 702
f 1723 2448 1006
f 387 1004 2448
f 207 1006 2448
f 389 1005 2449
f 218 717 2449
f 1009 2449 717
f 237 1014 2450
f 391 1724 2450
f 1012 2450 1724
f 1665 2451 1015
f 255 1017 2451
f 1015 2451 1017
f 1671 2452 1018
f 271 1725 2452
f 394 1018 2452
f 1726 2453 1021
f 394 1725 2453
f 271 1021 2453
f 1727 2454 1023
f 395 1020 2454
f 306 1023 2454
f 1728 2455 1026
f 397 1034 2455
f 325 1026 2455
f 1013 2456 1027
f 392 1729 2456
f 1027 2456 1729
f 385 999 2457
f 1645 2457 999
f 1029 2457 1645
f 396 1022 2458
f 308 1686 2458
f 1032 2458 1686
f 1730 2459 1035
f 376 983 2459
f 1035 2459 983
f 2 1595 2460
f 1 1731 2460
f 1039 2460 1731
f 19 487 2461
f 18 1731 2461
f 1041 2461 1731
f 45 1605 2462
f 44 522 2462
f 1043 2462 522
f 43 521 2463
f 56 535 2463
f 1045 2463 535
f 540 2464 1048
f 58 1608 2464
f 1048 2464 1608
f 1576 2465 1050
f 76 1047 2465
f 1050 2465 1047
f 78 1617 2466
f 94 581 2466
f 1051 2466 581
f 1625 2467 1052
f 579 2467 1625
f 94 1052 2467
f 106 1624 2468
f 116 1732 2468
f 1054 2468 1732
f 1732 2469 1056
f 116 1627 2469
f 120 1056 2469
f 120 1629 2470
f 130 631 2470
f 1058 2470 631
f 615 2471 1059
f 129 860 2471
f 141 1059 2471
f 144 1635 2472
f 1632 2472 1635
f 1061 2472 1632
f 1453 2473 1064
f 143 1642 2473
f 172 1064 2473
f 677 2474 1065
f 183 1647 2474
f 1065 2474 1647
f 188 683 2475
f 179 1532 2475
f 1068 2475 1532
f 1596 2476 1071
f 2 1648 2476
f 196 1071 2476
f 1540 2477 1073
f 213 708 2477
f 212 1073 2477
f 1733 2478 1075
f 216 714 2478
f 212 1075 2478
f 1733 2479 1077
f 398 1302 2479
f 1077 2479 1302
f 894 2480 1080
f 234 1659 2480
f 221 1080 2480
f 761 2481 1081
f 236 738 2481
f 235 1081 2481
f 1086 2482 1083
f 253 759 2482
f 1083 2482 759
f 1734 2483 1085
f 262 774 2483
f 253 1085 2483
f 272 1672 2484
f 262 1734 2484
f 1088 2484 1734
f 815 2485 1090
f 289 808 2485
f 270 1090 2485
f 956 2486 1092
f 813 2486 956
f 287 1092 2486
f 318 1684 2487
f 317 919 2487
f 1094 2487 919
f 1093 2488 1095
f 846 2488 1093
f 188 1095 2488
f 30 1604 2489
f 29 1702 2489
f 1096 2489 1702
f 1082 2490 1098
f 235 859 2490
f 232 1098 2490
f 1735 2491 1099
f 357 1699 2491
f 317 1099 2491
f 333 1701 2492
f 23 1602 2492
f 1102 2492 1602
f 291 958 2493
f 357 1735 2493
f 1104 2493 1735
f 14 1736 2494
f 400 1737 2494
f 1107 2494 1737
f 1738 2495 1110
f 402 1739 2495
f 403 1110 2495
f 1740 2496 1112
f 362 1579 2496
f 1112 2496 1579
f 259 1741 2497
f 404 1742 2497
f 1115 2497 1742
f 351 1205 2498
f 366 951 2498
f 1118 2498 951
f 1743 2499 1120
f 407 1154 2499
f 1120 2499 1154
f 1131 2500 1122
f 408 1221 2500
f 1122 2500 1221
f 1129 2501 1125
f 340 889 2501
f 1125 2501 889
f 1113 2502 1128
f 227 898 2502
f 1128 2502 898
f 1740 2503 1130
f 225 1228 2503
f 1130 2503 1228
f 1744 2504 1133
f 412 1231 2504
f 413 1133 2504
f 1745 2505 1135
f 414 1234 2505
f 415 1135 2505
f 1273 2506 1137
f 416 1746 2506
f 1137 2506 1746
f 327 871 2507
f 328 1566 2507
f 1140 2507 1566
f 1618 2508 1143
f 97 869 2508
f 1143 2508 869
f 15 1211 2509
f 417 1747 2509
f 1145 2509 1747
f 10 1597 2510
f 696 2510 1597
f 1148 2510 696
f 770 2511 1151
f 260 1199 2511
f 343 1151 2511
f 1748 2512 1153
f 112 1622 2512
f 111 1153 2512
f 1748 2513 1156
f 418 1749 2513
f 419 1156 2513
f 1157 2514 1158
f 419 1750 2514
f 420 1158 2514
f 1159 2515 1161
f 420 1751 2515
f 1161 2515 1751
f 422 1203 2516
f 259 1666 2516
f 1164 2516 1666
f 281 1708 2517
f 366 1752 2517
f 1167 2517 1752
f 1675 2518 1170
f 281 1166 2518
f 1170 2518 1166
f 1117 2519 1173
f 912 2519 1117
f 350 1173 2519
f 1585 2520 1175
f 423 1753 2520
f 424 1175 2520
f 1754 2521 1178
f 425 1755 2521
f 1178 2521 1755
f 426 1192 2522
f 427 1515 2522
f 1181 2522 1515
f 1209 2523 1183
f 422 1163 2523
f 1183 2523 1163
f 1162 2524 1185
f 421 1259 2524
f 428 1185 2524
f 1756 2525 1187
f 400 1736 2525
f 1187 2525 1736
f 1144 2526 1188
f 327 1139 2526
f 1188 2526 1139
f 429 1358 2527
f 430 1757 2527
f 1191 2527 1757
f 1559 2528 1194
f 431 1758 2528
f 369 1194 2528
f 1754 2529 1197
f 174 669 2529
f 177 1197 2529
f 1116 2530 1200
f 405 1262 2530
f 1200 2530 1262
f 433 1759 2531
f 1741 2531 1759
f 1202 2531 1741
f 302 1681 2532
f 301 1752 2532
f 1204 2532 1752
f 361 1760 2533
f 303 1682 2533
f 1207 2533 1682
f 1761 2534 1208
f 433 1201 2534
f 1208 2534 1201
f 401 1276 2535
f 434 1491 2535
f 1210 2535 1491
f 1274 2536 1213
f 401 1737 2536
f 1213 2536 1737
f 1762 2537 1216
f 403 1739 2537
f 402 1216 2537
f 407 1743 2538
f 406 1253 2538
f 1219 2538 1253
f 1230 2539 1222
f 435 1281 2539
f 436 1222 2539
f 1264 2540 1224
f 247 1284 2540
f 437 1224 2540
f 1656 2541 1227
f 222 1127 2541
f 410 1227 2541
f 725 2542 1229
f 224 1763 2542
f 435 1229 2542
f 1764 2543 1232
f 33 1496 2543
f 438 1232 2543
f 1765 2544 1235
f 1609 2544 1765
f 62 1235 2544
f 1271 2545 1237
f 420 1750 2545
f 419 1237 2545
f 1290 2546 1240
f 224 1657 2546
f 223 1240 2546
f 1766 2547 1243
f 405 1742 2547
f 1243 2547 1742
f 296 1767 2548
f 275 944 2548
f 1245 2548 944
f 278 1168 2549
f 301 824 2549
f 1247 2549 824
f 1768 2550 1249
f 441 1769 2550
f 442 1249 2550
f 83 552 2551
f 82 1614 2551
f 1252 2551 1614
f 1189 2552 1254
f 329 872 2552
f 1254 2552 872
f 108 587 2553
f 110 1258 2553
f 1256 2553 1258
f 1238 2554 1257
f 419 1749 2554
f 418 1257 2554
f 1770 2555 1260
f 147 640 2555
f 146 1260 2555
f 1766 2556 1263
f 246 750 2556
f 247 1263 2556
f 404 1759 2557
f 433 1267 2557
f 1265 2557 1267
f 433 1761 2558
f 277 794 2558
f 1268 2558 794
f 1770 2559 1270
f 421 1751 2559
f 420 1270 2559
f 62 938 2560
f 364 1771 2560
f 1272 2560 1771
f 17 1714 2561
f 1494 2561 1714
f 1275 2561 1494
f 400 1756 2562
f 403 1762 2562
f 1277 2562 1762
f 827 2563 1279
f 303 1760 2563
f 361 1279 2563
f 86 576 2564
f 104 585 2564
f 1280 2564 585
f 1772 2565 1282
f 443 1773 2565
f 444 1282 2565
f 752 2566 1285
f 244 1774 2566
f 445 1285 2566
f 1286 2567 1287
f 445 1775 2567
f 440 1287 2567
f 1772 2568 1289
f 435 1763 2568
f 224 1289 2568
f 59 524 2569
f 58 1611 2569
f 1292 2569 1611
f 30 1044 2570
f 59 1291 2570
f 1295 2570 1291
f 28 1339 2571
f 1600 2571 1339
f 1297 2571 1600
f 21 1776 2572
f 1651 2572 1776
f 1298 2572 1651
f 1777 2573 1300
f 398 1074 2573
f 209 1300 2573
f 1777 2574 1303
f 447 1778 2574
f 448 1303 2574
f 909 2575 1306
f 344 1079 2575
f 399 1306 2575
f 1674 2576 1308
f 275 1767 2576
f 296 1308 2576
f 1309 2577 1310
f 296 1679 2577
f 295 1310 2577
f 1449 2578 1312
f 158 652 2578
f 157 1312 2578
f 140 639 2579
f 145 1438 2579
f 1315 2579 1438
f 1320 2580 1317
f 132 632 2580
f 140 1317 2580
f 1779 2581 1319
f 121 1630 2581
f 132 1319 2581
f 1779 2582 1322
f 124 1628 2582
f 109 1322 2582
f 103 599 2583
f 118 1323 2583
f 1325 2583 1323
f 363 1704 2584
f 61 1330 2584
f 1328 2584 1330
f 32 498 2585
f 34 1337 2585
f 1336 2585 1337
f 34 976 2586
f 1341 2586 976
f 1338 2586 1341
f 1780 2587 1340
f 21 1601 2587
f 20 1340 2587
f 203 1776 2588
f 21 1780 2588
f 1343 2588 1780
f 1506 2589 1345
f 204 1652 2589
f 203 1345 2589
f 1781 2590 1346
f 444 1773 2590
f 443 1346 2590
f 1347 2591 1348
f 443 1288 2591
f 439 1348 2591
f 1782 2592 1350
f 448 1778 2592
f 447 1350 2592
f 1782 2593 1351
f 440 1775 2593
f 445 1351 2593
f 1352 2594 1353
f 445 1774 2594
f 244 1353 2594
f 1195 2595 1354
f 369 1710 2595
f 1354 2595 1710
f 163 1640 2596
f 162 1520 2596
f 1357 2596 1520
f 1443 2597 1359
f 424 1753 2597
f 423 1359 2597
f 1177 2598 1361
f 962 2598 1177
f 371 1361 2598
f 367 961 2599
f 370 1563 2599
f 1366 2599 1563
f 442 1769 2600
f 441 1592 2600
f 1369 2600 1592
f 354 1709 2601
f 292 1311 2601
f 1375 2601 1311
f 167 1783 2602
f 169 1394 2602
f 1381 2602 1394
f 1784 2603 1384
f 66 1610 2603
f 65 1384 2603
f 506 2604 1387
f 35 501 2604
f 38 1387 2604
f 1480 2605 1393
f 355 1698 2605
f 354 1393 2605
f 451 1395 2606
f 1636 2606 1395
f 1397 2606 1636
f 1785 2607 1400
f 454 1786 2607
f 310 1400 2607
f 1697 2608 1403
f 349 1787 2608
f 452 1403 2608
f 1788 2609 1405
f 457 1406 2609
f 352 1405 2609
f 1472 2610 1407
f 458 1789 2610
f 353 1407 2610
f 1206 2611 1409
f 353 1789 2611
f 458 1409 2611
f 168 1382 2612
f 451 1396 2612
f 1411 2612 1396
f 426 1412 2613
f 453 1430 2613
f 1413 2613 1430
f 429 1414 2614
f 459 1790 2614
f 1415 2614 1790
f 657 2615 1418
f 163 1416 2615
f 460 1418 2615
f 1791 2616 1421
f 463 1424 2616
f 175 1421 2616
f 464 1557 2617
f 176 1643 2617
f 1423 2617 1643
f 462 1420 2618
f 371 964 2618
f 1426 2618 964
f 91 1792 2619
f 87 556 2619
f 1428 2619 556
f 453 1398 2620
f 150 1186 2620
f 1431 2620 1186
f 146 1434 2621
f 460 1790 2621
f 1433 2621 1790
f 642 2622 1435
f 149 1437 2622
f 461 1435 2622
f 369 1758 2623
f 431 1560 2623
f 1440 2623 1560
f 424 1445 2624
f 465 1469 2624
f 1442 2624 1469
f 322 1447 2625
f 466 1793 2625
f 1444 2625 1793
f 321 1534 2626
f 467 1794 2626
f 1446 2626 1794
f 1436 2627 1448
f 145 1795 2627
f 158 1448 2627
f 1639 2628 1451
f 158 1795 2628
f 145 1451 2628
f 51 1607 2629
f 50 1549 2629
f 1455 2629 1549
f 468 1456 2630
f 469 1796 2630
f 1458 2630 1796
f 1784 2631 1460
f 69 1797 2631
f 55 1460 2631
f 530 2632 1463
f 66 1459 2632
f 52 1463 2632
f 1745 2633 1466
f 67 1462 2633
f 51 1466 2633
f 1785 2634 1468
f 455 1471 2634
f 456 1468 2634
f 465 1798 2635
f 457 1788 2635
f 1470 2635 1788
f 457 1798 2636
f 465 1793 2636
f 1473 2636 1793
f 458 1474 2637
f 466 1794 2637
f 1475 2637 1794
f 358 1476 2638
f 467 1799 2638
f 1478 2638 1799
f 48 1800 2639
f 1765 2639 1800
f 1482 2639 1765
f 63 1800 2640
f 48 1606 2640
f 1483 2640 1606
f 1747 2641 1487
f 417 1801 2641
f 36 1487 2641
f 1744 2642 1490
f 36 1801 2642
f 417 1490 2642
f 1764 2643 1493
f 412 1489 2643
f 434 1493 2643
f 197 1802 2644
f 335 885 2644
f 1497 2644 885
f 1650 2645 1500
f 198 1498 2645
f 337 1500 2645
f 1738 2646 1502
f 199 1499 2646
f 339 1502 2646
f 1223 2647 1503
f 436 1505 2647
f 202 1503 2647
f 444 1803 2648
f 699 2648 1803
f 1504 2648 699
f 201 1803 2649
f 1781 2649 1803
f 1507 2649 1781
f 701 2650 1510
f 204 1508 2650
f 211 1510 2650
f 1654 2651 1511
f 213 1542 2651
f 196 1511 2651
f 165 1517 2652
f 462 1425 2652
f 1513 2652 1425
f 427 1518 2653
f 463 1791 2653
f 1516 2653 1791
f 1757 2654 1519
f 430 1522 2654
f 464 1519 2654
f 162 1525 2655
f 1804 2655 1525
f 1521 2655 1804
f 161 1526 2656
f 471 1805 2656
f 1524 2656 1805
f 1313 2657 1527
f 157 1806 2657
f 181 1527 2657
f 181 1806 2658
f 157 654 2658
f 1529 2658 654
f 674 2659 1531
f 1066 2659 674
f 191 1531 2659
f 442 1807 2660
f 450 1799 2660
f 1533 2660 1799
f 450 1807 2661
f 442 1368 2661
f 1535 2661 1368
f 215 1544 2662
f 206 1072 2662
f 1541 2662 1072
f 38 1548 2663
f 53 517 2663
f 1545 2663 517
f 37 1808 2664
f 50 514 2664
f 1547 2664 514
f 50 1808 2665
f 1134 2665 1808
f 1550 2665 1134
f 438 1554 2666
f 49 1796 2666
f 1552 2666 1796
f 32 1556 2667
f 46 511 2667
f 1553 2667 511
f 1804 2668 1558
f 1809 2668 1804
f 431 1558 2668
f 431 1809 2669
f 470 1805 2669
f 1561 2669 1805
f 365 1810 2670
f 328 1688 2670
f 1565 2670 1688
f 328 1810 2671
f 365 1746 2671
f 1567 2671 1746
f 330 1568 2672
f 416 1771 2672
f 1570 2672 1771
f 331 1571 2673
f 364 1705 2673
f 1572 2673 1705
f 74 1811 2674
f 80 550 2674
f 1574 2674 550
f 80 1811 2675
f 74 538 2675
f 1575 2675 538
f 1692 2676 1578
f 226 726 2676
f 228 1578 2676
f 186 1583 2677
f 311 836 2677
f 1581 2677 836
f 1755 2678 1584
f 425 1586 2678
f 423 1584 2678
f 1196 2679 1587
f 432 1812 2679
f 319 1587 2679
f 1685 2680 1589
f 319 1812 2680
f 432 1589 2680
f 1768 2681 1591
f 320 1588 2681
f 368 1591 2681
f 441 1590 2682
f 367 1365 2682
f 1593 2682 1365
